nohup: ignoring input
--- Train Data ---
Shape of X [N, C, H, W]: torch.Size([256, 3, 64, 64])
Shape of y: torch.Size([256]) torch.int64

--- Test Data ---
Shape of X [N, C, H, W]: torch.Size([256, 3, 64, 64])
Shape of y: torch.Size([256]) torch.int64
Using device: cuda
VGGNet_C(
  (features): Sequential(
    (0): Conv2d(3, 64, kernel_size=(3, 3), stride=(1, 1), padding=(1, 1))
    (1): ReLU(inplace=True)
    (2): Conv2d(64, 64, kernel_size=(3, 3), stride=(1, 1), padding=(1, 1))
    (3): ReLU(inplace=True)
    (4): MaxPool2d(kernel_size=2, stride=2, padding=0, dilation=1, ceil_mode=False)
    (5): Conv2d(64, 128, kernel_size=(3, 3), stride=(1, 1), padding=(1, 1))
    (6): ReLU(inplace=True)
    (7): Conv2d(128, 128, kernel_size=(3, 3), stride=(1, 1), padding=(1, 1))
    (8): ReLU(inplace=True)
    (9): MaxPool2d(kernel_size=2, stride=2, padding=0, dilation=1, ceil_mode=False)
    (10): Conv2d(128, 256, kernel_size=(3, 3), stride=(1, 1), padding=(1, 1))
    (11): ReLU(inplace=True)
    (12): Conv2d(256, 256, kernel_size=(3, 3), stride=(1, 1), padding=(1, 1))
    (13): ReLU(inplace=True)
    (14): Conv2d(256, 256, kernel_size=(1, 1), stride=(1, 1))
    (15): ReLU(inplace=True)
    (16): MaxPool2d(kernel_size=2, stride=2, padding=0, dilation=1, ceil_mode=False)
    (17): Conv2d(256, 512, kernel_size=(3, 3), stride=(1, 1), padding=(1, 1))
    (18): ReLU(inplace=True)
    (19): Conv2d(512, 512, kernel_size=(3, 3), stride=(1, 1), padding=(1, 1))
    (20): ReLU(inplace=True)
    (21): Conv2d(512, 512, kernel_size=(1, 1), stride=(1, 1))
    (22): ReLU(inplace=True)
    (23): MaxPool2d(kernel_size=2, stride=2, padding=0, dilation=1, ceil_mode=False)
    (24): Conv2d(512, 512, kernel_size=(3, 3), stride=(1, 1), padding=(1, 1))
    (25): ReLU(inplace=True)
    (26): Conv2d(512, 512, kernel_size=(3, 3), stride=(1, 1), padding=(1, 1))
    (27): ReLU(inplace=True)
    (28): Conv2d(512, 512, kernel_size=(1, 1), stride=(1, 1))
    (29): ReLU(inplace=True)
    (30): MaxPool2d(kernel_size=2, stride=2, padding=0, dilation=1, ceil_mode=False)
  )
  (classifier): Sequential(
    (0): Conv2d(512, 4096, kernel_size=(2, 2), stride=(1, 1))
    (1): ReLU(inplace=True)
    (2): Dropout2d(p=0.5, inplace=False)
    (3): Conv2d(4096, 4096, kernel_size=(1, 1), stride=(1, 1))
    (4): ReLU(inplace=True)
    (5): Dropout2d(p=0.5, inplace=False)
    (6): Conv2d(4096, 200, kernel_size=(1, 1), stride=(1, 1))
  )
)
Epoch 1
-------------------------------
loss: 5.569745  [    0/100000]
loss: 5.294901  [ 2560/100000]
loss: 5.294573  [ 5120/100000]
loss: 5.303914  [ 7680/100000]
loss: 5.294943  [10240/100000]
loss: 5.299725  [12800/100000]
loss: 5.310279  [15360/100000]
loss: 5.297503  [17920/100000]
loss: 5.298885  [20480/100000]
loss: 5.300997  [23040/100000]
loss: 5.293402  [25600/100000]
loss: 5.288648  [28160/100000]
loss: 5.287186  [30720/100000]
loss: 5.279145  [33280/100000]
loss: 5.275933  [35840/100000]
loss: 5.265666  [38400/100000]
loss: 5.312937  [40960/100000]
loss: 5.222505  [43520/100000]
loss: 5.234599  [46080/100000]
loss: 5.226918  [48640/100000]
loss: 5.244760  [51200/100000]
loss: 5.240449  [53760/100000]
loss: 5.252625  [56320/100000]
loss: 5.250422  [58880/100000]
loss: 5.216851  [61440/100000]
loss: 5.237345  [64000/100000]
loss: 5.228730  [66560/100000]
loss: 5.229137  [69120/100000]
loss: 5.206432  [71680/100000]
loss: 5.258780  [74240/100000]
loss: 5.195005  [76800/100000]
loss: 5.204618  [79360/100000]
loss: 5.233017  [81920/100000]
loss: 5.187637  [84480/100000]
loss: 5.193180  [87040/100000]
loss: 5.203774  [89600/100000]
loss: 5.192732  [92160/100000]
loss: 5.222574  [94720/100000]
loss: 5.183242  [97280/100000]
loss: 5.144269  [62400/100000]
Epoch 1 finished in 104.79 seconds

Epoch 2
-------------------------------
loss: 5.160623  [    0/100000]
loss: 5.181476  [ 2560/100000]
loss: 5.220195  [ 5120/100000]
loss: 5.139844  [ 7680/100000]
loss: 5.179215  [10240/100000]
loss: 5.141320  [12800/100000]
loss: 5.182092  [15360/100000]
loss: 5.163793  [17920/100000]
loss: 5.198018  [20480/100000]
loss: 5.204846  [23040/100000]
loss: 5.221550  [25600/100000]
loss: 5.170646  [28160/100000]
loss: 5.152923  [30720/100000]
loss: 5.163488  [33280/100000]
loss: 5.159636  [35840/100000]
loss: 5.114630  [38400/100000]
loss: 5.062333  [40960/100000]
loss: 5.176401  [43520/100000]
loss: 5.227474  [46080/100000]
loss: 5.162212  [48640/100000]
loss: 5.174513  [51200/100000]
loss: 5.176823  [53760/100000]
loss: 5.118363  [56320/100000]
loss: 5.212235  [58880/100000]
loss: 5.127856  [61440/100000]
loss: 5.103983  [64000/100000]
loss: 5.084217  [66560/100000]
loss: 5.132064  [69120/100000]
loss: 5.089091  [71680/100000]
loss: 5.175502  [74240/100000]
loss: 5.088674  [76800/100000]
loss: 5.073709  [79360/100000]
loss: 5.074464  [81920/100000]
loss: 5.125404  [84480/100000]
loss: 5.056885  [87040/100000]
loss: 5.120167  [89600/100000]
loss: 5.018050  [92160/100000]
loss: 5.030522  [94720/100000]
loss: 5.056322  [97280/100000]
loss: 5.058754  [62400/100000]
Epoch 2 finished in 104.87 seconds

Epoch 3
-------------------------------
loss: 5.033637  [    0/100000]
loss: 5.042218  [ 2560/100000]
loss: 5.027051  [ 5120/100000]
loss: 5.018183  [ 7680/100000]
loss: 5.025988  [10240/100000]
loss: 4.990409  [12800/100000]
loss: 5.048914  [15360/100000]
loss: 4.921799  [17920/100000]
loss: 5.099503  [20480/100000]
loss: 4.990800  [23040/100000]
loss: 5.025908  [25600/100000]
loss: 4.928479  [28160/100000]
loss: 4.958560  [30720/100000]
loss: 4.909691  [33280/100000]
loss: 4.937073  [35840/100000]
loss: 5.013703  [38400/100000]
loss: 4.962950  [40960/100000]
loss: 5.015053  [43520/100000]
loss: 4.940928  [46080/100000]
loss: 4.884405  [48640/100000]
loss: 4.942750  [51200/100000]
loss: 4.823430  [53760/100000]
loss: 4.922609  [56320/100000]
loss: 4.790541  [58880/100000]
loss: 4.871525  [61440/100000]
loss: 4.897649  [64000/100000]
loss: 4.983343  [66560/100000]
loss: 4.937561  [69120/100000]
loss: 4.916375  [71680/100000]
loss: 4.792201  [74240/100000]
loss: 4.934534  [76800/100000]
loss: 4.990995  [79360/100000]
loss: 4.849127  [81920/100000]
loss: 4.753439  [84480/100000]
loss: 4.858906  [87040/100000]
loss: 4.928544  [89600/100000]
loss: 4.891921  [92160/100000]
loss: 4.945467  [94720/100000]
loss: 4.828084  [97280/100000]
loss: 5.004299  [62400/100000]
Epoch 3 finished in 104.85 seconds

Epoch 4
-------------------------------
loss: 4.860587  [    0/100000]
loss: 4.893342  [ 2560/100000]
loss: 4.774572  [ 5120/100000]
loss: 4.830253  [ 7680/100000]
loss: 4.692928  [10240/100000]
loss: 4.690144  [12800/100000]
loss: 4.884367  [15360/100000]
loss: 4.912928  [17920/100000]
loss: 4.760649  [20480/100000]
loss: 4.818350  [23040/100000]
loss: 4.776657  [25600/100000]
loss: 4.801761  [28160/100000]
loss: 4.673216  [30720/100000]
loss: 4.791099  [33280/100000]
loss: 4.823340  [35840/100000]
loss: 4.690273  [38400/100000]
loss: 4.722873  [40960/100000]
loss: 4.719275  [43520/100000]
loss: 4.757726  [46080/100000]
loss: 4.744406  [48640/100000]
loss: 4.749670  [51200/100000]
loss: 4.791174  [53760/100000]
loss: 4.757185  [56320/100000]
loss: 4.700638  [58880/100000]
loss: 4.633898  [61440/100000]
loss: 4.703762  [64000/100000]
loss: 4.676778  [66560/100000]
loss: 4.816503  [69120/100000]
loss: 4.749362  [71680/100000]
loss: 4.768024  [74240/100000]
loss: 4.608402  [76800/100000]
loss: 4.720351  [79360/100000]
loss: 4.746459  [81920/100000]
loss: 4.756547  [84480/100000]
loss: 4.758803  [87040/100000]
loss: 4.713902  [89600/100000]
loss: 4.710653  [92160/100000]
loss: 4.730558  [94720/100000]
loss: 4.618412  [97280/100000]
loss: 4.478594  [62400/100000]
Epoch 4 finished in 104.62 seconds

Epoch 5
-------------------------------
loss: 4.683083  [    0/100000]
loss: 4.533901  [ 2560/100000]
loss: 4.563497  [ 5120/100000]
loss: 4.660358  [ 7680/100000]
loss: 4.573786  [10240/100000]
loss: 4.712706  [12800/100000]
loss: 4.743156  [15360/100000]
loss: 4.574200  [17920/100000]
loss: 4.625770  [20480/100000]
loss: 4.725266  [23040/100000]
loss: 4.522695  [25600/100000]
loss: 4.456778  [28160/100000]
loss: 4.555658  [30720/100000]
loss: 4.637053  [33280/100000]
loss: 4.539954  [35840/100000]
loss: 4.528391  [38400/100000]
loss: 4.483924  [40960/100000]
loss: 4.526170  [43520/100000]
loss: 4.498658  [46080/100000]
loss: 4.535288  [48640/100000]
loss: 4.398880  [51200/100000]
loss: 4.374548  [53760/100000]
loss: 4.559642  [56320/100000]
loss: 4.520047  [58880/100000]
loss: 4.592328  [61440/100000]
loss: 4.680155  [64000/100000]
loss: 4.445392  [66560/100000]
loss: 4.404674  [69120/100000]
loss: 4.472438  [71680/100000]
loss: 4.511919  [74240/100000]
loss: 4.400605  [76800/100000]
loss: 4.508078  [79360/100000]
loss: 4.457675  [81920/100000]
loss: 4.607703  [84480/100000]
loss: 4.436460  [87040/100000]
loss: 4.559619  [89600/100000]
loss: 4.406245  [92160/100000]
loss: 4.429683  [94720/100000]
loss: 4.567730  [97280/100000]
loss: 4.507180  [62400/100000]
Epoch 5 finished in 104.68 seconds

Epoch 6
-------------------------------
loss: 4.406837  [    0/100000]
loss: 4.368471  [ 2560/100000]
loss: 4.524718  [ 5120/100000]
loss: 4.398042  [ 7680/100000]
loss: 4.352748  [10240/100000]
loss: 4.597888  [12800/100000]
loss: 4.210211  [15360/100000]
loss: 4.286218  [17920/100000]
loss: 4.370438  [20480/100000]
loss: 4.341153  [23040/100000]
loss: 4.254865  [25600/100000]
loss: 4.272864  [28160/100000]
loss: 4.231609  [30720/100000]
loss: 4.289490  [33280/100000]
loss: 4.287055  [35840/100000]
loss: 4.336835  [38400/100000]
loss: 4.302179  [40960/100000]
loss: 4.214131  [43520/100000]
loss: 4.361806  [46080/100000]
loss: 4.322017  [48640/100000]
loss: 4.369810  [51200/100000]
loss: 4.290444  [53760/100000]
loss: 4.279326  [56320/100000]
loss: 4.248272  [58880/100000]
loss: 4.383247  [61440/100000]
loss: 4.301865  [64000/100000]
loss: 4.154661  [66560/100000]
loss: 4.012063  [69120/100000]
loss: 4.143680  [71680/100000]
loss: 4.264150  [74240/100000]
loss: 4.289272  [76800/100000]
loss: 4.127907  [79360/100000]
loss: 4.313196  [81920/100000]
loss: 4.131531  [84480/100000]
loss: 4.045905  [87040/100000]
loss: 4.199203  [89600/100000]
loss: 4.290184  [92160/100000]
loss: 4.131602  [94720/100000]
loss: 4.197937  [97280/100000]
loss: 4.211009  [62400/100000]
Epoch 6 finished in 104.60 seconds

Epoch 7
-------------------------------
loss: 4.120134  [    0/100000]
loss: 4.301507  [ 2560/100000]
loss: 4.227468  [ 5120/100000]
loss: 4.256193  [ 7680/100000]
loss: 4.177531  [10240/100000]
loss: 4.131500  [12800/100000]
loss: 3.990592  [15360/100000]
loss: 4.140926  [17920/100000]
loss: 4.306293  [20480/100000]
loss: 4.201519  [23040/100000]
loss: 3.974702  [25600/100000]
loss: 4.067780  [28160/100000]
loss: 4.155677  [30720/100000]
loss: 4.090360  [33280/100000]
loss: 4.137988  [35840/100000]
loss: 4.106465  [38400/100000]
loss: 4.181581  [40960/100000]
loss: 4.008364  [43520/100000]
loss: 4.228974  [46080/100000]
loss: 4.158792  [48640/100000]
loss: 4.016836  [51200/100000]
loss: 3.918345  [53760/100000]
loss: 4.076348  [56320/100000]
loss: 3.946165  [58880/100000]
loss: 3.961721  [61440/100000]
loss: 4.218553  [64000/100000]
loss: 4.035882  [66560/100000]
loss: 4.178353  [69120/100000]
loss: 3.929326  [71680/100000]
loss: 4.001461  [74240/100000]
loss: 3.917304  [76800/100000]
loss: 4.160423  [79360/100000]
loss: 4.126327  [81920/100000]
loss: 4.067799  [84480/100000]
loss: 3.870598  [87040/100000]
loss: 3.970775  [89600/100000]
loss: 3.922089  [92160/100000]
loss: 3.868850  [94720/100000]
loss: 4.027205  [97280/100000]
loss: 4.121259  [62400/100000]
Epoch 7 finished in 104.80 seconds

Epoch 8
-------------------------------
loss: 3.948977  [    0/100000]
loss: 3.959798  [ 2560/100000]
loss: 3.803920  [ 5120/100000]
loss: 3.939083  [ 7680/100000]
loss: 3.865863  [10240/100000]
loss: 3.922537  [12800/100000]
loss: 4.039826  [15360/100000]
loss: 3.906254  [17920/100000]
loss: 4.160419  [20480/100000]
loss: 4.027555  [23040/100000]
loss: 3.920907  [25600/100000]
loss: 4.029575  [28160/100000]
loss: 4.166330  [30720/100000]
loss: 3.808787  [33280/100000]
loss: 3.745638  [35840/100000]
loss: 4.057266  [38400/100000]
loss: 3.829958  [40960/100000]
loss: 3.891363  [43520/100000]
loss: 3.736873  [46080/100000]
loss: 3.900427  [48640/100000]
loss: 3.793437  [51200/100000]
loss: 3.874586  [53760/100000]
loss: 3.665890  [56320/100000]
loss: 3.846652  [58880/100000]
loss: 3.656732  [61440/100000]
loss: 4.013325  [64000/100000]
loss: 3.970398  [66560/100000]
loss: 3.815352  [69120/100000]
loss: 3.864724  [71680/100000]
loss: 3.873753  [74240/100000]
loss: 3.818677  [76800/100000]
loss: 4.079734  [79360/100000]
loss: 4.045368  [81920/100000]
loss: 3.931809  [84480/100000]
loss: 3.870891  [87040/100000]
loss: 3.835350  [89600/100000]
loss: 3.946504  [92160/100000]
loss: 3.701044  [94720/100000]
loss: 3.707111  [97280/100000]
loss: 3.948003  [62400/100000]
Epoch 8 finished in 104.78 seconds

Epoch 9
-------------------------------
loss: 3.689739  [    0/100000]
loss: 3.693698  [ 2560/100000]
loss: 3.839408  [ 5120/100000]
loss: 3.696677  [ 7680/100000]
loss: 3.763932  [10240/100000]
loss: 3.919612  [12800/100000]
loss: 3.944106  [15360/100000]
loss: 3.737870  [17920/100000]
loss: 3.821881  [20480/100000]
loss: 3.791114  [23040/100000]
loss: 3.856930  [25600/100000]
loss: 4.049049  [28160/100000]
loss: 3.802317  [30720/100000]
loss: 3.788527  [33280/100000]
loss: 3.701475  [35840/100000]
loss: 3.863779  [38400/100000]
loss: 3.951399  [40960/100000]
loss: 3.663732  [43520/100000]
loss: 3.618242  [46080/100000]
loss: 3.749408  [48640/100000]
loss: 3.825858  [51200/100000]
loss: 3.713999  [53760/100000]
loss: 3.604347  [56320/100000]
loss: 3.737494  [58880/100000]
loss: 3.694578  [61440/100000]
loss: 3.714495  [64000/100000]
loss: 3.854219  [66560/100000]
loss: 3.700132  [69120/100000]
loss: 3.919132  [71680/100000]
loss: 3.619695  [74240/100000]
loss: 3.527121  [76800/100000]
loss: 3.834198  [79360/100000]
loss: 3.468040  [81920/100000]
loss: 3.624533  [84480/100000]
loss: 3.801220  [87040/100000]
loss: 3.580138  [89600/100000]
loss: 3.736597  [92160/100000]
loss: 3.713724  [94720/100000]
loss: 3.761137  [97280/100000]
loss: 3.336826  [62400/100000]
Epoch 9 finished in 104.70 seconds

Epoch 10
-------------------------------
loss: 3.753568  [    0/100000]
loss: 3.419950  [ 2560/100000]
loss: 3.634413  [ 5120/100000]
loss: 3.612147  [ 7680/100000]
loss: 3.580820  [10240/100000]
loss: 3.458221  [12800/100000]
loss: 3.465194  [15360/100000]
loss: 3.591739  [17920/100000]
loss: 3.673826  [20480/100000]
loss: 3.723640  [23040/100000]
loss: 3.578846  [25600/100000]
loss: 3.788036  [28160/100000]
loss: 3.565674  [30720/100000]
loss: 3.620420  [33280/100000]
loss: 3.498303  [35840/100000]
loss: 3.635389  [38400/100000]
loss: 3.607527  [40960/100000]
loss: 3.817992  [43520/100000]
loss: 3.914006  [46080/100000]
loss: 3.671631  [48640/100000]
loss: 3.760206  [51200/100000]
loss: 3.871481  [53760/100000]
loss: 3.550481  [56320/100000]
loss: 3.451242  [58880/100000]
loss: 3.537645  [61440/100000]
loss: 3.318279  [64000/100000]
loss: 3.541153  [66560/100000]
loss: 3.635512  [69120/100000]
loss: 3.353443  [71680/100000]
loss: 3.631918  [74240/100000]
loss: 3.562699  [76800/100000]
loss: 3.618080  [79360/100000]
loss: 3.411883  [81920/100000]
loss: 3.452827  [84480/100000]
loss: 3.622048  [87040/100000]
loss: 3.523893  [89600/100000]
loss: 3.555155  [92160/100000]
loss: 3.535463  [94720/100000]
loss: 3.842691  [97280/100000]
loss: 3.546297  [62400/100000]
Epoch 10 finished in 104.71 seconds

Epoch 11
-------------------------------
loss: 3.218559  [    0/100000]
loss: 3.541378  [ 2560/100000]
loss: 3.783601  [ 5120/100000]
loss: 3.503062  [ 7680/100000]
loss: 3.463929  [10240/100000]
loss: 3.353134  [12800/100000]
loss: 3.262588  [15360/100000]
loss: 3.445767  [17920/100000]
loss: 3.335882  [20480/100000]
loss: 3.583512  [23040/100000]
loss: 3.547355  [25600/100000]
loss: 3.334872  [28160/100000]
loss: 3.687669  [30720/100000]
loss: 3.551113  [33280/100000]
loss: 3.386595  [35840/100000]
loss: 3.363138  [38400/100000]
loss: 3.624173  [40960/100000]
loss: 3.343395  [43520/100000]
loss: 3.470634  [46080/100000]
loss: 3.339808  [48640/100000]
loss: 3.383625  [51200/100000]
loss: 3.570383  [53760/100000]
loss: 3.303190  [56320/100000]
loss: 3.521686  [58880/100000]
loss: 3.498611  [61440/100000]
loss: 3.336879  [64000/100000]
loss: 3.552660  [66560/100000]
loss: 3.594400  [69120/100000]
loss: 3.485168  [71680/100000]
loss: 3.576838  [74240/100000]
loss: 3.490768  [76800/100000]
loss: 3.458384  [79360/100000]
loss: 3.277929  [81920/100000]
loss: 3.298376  [84480/100000]
loss: 3.249563  [87040/100000]
loss: 3.510866  [89600/100000]
loss: 3.358891  [92160/100000]
loss: 3.389275  [94720/100000]
loss: 3.386126  [97280/100000]
loss: 3.512164  [62400/100000]
Epoch 11 finished in 104.70 seconds

Epoch 12
-------------------------------
loss: 3.466970  [    0/100000]
loss: 3.653130  [ 2560/100000]
loss: 3.489830  [ 5120/100000]
loss: 3.033709  [ 7680/100000]
loss: 3.391496  [10240/100000]
loss: 3.306344  [12800/100000]
loss: 3.328998  [15360/100000]
loss: 3.302980  [17920/100000]
loss: 3.228242  [20480/100000]
loss: 3.196622  [23040/100000]
loss: 3.219051  [25600/100000]
loss: 3.528076  [28160/100000]
loss: 3.061954  [30720/100000]
loss: 3.022576  [33280/100000]
loss: 3.505179  [35840/100000]
loss: 3.402265  [38400/100000]
loss: 3.172961  [40960/100000]
loss: 3.286412  [43520/100000]
loss: 3.287333  [46080/100000]
loss: 3.478172  [48640/100000]
loss: 3.605652  [51200/100000]
loss: 3.180963  [53760/100000]
loss: 3.508390  [56320/100000]
loss: 3.177047  [58880/100000]
loss: 3.352508  [61440/100000]
loss: 3.126040  [64000/100000]
loss: 3.433895  [66560/100000]
loss: 3.372606  [69120/100000]
loss: 3.310498  [71680/100000]
loss: 3.469581  [74240/100000]
loss: 3.469666  [76800/100000]
loss: 3.214571  [79360/100000]
loss: 3.461972  [81920/100000]
loss: 3.510818  [84480/100000]
loss: 3.315274  [87040/100000]
loss: 3.191072  [89600/100000]
loss: 3.358228  [92160/100000]
loss: 3.425368  [94720/100000]
loss: 3.536857  [97280/100000]
loss: 3.345754  [62400/100000]
Epoch 12 finished in 104.70 seconds

Epoch 13
-------------------------------
loss: 3.228819  [    0/100000]
loss: 3.209136  [ 2560/100000]
loss: 3.007381  [ 5120/100000]
loss: 3.060979  [ 7680/100000]
loss: 3.435611  [10240/100000]
loss: 3.128741  [12800/100000]
loss: 3.231408  [15360/100000]
loss: 3.051648  [17920/100000]
loss: 3.284322  [20480/100000]
loss: 3.367126  [23040/100000]
loss: 3.231849  [25600/100000]
loss: 3.296558  [28160/100000]
loss: 3.380444  [30720/100000]
loss: 3.162141  [33280/100000]
loss: 3.249166  [35840/100000]
loss: 3.205589  [38400/100000]
loss: 3.260179  [40960/100000]
loss: 3.196244  [43520/100000]
loss: 3.003131  [46080/100000]
loss: 3.087974  [48640/100000]
loss: 3.323260  [51200/100000]
loss: 3.147341  [53760/100000]
loss: 3.421672  [56320/100000]
loss: 3.403504  [58880/100000]
loss: 3.034476  [61440/100000]
loss: 3.152160  [64000/100000]
loss: 3.426958  [66560/100000]
loss: 3.293988  [69120/100000]
loss: 3.273984  [71680/100000]
loss: 3.333264  [74240/100000]
loss: 3.260548  [76800/100000]
loss: 3.119860  [79360/100000]
loss: 3.226041  [81920/100000]
loss: 3.269849  [84480/100000]
loss: 3.172682  [87040/100000]
loss: 3.299800  [89600/100000]
loss: 3.231684  [92160/100000]
loss: 3.402627  [94720/100000]
loss: 3.294441  [97280/100000]
loss: 3.291889  [62400/100000]
Epoch 13 finished in 104.56 seconds

Epoch 14
-------------------------------
loss: 3.231581  [    0/100000]
loss: 3.117860  [ 2560/100000]
loss: 3.096283  [ 5120/100000]
loss: 3.114000  [ 7680/100000]
loss: 2.982760  [10240/100000]
loss: 3.204207  [12800/100000]
loss: 3.167459  [15360/100000]
loss: 3.030137  [17920/100000]
loss: 3.228842  [20480/100000]
loss: 3.135738  [23040/100000]
loss: 3.021164  [25600/100000]
loss: 2.872523  [28160/100000]
loss: 3.112030  [30720/100000]
loss: 3.234172  [33280/100000]
loss: 3.301815  [35840/100000]
loss: 3.241635  [38400/100000]
loss: 3.314190  [40960/100000]
loss: 2.862468  [43520/100000]
loss: 2.964135  [46080/100000]
loss: 2.929206  [48640/100000]
loss: 2.997540  [51200/100000]
loss: 2.973157  [53760/100000]
loss: 3.009004  [56320/100000]
loss: 3.235297  [58880/100000]
loss: 3.169215  [61440/100000]
loss: 3.198472  [64000/100000]
loss: 2.996879  [66560/100000]
loss: 3.211480  [69120/100000]
loss: 3.222888  [71680/100000]
loss: 2.913080  [74240/100000]
loss: 3.037642  [76800/100000]
loss: 3.061335  [79360/100000]
loss: 2.936266  [81920/100000]
loss: 3.307572  [84480/100000]
loss: 3.240629  [87040/100000]
loss: 2.797492  [89600/100000]
loss: 2.974866  [92160/100000]
loss: 2.973976  [94720/100000]
loss: 3.036643  [97280/100000]
loss: 3.291268  [62400/100000]
Epoch 14 finished in 104.59 seconds

Epoch 15
-------------------------------
loss: 3.156957  [    0/100000]
loss: 2.758014  [ 2560/100000]
loss: 3.077988  [ 5120/100000]
loss: 3.061274  [ 7680/100000]
loss: 3.235033  [10240/100000]
loss: 2.924042  [12800/100000]
loss: 3.066786  [15360/100000]
loss: 3.082195  [17920/100000]
loss: 2.962013  [20480/100000]
loss: 2.801943  [23040/100000]
loss: 2.955661  [25600/100000]
loss: 2.839437  [28160/100000]
loss: 3.104676  [30720/100000]
loss: 2.992297  [33280/100000]
loss: 3.007697  [35840/100000]
loss: 3.073658  [38400/100000]
loss: 2.839825  [40960/100000]
loss: 2.830540  [43520/100000]
loss: 2.834426  [46080/100000]
loss: 2.833178  [48640/100000]
loss: 3.255625  [51200/100000]
loss: 3.010353  [53760/100000]
loss: 2.664258  [56320/100000]
loss: 3.005869  [58880/100000]
loss: 2.994965  [61440/100000]
loss: 3.206192  [64000/100000]
loss: 2.866733  [66560/100000]
loss: 2.767457  [69120/100000]
loss: 2.770272  [71680/100000]
loss: 2.987973  [74240/100000]
loss: 3.007908  [76800/100000]
loss: 2.974994  [79360/100000]
loss: 2.956868  [81920/100000]
loss: 2.842267  [84480/100000]
loss: 3.059875  [87040/100000]
loss: 3.143301  [89600/100000]
loss: 3.081862  [92160/100000]
loss: 3.234823  [94720/100000]
loss: 3.033336  [97280/100000]
loss: 2.818782  [62400/100000]
Epoch 15 finished in 104.56 seconds

Epoch 16
-------------------------------
loss: 2.742218  [    0/100000]
loss: 2.766968  [ 2560/100000]
loss: 2.824221  [ 5120/100000]
loss: 2.974465  [ 7680/100000]
loss: 2.971659  [10240/100000]
loss: 3.002261  [12800/100000]
loss: 2.793725  [15360/100000]
loss: 2.940528  [17920/100000]
loss: 3.016231  [20480/100000]
loss: 2.793625  [23040/100000]
loss: 3.186459  [25600/100000]
loss: 3.107221  [28160/100000]
loss: 2.917466  [30720/100000]
loss: 3.011072  [33280/100000]
loss: 2.655668  [35840/100000]
loss: 2.861471  [38400/100000]
loss: 3.003574  [40960/100000]
loss: 2.597963  [43520/100000]
loss: 2.959311  [46080/100000]
loss: 2.870594  [48640/100000]
loss: 2.675440  [51200/100000]
loss: 2.905109  [53760/100000]
loss: 2.873437  [56320/100000]
loss: 3.061931  [58880/100000]
loss: 2.687659  [61440/100000]
loss: 2.870544  [64000/100000]
loss: 2.836926  [66560/100000]
loss: 2.764158  [69120/100000]
loss: 2.726776  [71680/100000]
loss: 2.666661  [74240/100000]
loss: 3.150008  [76800/100000]
loss: 3.062484  [79360/100000]
loss: 2.983244  [81920/100000]
loss: 2.803461  [84480/100000]
loss: 2.811378  [87040/100000]
loss: 2.809310  [89600/100000]
loss: 2.778168  [92160/100000]
loss: 3.155681  [94720/100000]
loss: 2.959842  [97280/100000]
loss: 2.629615  [62400/100000]
Epoch 16 finished in 104.56 seconds

Epoch 17
-------------------------------
loss: 2.849954  [    0/100000]
loss: 2.946226  [ 2560/100000]
loss: 2.833225  [ 5120/100000]
loss: 2.873536  [ 7680/100000]
loss: 2.876115  [10240/100000]
loss: 2.919619  [12800/100000]
loss: 2.835038  [15360/100000]
loss: 2.699671  [17920/100000]
loss: 2.906941  [20480/100000]
loss: 2.944108  [23040/100000]
loss: 2.712395  [25600/100000]
loss: 2.695355  [28160/100000]
loss: 2.833829  [30720/100000]
loss: 2.936551  [33280/100000]
loss: 2.883212  [35840/100000]
loss: 2.831613  [38400/100000]
loss: 2.633142  [40960/100000]
loss: 2.835982  [43520/100000]
loss: 2.867317  [46080/100000]
loss: 2.950638  [48640/100000]
loss: 2.871350  [51200/100000]
loss: 2.955277  [53760/100000]
loss: 2.965495  [56320/100000]
loss: 2.653574  [58880/100000]
loss: 2.768638  [61440/100000]
loss: 2.876269  [64000/100000]
loss: 2.784884  [66560/100000]
loss: 2.380944  [69120/100000]
loss: 2.936884  [71680/100000]
loss: 2.916387  [74240/100000]
loss: 2.765404  [76800/100000]
loss: 2.822696  [79360/100000]
loss: 2.876207  [81920/100000]
loss: 3.020640  [84480/100000]
loss: 3.125949  [87040/100000]
loss: 2.893836  [89600/100000]
loss: 3.001859  [92160/100000]
loss: 2.637612  [94720/100000]
loss: 2.462410  [97280/100000]
loss: 2.867803  [62400/100000]
Epoch 17 finished in 104.68 seconds

Epoch 18
-------------------------------
loss: 2.745935  [    0/100000]
loss: 2.553856  [ 2560/100000]
loss: 2.599173  [ 5120/100000]
loss: 2.855587  [ 7680/100000]
loss: 2.697948  [10240/100000]
loss: 2.623667  [12800/100000]
loss: 2.524630  [15360/100000]
loss: 2.839305  [17920/100000]
loss: 2.580630  [20480/100000]
loss: 2.795107  [23040/100000]
loss: 2.775221  [25600/100000]
loss: 2.639005  [28160/100000]
loss: 2.593973  [30720/100000]
loss: 2.800634  [33280/100000]
loss: 2.827678  [35840/100000]
loss: 2.695405  [38400/100000]
loss: 2.768677  [40960/100000]
loss: 2.870951  [43520/100000]
loss: 2.561453  [46080/100000]
loss: 2.622370  [48640/100000]
loss: 2.826490  [51200/100000]
loss: 2.746198  [53760/100000]
loss: 2.656654  [56320/100000]
loss: 2.710887  [58880/100000]
loss: 2.813242  [61440/100000]
loss: 2.788280  [64000/100000]
loss: 2.759634  [66560/100000]
loss: 2.788402  [69120/100000]
loss: 2.606941  [71680/100000]
loss: 2.639334  [74240/100000]
loss: 2.597117  [76800/100000]
loss: 2.631052  [79360/100000]
loss: 2.695115  [81920/100000]
loss: 3.058278  [84480/100000]
loss: 2.772693  [87040/100000]
loss: 2.606386  [89600/100000]
loss: 2.544362  [92160/100000]
loss: 2.739378  [94720/100000]
loss: 2.837229  [97280/100000]
loss: 2.492353  [62400/100000]
Epoch 18 finished in 104.64 seconds

Epoch 19
-------------------------------
loss: 2.783521  [    0/100000]
loss: 2.433537  [ 2560/100000]
loss: 2.598251  [ 5120/100000]
loss: 2.643464  [ 7680/100000]
loss: 2.677161  [10240/100000]
loss: 2.548017  [12800/100000]
loss: 2.646080  [15360/100000]
loss: 2.442501  [17920/100000]
loss: 2.734345  [20480/100000]
loss: 2.744887  [23040/100000]
loss: 2.664746  [25600/100000]
loss: 2.878615  [28160/100000]
loss: 2.503819  [30720/100000]
loss: 2.668400  [33280/100000]
loss: 2.584724  [35840/100000]
loss: 2.608207  [38400/100000]
loss: 2.573169  [40960/100000]
loss: 2.532986  [43520/100000]
loss: 2.737675  [46080/100000]
loss: 2.627580  [48640/100000]
loss: 2.662546  [51200/100000]
loss: 2.696918  [53760/100000]
loss: 2.663645  [56320/100000]
loss: 2.812253  [58880/100000]
loss: 2.831880  [61440/100000]
loss: 2.574901  [64000/100000]
loss: 2.548760  [66560/100000]
loss: 2.365341  [69120/100000]
loss: 2.734411  [71680/100000]
loss: 2.832262  [74240/100000]
loss: 2.556238  [76800/100000]
loss: 2.599693  [79360/100000]
loss: 2.741929  [81920/100000]
loss: 2.858036  [84480/100000]
loss: 2.462161  [87040/100000]
loss: 2.446022  [89600/100000]
loss: 2.827719  [92160/100000]
loss: 2.549299  [94720/100000]
loss: 2.749036  [97280/100000]
loss: 2.516563  [62400/100000]
Epoch 19 finished in 104.52 seconds

Epoch 20
-------------------------------
loss: 2.535532  [    0/100000]
loss: 2.531917  [ 2560/100000]
loss: 2.520203  [ 5120/100000]
loss: 2.656413  [ 7680/100000]
loss: 2.429378  [10240/100000]
loss: 2.352735  [12800/100000]
loss: 2.555757  [15360/100000]
loss: 2.525932  [17920/100000]
loss: 2.546018  [20480/100000]
loss: 2.579972  [23040/100000]
loss: 2.365249  [25600/100000]
loss: 2.644354  [28160/100000]
loss: 2.657634  [30720/100000]
loss: 2.666548  [33280/100000]
loss: 2.771876  [35840/100000]
loss: 2.539304  [38400/100000]
loss: 2.566694  [40960/100000]
loss: 2.613686  [43520/100000]
loss: 2.537260  [46080/100000]
loss: 2.703274  [48640/100000]
loss: 2.481616  [51200/100000]
loss: 2.454451  [53760/100000]
loss: 2.498464  [56320/100000]
loss: 2.627415  [58880/100000]
loss: 2.512072  [61440/100000]
loss: 2.332756  [64000/100000]
loss: 2.721816  [66560/100000]
loss: 2.543523  [69120/100000]
loss: 2.706052  [71680/100000]
loss: 2.576577  [74240/100000]
loss: 2.435109  [76800/100000]
loss: 2.672664  [79360/100000]
loss: 2.367380  [81920/100000]
loss: 2.611277  [84480/100000]
loss: 2.413407  [87040/100000]
loss: 2.619499  [89600/100000]
loss: 2.557218  [92160/100000]
loss: 2.590928  [94720/100000]
loss: 2.440321  [97280/100000]
loss: 2.376559  [62400/100000]
Epoch 20 finished in 104.55 seconds

Epoch 21
-------------------------------
loss: 2.646766  [    0/100000]
loss: 2.422371  [ 2560/100000]
loss: 2.652114  [ 5120/100000]
loss: 2.312984  [ 7680/100000]
loss: 2.568355  [10240/100000]
loss: 2.436911  [12800/100000]
loss: 2.637631  [15360/100000]
loss: 2.298218  [17920/100000]
loss: 2.329339  [20480/100000]
loss: 2.634708  [23040/100000]
loss: 2.522729  [25600/100000]
loss: 2.632606  [28160/100000]
loss: 2.406594  [30720/100000]
loss: 2.374539  [33280/100000]
loss: 2.373972  [35840/100000]
loss: 2.408545  [38400/100000]
loss: 2.662867  [40960/100000]
loss: 2.514915  [43520/100000]
loss: 2.482717  [46080/100000]
loss: 2.481554  [48640/100000]
loss: 2.533852  [51200/100000]
loss: 2.574790  [53760/100000]
loss: 2.335975  [56320/100000]
loss: 2.467251  [58880/100000]
loss: 2.262533  [61440/100000]
loss: 2.395619  [64000/100000]
loss: 2.433839  [66560/100000]
loss: 2.695554  [69120/100000]
loss: 2.333087  [71680/100000]
loss: 2.633961  [74240/100000]
loss: 2.437645  [76800/100000]
loss: 2.595492  [79360/100000]
loss: 2.678772  [81920/100000]
loss: 2.403522  [84480/100000]
loss: 2.412125  [87040/100000]
loss: 2.456234  [89600/100000]
loss: 2.407064  [92160/100000]
loss: 2.589121  [94720/100000]
loss: 2.672914  [97280/100000]
loss: 2.429188  [62400/100000]
Epoch 21 finished in 104.56 seconds

Epoch 22
-------------------------------
loss: 2.348411  [    0/100000]
loss: 2.216114  [ 2560/100000]
loss: 2.555007  [ 5120/100000]
loss: 2.348135  [ 7680/100000]
loss: 2.527140  [10240/100000]
loss: 2.426147  [12800/100000]
loss: 2.248861  [15360/100000]
loss: 2.277873  [17920/100000]
loss: 2.668744  [20480/100000]
loss: 2.358802  [23040/100000]
loss: 2.325316  [25600/100000]
loss: 2.380995  [28160/100000]
loss: 2.178229  [30720/100000]
loss: 2.204024  [33280/100000]
loss: 2.586090  [35840/100000]
loss: 2.169641  [38400/100000]
loss: 2.313526  [40960/100000]
loss: 2.537179  [43520/100000]
loss: 2.457423  [46080/100000]
loss: 2.385984  [48640/100000]
loss: 2.624029  [51200/100000]
loss: 2.568299  [53760/100000]
loss: 2.328335  [56320/100000]
loss: 2.429946  [58880/100000]
loss: 2.384960  [61440/100000]
loss: 2.444593  [64000/100000]
loss: 2.531742  [66560/100000]
loss: 2.477777  [69120/100000]
loss: 2.304361  [71680/100000]
loss: 2.415750  [74240/100000]
loss: 2.301569  [76800/100000]
loss: 2.306472  [79360/100000]
loss: 2.434635  [81920/100000]
loss: 2.248241  [84480/100000]
loss: 2.447885  [87040/100000]
loss: 2.331280  [89600/100000]
loss: 2.262990  [92160/100000]
loss: 2.502229  [94720/100000]
loss: 2.530765  [97280/100000]
loss: 2.526699  [62400/100000]
Epoch 22 finished in 104.48 seconds

Epoch 23
-------------------------------
loss: 2.150318  [    0/100000]
loss: 2.336318  [ 2560/100000]
loss: 2.566179  [ 5120/100000]
loss: 2.320027  [ 7680/100000]
loss: 2.360260  [10240/100000]
loss: 2.366358  [12800/100000]
loss: 2.258908  [15360/100000]
loss: 2.179131  [17920/100000]
loss: 2.366194  [20480/100000]
loss: 2.382454  [23040/100000]
loss: 2.391831  [25600/100000]
loss: 2.423586  [28160/100000]
loss: 2.207098  [30720/100000]
loss: 2.520215  [33280/100000]
loss: 2.343036  [35840/100000]
loss: 2.229997  [38400/100000]
loss: 2.568366  [40960/100000]
loss: 2.173474  [43520/100000]
loss: 2.231691  [46080/100000]
loss: 2.314540  [48640/100000]
loss: 2.508003  [51200/100000]
loss: 2.360659  [53760/100000]
loss: 2.332050  [56320/100000]
loss: 2.387416  [58880/100000]
loss: 2.109344  [61440/100000]
loss: 2.390198  [64000/100000]
loss: 2.308961  [66560/100000]
loss: 2.407505  [69120/100000]
loss: 2.376734  [71680/100000]
loss: 2.154224  [74240/100000]
loss: 2.348511  [76800/100000]
loss: 2.074334  [79360/100000]
loss: 2.360790  [81920/100000]
loss: 2.141959  [84480/100000]
loss: 2.322974  [87040/100000]
loss: 2.278017  [89600/100000]
loss: 2.422895  [92160/100000]
loss: 2.882494  [94720/100000]
loss: 2.320772  [97280/100000]
loss: 2.296798  [62400/100000]
Epoch 23 finished in 104.57 seconds

Epoch 24
-------------------------------
loss: 2.350168  [    0/100000]
loss: 2.178449  [ 2560/100000]
loss: 2.420588  [ 5120/100000]
loss: 2.193743  [ 7680/100000]
loss: 2.223520  [10240/100000]
loss: 2.099171  [12800/100000]
loss: 2.121277  [15360/100000]
loss: 2.171477  [17920/100000]
loss: 2.400713  [20480/100000]
loss: 2.299428  [23040/100000]
loss: 2.155625  [25600/100000]
loss: 2.425752  [28160/100000]
loss: 2.313049  [30720/100000]
loss: 2.463103  [33280/100000]
loss: 2.380474  [35840/100000]
loss: 2.269930  [38400/100000]
loss: 2.079076  [40960/100000]
loss: 2.211628  [43520/100000]
loss: 2.162364  [46080/100000]
loss: 2.158081  [48640/100000]
loss: 2.128154  [51200/100000]
loss: 2.150872  [53760/100000]
loss: 2.122843  [56320/100000]
loss: 2.306207  [58880/100000]
loss: 2.561632  [61440/100000]
loss: 2.275389  [64000/100000]
loss: 2.266253  [66560/100000]
loss: 2.261237  [69120/100000]
loss: 2.366014  [71680/100000]
loss: 2.287288  [74240/100000]
loss: 2.370474  [76800/100000]
loss: 2.145429  [79360/100000]
loss: 2.244021  [81920/100000]
loss: 2.064827  [84480/100000]
loss: 2.414771  [87040/100000]
loss: 2.401452  [89600/100000]
loss: 2.293795  [92160/100000]
loss: 2.459376  [94720/100000]
loss: 2.513351  [97280/100000]
loss: 2.491750  [62400/100000]
Epoch 24 finished in 104.58 seconds

Epoch 25
-------------------------------
loss: 2.211946  [    0/100000]
loss: 2.184917  [ 2560/100000]
loss: 2.110511  [ 5120/100000]
loss: 2.021499  [ 7680/100000]
loss: 2.152221  [10240/100000]
loss: 2.108359  [12800/100000]
loss: 2.116532  [15360/100000]
loss: 1.982759  [17920/100000]
loss: 2.137489  [20480/100000]
loss: 2.234021  [23040/100000]
loss: 2.124377  [25600/100000]
loss: 2.109982  [28160/100000]
loss: 2.117688  [30720/100000]
loss: 2.163976  [33280/100000]
loss: 2.062492  [35840/100000]
loss: 2.410938  [38400/100000]
loss: 2.323610  [40960/100000]
loss: 2.365243  [43520/100000]
loss: 2.302384  [46080/100000]
loss: 2.108088  [48640/100000]
loss: 2.216321  [51200/100000]
loss: 2.263549  [53760/100000]
loss: 2.331915  [56320/100000]
loss: 2.087579  [58880/100000]
loss: 2.343782  [61440/100000]
loss: 2.399392  [64000/100000]
loss: 2.351144  [66560/100000]
loss: 2.117134  [69120/100000]
loss: 2.201966  [71680/100000]
loss: 2.373799  [74240/100000]
loss: 2.249011  [76800/100000]
loss: 2.314776  [79360/100000]
loss: 2.262328  [81920/100000]
loss: 2.370115  [84480/100000]
loss: 2.259573  [87040/100000]
loss: 2.447052  [89600/100000]
loss: 1.941333  [92160/100000]
loss: 2.274126  [94720/100000]
loss: 2.202002  [97280/100000]
loss: 2.303363  [62400/100000]
Epoch 25 finished in 104.48 seconds

Epoch 26
-------------------------------
loss: 2.171413  [    0/100000]
loss: 2.333888  [ 2560/100000]
loss: 2.180133  [ 5120/100000]
loss: 1.900316  [ 7680/100000]
loss: 2.025241  [10240/100000]
loss: 2.108289  [12800/100000]
loss: 1.933921  [15360/100000]
loss: 2.202696  [17920/100000]
loss: 1.995556  [20480/100000]
loss: 2.366095  [23040/100000]
loss: 2.068718  [25600/100000]
loss: 2.211963  [28160/100000]
loss: 2.355686  [30720/100000]
loss: 2.037823  [33280/100000]
loss: 2.077242  [35840/100000]
loss: 2.046118  [38400/100000]
loss: 1.943722  [40960/100000]
loss: 2.242413  [43520/100000]
loss: 2.205171  [46080/100000]
loss: 2.393750  [48640/100000]
loss: 2.241484  [51200/100000]
loss: 2.379254  [53760/100000]
loss: 2.086107  [56320/100000]
loss: 2.096000  [58880/100000]
loss: 2.301625  [61440/100000]
loss: 1.889971  [64000/100000]
loss: 2.056042  [66560/100000]
loss: 2.221222  [69120/100000]
loss: 2.023456  [71680/100000]
loss: 2.280247  [74240/100000]
loss: 2.040319  [76800/100000]
loss: 2.174752  [79360/100000]
loss: 2.043632  [81920/100000]
loss: 2.441395  [84480/100000]
loss: 2.034086  [87040/100000]
loss: 1.958072  [89600/100000]
loss: 2.008801  [92160/100000]
loss: 2.047780  [94720/100000]
loss: 2.209708  [97280/100000]
loss: 1.975324  [62400/100000]
Epoch 26 finished in 104.53 seconds

Epoch 27
-------------------------------
loss: 1.997033  [    0/100000]
loss: 1.821518  [ 2560/100000]
loss: 1.981549  [ 5120/100000]
loss: 1.853700  [ 7680/100000]
loss: 1.991080  [10240/100000]
loss: 2.002426  [12800/100000]
loss: 2.043027  [15360/100000]
loss: 2.046700  [17920/100000]
loss: 1.853226  [20480/100000]
loss: 2.110953  [23040/100000]
loss: 1.986755  [25600/100000]
loss: 1.931262  [28160/100000]
loss: 2.137302  [30720/100000]
loss: 2.139491  [33280/100000]
loss: 1.834319  [35840/100000]
loss: 2.072865  [38400/100000]
loss: 2.005501  [40960/100000]
loss: 2.073416  [43520/100000]
loss: 2.031929  [46080/100000]
loss: 2.270761  [48640/100000]
loss: 2.073509  [51200/100000]
loss: 1.927676  [53760/100000]
loss: 2.113178  [56320/100000]
loss: 1.874289  [58880/100000]
loss: 2.006172  [61440/100000]
loss: 2.204284  [64000/100000]
loss: 2.014929  [66560/100000]
loss: 2.232584  [69120/100000]
loss: 2.274391  [71680/100000]
loss: 1.878264  [74240/100000]
loss: 2.208725  [76800/100000]
loss: 1.814394  [79360/100000]
loss: 1.986857  [81920/100000]
loss: 2.404577  [84480/100000]
loss: 2.009246  [87040/100000]
loss: 2.084756  [89600/100000]
loss: 2.065280  [92160/100000]
loss: 2.021659  [94720/100000]
loss: 1.944756  [97280/100000]
loss: 2.222375  [62400/100000]
Epoch 27 finished in 104.62 seconds

Epoch 28
-------------------------------
loss: 1.985547  [    0/100000]
loss: 1.851210  [ 2560/100000]
loss: 1.996395  [ 5120/100000]
loss: 2.070827  [ 7680/100000]
loss: 1.965228  [10240/100000]
loss: 2.024124  [12800/100000]
loss: 2.021503  [15360/100000]
loss: 2.150684  [17920/100000]
loss: 2.031597  [20480/100000]
loss: 1.940100  [23040/100000]
loss: 2.096782  [25600/100000]
loss: 2.005347  [28160/100000]
loss: 2.072909  [30720/100000]
loss: 1.978649  [33280/100000]
loss: 1.959895  [35840/100000]
loss: 2.012370  [38400/100000]
loss: 1.877581  [40960/100000]
loss: 1.991449  [43520/100000]
loss: 1.999885  [46080/100000]
loss: 1.950612  [48640/100000]
loss: 1.906331  [51200/100000]
loss: 2.047192  [53760/100000]
loss: 2.116663  [56320/100000]
loss: 1.827968  [58880/100000]
loss: 1.897897  [61440/100000]
loss: 2.080854  [64000/100000]
loss: 1.996328  [66560/100000]
loss: 1.949571  [69120/100000]
loss: 1.893989  [71680/100000]
loss: 1.940048  [74240/100000]
loss: 1.899355  [76800/100000]
loss: 1.967278  [79360/100000]
loss: 1.965877  [81920/100000]
loss: 2.231371  [84480/100000]
loss: 2.048768  [87040/100000]
loss: 2.105605  [89600/100000]
loss: 2.158095  [92160/100000]
loss: 2.154813  [94720/100000]
loss: 1.842957  [97280/100000]
loss: 1.935927  [62400/100000]
Epoch 28 finished in 104.61 seconds

Epoch 29
-------------------------------
loss: 1.864040  [    0/100000]
loss: 1.882277  [ 2560/100000]
loss: 1.832507  [ 5120/100000]
loss: 1.815617  [ 7680/100000]
loss: 1.863908  [10240/100000]
loss: 1.966438  [12800/100000]
loss: 2.048178  [15360/100000]
loss: 1.854181  [17920/100000]
loss: 1.651940  [20480/100000]
loss: 1.876757  [23040/100000]
loss: 1.926488  [25600/100000]
loss: 1.934898  [28160/100000]
loss: 1.966395  [30720/100000]
loss: 2.070410  [33280/100000]
loss: 2.051546  [35840/100000]
loss: 1.743442  [38400/100000]
loss: 1.907856  [40960/100000]
loss: 2.001356  [43520/100000]
loss: 1.794079  [46080/100000]
loss: 2.054765  [48640/100000]
loss: 1.913675  [51200/100000]
loss: 1.867181  [53760/100000]
loss: 1.754448  [56320/100000]
loss: 1.811684  [58880/100000]
loss: 1.852919  [61440/100000]
loss: 1.855661  [64000/100000]
loss: 1.871449  [66560/100000]
loss: 1.913823  [69120/100000]
loss: 1.990630  [71680/100000]
loss: 1.788787  [74240/100000]
loss: 1.782521  [76800/100000]
loss: 1.975079  [79360/100000]
loss: 2.187658  [81920/100000]
loss: 1.965063  [84480/100000]
loss: 1.808741  [87040/100000]
loss: 1.982095  [89600/100000]
loss: 2.179991  [92160/100000]
loss: 2.331148  [94720/100000]
loss: 1.828976  [97280/100000]
loss: 1.970108  [62400/100000]
Epoch 29 finished in 104.87 seconds

Epoch 30
-------------------------------
loss: 1.652100  [    0/100000]
loss: 1.796956  [ 2560/100000]
loss: 1.844209  [ 5120/100000]
loss: 1.844804  [ 7680/100000]
loss: 2.046965  [10240/100000]
loss: 1.836067  [12800/100000]
loss: 1.661155  [15360/100000]
loss: 2.081347  [17920/100000]
loss: 1.803326  [20480/100000]
loss: 1.873474  [23040/100000]
loss: 1.697674  [25600/100000]
loss: 2.139459  [28160/100000]
loss: 2.086339  [30720/100000]
loss: 1.773989  [33280/100000]
loss: 1.847973  [35840/100000]
loss: 1.690679  [38400/100000]
loss: 1.805908  [40960/100000]
loss: 1.805677  [43520/100000]
loss: 1.919407  [46080/100000]
loss: 2.094084  [48640/100000]
loss: 1.896556  [51200/100000]
loss: 1.761380  [53760/100000]
loss: 1.900895  [56320/100000]
loss: 1.896511  [58880/100000]
loss: 1.817691  [61440/100000]
loss: 2.022665  [64000/100000]
loss: 1.639024  [66560/100000]
loss: 1.594208  [69120/100000]
loss: 1.831169  [71680/100000]
loss: 1.922969  [74240/100000]
loss: 1.841094  [76800/100000]
loss: 2.188003  [79360/100000]
loss: 2.005851  [81920/100000]
loss: 1.972576  [84480/100000]
loss: 1.629799  [87040/100000]
loss: 1.831167  [89600/100000]
loss: 1.828961  [92160/100000]
loss: 1.876537  [94720/100000]
loss: 2.118237  [97280/100000]
loss: 2.074164  [62400/100000]
Epoch 30 finished in 104.63 seconds

Epoch 31
-------------------------------
loss: 1.762311  [    0/100000]
loss: 1.646718  [ 2560/100000]
loss: 1.695849  [ 5120/100000]
loss: 1.663774  [ 7680/100000]
loss: 1.747965  [10240/100000]
loss: 1.784711  [12800/100000]
loss: 1.821593  [15360/100000]
loss: 1.821985  [17920/100000]
loss: 1.991372  [20480/100000]
loss: 1.925329  [23040/100000]
loss: 1.834234  [25600/100000]
loss: 1.893998  [28160/100000]
loss: 1.657663  [30720/100000]
loss: 1.831780  [33280/100000]
loss: 2.080849  [35840/100000]
loss: 1.806357  [38400/100000]
loss: 1.737076  [40960/100000]
loss: 1.793295  [43520/100000]
loss: 1.868443  [46080/100000]
loss: 1.825279  [48640/100000]
loss: 1.851756  [51200/100000]
loss: 1.934096  [53760/100000]
loss: 1.765100  [56320/100000]
loss: 1.976704  [58880/100000]
loss: 2.046829  [61440/100000]
loss: 1.921644  [64000/100000]
loss: 1.828781  [66560/100000]
loss: 1.545521  [69120/100000]
loss: 1.863511  [71680/100000]
loss: 1.754879  [74240/100000]
loss: 1.889877  [76800/100000]
loss: 1.554778  [79360/100000]
loss: 1.751534  [81920/100000]
loss: 2.049336  [84480/100000]
loss: 1.796614  [87040/100000]
loss: 2.081122  [89600/100000]
loss: 1.790347  [92160/100000]
loss: 1.773060  [94720/100000]
loss: 1.835479  [97280/100000]
loss: 1.728024  [62400/100000]
Epoch 31 finished in 104.61 seconds

Epoch 32
-------------------------------
loss: 1.550103  [    0/100000]
loss: 1.549231  [ 2560/100000]
loss: 1.654264  [ 5120/100000]
loss: 1.813867  [ 7680/100000]
loss: 1.720555  [10240/100000]
loss: 1.713849  [12800/100000]
loss: 1.774169  [15360/100000]
loss: 1.819929  [17920/100000]
loss: 1.768178  [20480/100000]
loss: 1.935052  [23040/100000]
loss: 1.606489  [25600/100000]
loss: 1.766991  [28160/100000]
loss: 1.608415  [30720/100000]
loss: 1.794387  [33280/100000]
loss: 1.737031  [35840/100000]
loss: 1.735104  [38400/100000]
loss: 1.623925  [40960/100000]
loss: 1.780076  [43520/100000]
loss: 1.863108  [46080/100000]
loss: 1.689688  [48640/100000]
loss: 1.749426  [51200/100000]
loss: 1.930598  [53760/100000]
loss: 1.849887  [56320/100000]
loss: 1.913294  [58880/100000]
loss: 1.820456  [61440/100000]
loss: 1.786368  [64000/100000]
loss: 1.820442  [66560/100000]
loss: 1.688065  [69120/100000]
loss: 1.534167  [71680/100000]
loss: 1.772834  [74240/100000]
loss: 1.739573  [76800/100000]
loss: 1.840514  [79360/100000]
loss: 1.655829  [81920/100000]
loss: 1.794301  [84480/100000]
loss: 1.830038  [87040/100000]
loss: 1.781070  [89600/100000]
loss: 1.632961  [92160/100000]
loss: 1.699885  [94720/100000]
loss: 1.794476  [97280/100000]
loss: 2.095633  [62400/100000]
Epoch 32 finished in 104.64 seconds

Epoch 33
-------------------------------
loss: 1.493962  [    0/100000]
loss: 1.657614  [ 2560/100000]
loss: 1.431668  [ 5120/100000]
loss: 1.534124  [ 7680/100000]
loss: 1.568625  [10240/100000]
loss: 1.757190  [12800/100000]
loss: 1.787328  [15360/100000]
loss: 1.897316  [17920/100000]
loss: 1.704333  [20480/100000]
loss: 1.389733  [23040/100000]
loss: 1.790088  [25600/100000]
loss: 1.725618  [28160/100000]
loss: 1.673063  [30720/100000]
loss: 1.838297  [33280/100000]
loss: 1.781953  [35840/100000]
loss: 1.581454  [38400/100000]
loss: 1.732247  [40960/100000]
loss: 1.693207  [43520/100000]
loss: 1.734989  [46080/100000]
loss: 1.661858  [48640/100000]
loss: 1.942192  [51200/100000]
loss: 2.042240  [53760/100000]
loss: 1.940957  [56320/100000]
loss: 1.766325  [58880/100000]
loss: 1.734575  [61440/100000]
loss: 1.896126  [64000/100000]
loss: 1.611137  [66560/100000]
loss: 1.706470  [69120/100000]
loss: 1.734992  [71680/100000]
loss: 1.799925  [74240/100000]
loss: 1.875203  [76800/100000]
loss: 1.591729  [79360/100000]
loss: 1.799558  [81920/100000]
loss: 1.984831  [84480/100000]
loss: 2.004089  [87040/100000]
loss: 1.948663  [89600/100000]
loss: 1.606967  [92160/100000]
loss: 1.745593  [94720/100000]
loss: 1.703047  [97280/100000]
loss: 1.652842  [62400/100000]
Epoch 33 finished in 104.64 seconds

Epoch 34
-------------------------------
loss: 1.709808  [    0/100000]
loss: 1.541714  [ 2560/100000]
loss: 1.663639  [ 5120/100000]
loss: 1.371037  [ 7680/100000]
loss: 1.536101  [10240/100000]
loss: 1.677608  [12800/100000]
loss: 1.503646  [15360/100000]
loss: 1.631849  [17920/100000]
loss: 1.515076  [20480/100000]
loss: 1.534019  [23040/100000]
loss: 1.670986  [25600/100000]
loss: 1.663320  [28160/100000]
loss: 1.836721  [30720/100000]
loss: 1.550778  [33280/100000]
loss: 1.492574  [35840/100000]
loss: 1.605385  [38400/100000]
loss: 1.771152  [40960/100000]
loss: 1.817802  [43520/100000]
loss: 1.745105  [46080/100000]
loss: 1.976420  [48640/100000]
loss: 1.560701  [51200/100000]
loss: 1.498681  [53760/100000]
loss: 1.724600  [56320/100000]
loss: 1.660369  [58880/100000]
loss: 1.671851  [61440/100000]
loss: 1.865491  [64000/100000]
loss: 1.670372  [66560/100000]
loss: 1.595279  [69120/100000]
loss: 1.715663  [71680/100000]
loss: 1.702222  [74240/100000]
loss: 1.674577  [76800/100000]
loss: 1.680987  [79360/100000]
loss: 1.663901  [81920/100000]
loss: 1.745719  [84480/100000]
loss: 1.535405  [87040/100000]
loss: 1.617938  [89600/100000]
loss: 1.859118  [92160/100000]
loss: 1.732101  [94720/100000]
loss: 1.716229  [97280/100000]
loss: 1.854012  [62400/100000]
Epoch 34 finished in 104.74 seconds

Epoch 35
-------------------------------
loss: 1.366821  [    0/100000]
loss: 1.362002  [ 2560/100000]
loss: 1.687259  [ 5120/100000]
loss: 1.641798  [ 7680/100000]
loss: 1.475266  [10240/100000]
loss: 1.651279  [12800/100000]
loss: 1.627667  [15360/100000]
loss: 1.413086  [17920/100000]
loss: 1.461056  [20480/100000]
loss: 1.413052  [23040/100000]
loss: 1.638618  [25600/100000]
loss: 1.647557  [28160/100000]
loss: 1.822738  [30720/100000]
loss: 1.631060  [33280/100000]
loss: 1.466188  [35840/100000]
loss: 1.367850  [38400/100000]
loss: 1.667066  [40960/100000]
loss: 1.522110  [43520/100000]
loss: 1.842447  [46080/100000]
loss: 1.769623  [48640/100000]
loss: 1.794883  [51200/100000]
loss: 1.550276  [53760/100000]
loss: 1.622815  [56320/100000]
loss: 1.567831  [58880/100000]
loss: 1.688025  [61440/100000]
loss: 1.760788  [64000/100000]
loss: 1.633181  [66560/100000]
loss: 1.470424  [69120/100000]
loss: 1.479964  [71680/100000]
loss: 1.612784  [74240/100000]
loss: 1.580608  [76800/100000]
loss: 1.681762  [79360/100000]
loss: 1.530893  [81920/100000]
loss: 1.625106  [84480/100000]
loss: 1.549711  [87040/100000]
loss: 1.614083  [89600/100000]
loss: 1.481637  [92160/100000]
loss: 1.716356  [94720/100000]
loss: 1.718564  [97280/100000]
loss: 1.512058  [62400/100000]
Epoch 35 finished in 104.52 seconds

Epoch 36
-------------------------------
loss: 1.752647  [    0/100000]
loss: 1.380382  [ 2560/100000]
loss: 1.539773  [ 5120/100000]
loss: 1.485905  [ 7680/100000]
loss: 1.502481  [10240/100000]
loss: 1.530386  [12800/100000]
loss: 1.455757  [15360/100000]
loss: 1.696743  [17920/100000]
loss: 1.580594  [20480/100000]
loss: 1.582950  [23040/100000]
loss: 1.475083  [25600/100000]
loss: 1.277370  [28160/100000]
loss: 1.416277  [30720/100000]
loss: 1.394600  [33280/100000]
loss: 1.580977  [35840/100000]
loss: 1.677341  [38400/100000]
loss: 1.770219  [40960/100000]
loss: 1.522046  [43520/100000]
loss: 1.580930  [46080/100000]
loss: 1.713066  [48640/100000]
loss: 1.493299  [51200/100000]
loss: 1.647432  [53760/100000]
loss: 1.628084  [56320/100000]
loss: 1.484668  [58880/100000]
loss: 1.512697  [61440/100000]
loss: 1.560684  [64000/100000]
loss: 1.435718  [66560/100000]
loss: 1.638468  [69120/100000]
loss: 1.516524  [71680/100000]
loss: 1.575137  [74240/100000]
loss: 1.731784  [76800/100000]
loss: 1.648548  [79360/100000]
loss: 1.652934  [81920/100000]
loss: 1.543798  [84480/100000]
loss: 1.513952  [87040/100000]
loss: 1.565437  [89600/100000]
loss: 1.587830  [92160/100000]
loss: 1.662705  [94720/100000]
loss: 1.715451  [97280/100000]
loss: 1.403406  [62400/100000]
Epoch 36 finished in 104.58 seconds

Epoch 37
-------------------------------
loss: 1.568022  [    0/100000]
loss: 1.501611  [ 2560/100000]
loss: 1.598239  [ 5120/100000]
loss: 1.309560  [ 7680/100000]
loss: 1.425118  [10240/100000]
loss: 1.519980  [12800/100000]
loss: 1.557623  [15360/100000]
loss: 1.561520  [17920/100000]
loss: 1.525770  [20480/100000]
loss: 1.315552  [23040/100000]
loss: 1.513494  [25600/100000]
loss: 1.587380  [28160/100000]
loss: 1.529404  [30720/100000]
loss: 1.673271  [33280/100000]
loss: 1.574233  [35840/100000]
loss: 1.733199  [38400/100000]
loss: 1.629112  [40960/100000]
loss: 1.437578  [43520/100000]
loss: 1.819794  [46080/100000]
loss: 1.303350  [48640/100000]
loss: 1.546999  [51200/100000]
loss: 1.668428  [53760/100000]
loss: 1.372452  [56320/100000]
loss: 1.665094  [58880/100000]
loss: 1.693823  [61440/100000]
loss: 1.613185  [64000/100000]
loss: 1.539746  [66560/100000]
loss: 1.573282  [69120/100000]
loss: 1.259287  [71680/100000]
loss: 1.438994  [74240/100000]
loss: 1.520538  [76800/100000]
loss: 1.490089  [79360/100000]
loss: 1.516410  [81920/100000]
loss: 1.470956  [84480/100000]
loss: 1.568508  [87040/100000]
loss: 1.722342  [89600/100000]
loss: 1.802681  [92160/100000]
loss: 1.750849  [94720/100000]
loss: 1.327100  [97280/100000]
loss: 1.587496  [62400/100000]
Epoch 37 finished in 104.56 seconds

Epoch 38
-------------------------------
loss: 1.389959  [    0/100000]
loss: 1.437838  [ 2560/100000]
loss: 1.372531  [ 5120/100000]
loss: 1.374739  [ 7680/100000]
loss: 1.222644  [10240/100000]
loss: 1.455548  [12800/100000]
loss: 1.590955  [15360/100000]
loss: 1.387398  [17920/100000]
loss: 1.387592  [20480/100000]
loss: 1.623665  [23040/100000]
loss: 1.447281  [25600/100000]
loss: 1.358054  [28160/100000]
loss: 1.141936  [30720/100000]
loss: 1.483427  [33280/100000]
loss: 1.561410  [35840/100000]
loss: 1.316754  [38400/100000]
loss: 1.356201  [40960/100000]
loss: 1.445034  [43520/100000]
loss: 1.323864  [46080/100000]
loss: 1.685855  [48640/100000]
loss: 1.464752  [51200/100000]
loss: 1.420011  [53760/100000]
loss: 1.332450  [56320/100000]
loss: 1.547603  [58880/100000]
loss: 1.302557  [61440/100000]
loss: 1.427071  [64000/100000]
loss: 1.479535  [66560/100000]
loss: 1.582965  [69120/100000]
loss: 1.535197  [71680/100000]
loss: 1.502179  [74240/100000]
loss: 1.412214  [76800/100000]
loss: 1.803974  [79360/100000]
loss: 1.402211  [81920/100000]
loss: 1.473008  [84480/100000]
loss: 1.583520  [87040/100000]
loss: 1.696760  [89600/100000]
loss: 1.640121  [92160/100000]
loss: 1.812060  [94720/100000]
loss: 1.589201  [97280/100000]
loss: 1.352740  [62400/100000]
Epoch 38 finished in 104.58 seconds

Epoch 39
-------------------------------
loss: 1.355213  [    0/100000]
loss: 1.282259  [ 2560/100000]
loss: 1.367863  [ 5120/100000]
loss: 1.279123  [ 7680/100000]
loss: 1.334800  [10240/100000]
loss: 1.338458  [12800/100000]
loss: 1.239448  [15360/100000]
loss: 1.497470  [17920/100000]
loss: 1.494922  [20480/100000]
loss: 1.616220  [23040/100000]
loss: 1.303785  [25600/100000]
loss: 1.224855  [28160/100000]
loss: 1.592610  [30720/100000]
loss: 1.338161  [33280/100000]
loss: 1.704638  [35840/100000]
loss: 1.451536  [38400/100000]
loss: 1.391717  [40960/100000]
loss: 1.526166  [43520/100000]
loss: 1.383784  [46080/100000]
loss: 1.260298  [48640/100000]
loss: 1.572911  [51200/100000]
loss: 1.311331  [53760/100000]
loss: 1.405450  [56320/100000]
loss: 1.311179  [58880/100000]
loss: 1.556170  [61440/100000]
loss: 1.320346  [64000/100000]
loss: 1.495040  [66560/100000]
loss: 1.696957  [69120/100000]
loss: 1.357583  [71680/100000]
loss: 1.551401  [74240/100000]
loss: 1.386490  [76800/100000]
loss: 1.468287  [79360/100000]
loss: 1.368656  [81920/100000]
loss: 1.493840  [84480/100000]
loss: 1.599103  [87040/100000]
loss: 1.340754  [89600/100000]
loss: 1.486849  [92160/100000]
loss: 1.533871  [94720/100000]
loss: 1.524648  [97280/100000]
loss: 1.255503  [62400/100000]
Epoch 39 finished in 104.54 seconds

Epoch 40
-------------------------------
loss: 1.252871  [    0/100000]
loss: 1.353164  [ 2560/100000]
loss: 1.137801  [ 5120/100000]
loss: 1.269186  [ 7680/100000]
loss: 1.196595  [10240/100000]
loss: 1.259414  [12800/100000]
loss: 1.225135  [15360/100000]
loss: 1.235222  [17920/100000]
loss: 1.437544  [20480/100000]
loss: 1.307440  [23040/100000]
loss: 1.356543  [25600/100000]
loss: 1.385091  [28160/100000]
loss: 1.422314  [30720/100000]
loss: 1.587697  [33280/100000]
loss: 1.259220  [35840/100000]
loss: 1.303823  [38400/100000]
loss: 1.372544  [40960/100000]
loss: 1.365808  [43520/100000]
loss: 1.302566  [46080/100000]
loss: 1.267951  [48640/100000]
loss: 1.458581  [51200/100000]
loss: 1.457014  [53760/100000]
loss: 1.357918  [56320/100000]
loss: 1.384349  [58880/100000]
loss: 1.349439  [61440/100000]
loss: 1.426226  [64000/100000]
loss: 1.667253  [66560/100000]
loss: 1.542643  [69120/100000]
loss: 1.358916  [71680/100000]
loss: 1.518866  [74240/100000]
loss: 1.448041  [76800/100000]
loss: 1.188331  [79360/100000]
loss: 1.491980  [81920/100000]
loss: 1.463657  [84480/100000]
loss: 1.452585  [87040/100000]
loss: 1.395064  [89600/100000]
loss: 1.412916  [92160/100000]
loss: 1.374157  [94720/100000]
loss: 1.298469  [97280/100000]
loss: 1.588076  [62400/100000]
Epoch 40 finished in 104.73 seconds

Epoch 41
-------------------------------
loss: 1.412908  [    0/100000]
loss: 1.198469  [ 2560/100000]
loss: 1.387760  [ 5120/100000]
loss: 1.335467  [ 7680/100000]
loss: 1.418167  [10240/100000]
loss: 1.236059  [12800/100000]
loss: 1.258186  [15360/100000]
loss: 1.359823  [17920/100000]
loss: 1.291763  [20480/100000]
loss: 1.399983  [23040/100000]
loss: 1.385890  [25600/100000]
loss: 1.472980  [28160/100000]
loss: 1.159481  [30720/100000]
loss: 1.151293  [33280/100000]
loss: 1.291900  [35840/100000]
loss: 1.223974  [38400/100000]
loss: 1.434306  [40960/100000]
loss: 1.233232  [43520/100000]
loss: 1.190975  [46080/100000]
loss: 1.196012  [48640/100000]
loss: 1.386122  [51200/100000]
loss: 1.478668  [53760/100000]
loss: 1.419125  [56320/100000]
loss: 1.683937  [58880/100000]
loss: 1.342046  [61440/100000]
loss: 1.388493  [64000/100000]
loss: 1.426989  [66560/100000]
loss: 1.520287  [69120/100000]
loss: 1.361092  [71680/100000]
loss: 1.301833  [74240/100000]
loss: 1.240328  [76800/100000]
loss: 1.346022  [79360/100000]
loss: 1.161616  [81920/100000]
loss: 1.334126  [84480/100000]
loss: 1.445616  [87040/100000]
loss: 1.453946  [89600/100000]
loss: 1.544065  [92160/100000]
loss: 1.359206  [94720/100000]
loss: 1.304337  [97280/100000]
loss: 1.330206  [62400/100000]
Epoch 41 finished in 104.54 seconds

Epoch 42
-------------------------------
loss: 1.184935  [    0/100000]
loss: 1.227130  [ 2560/100000]
loss: 1.182285  [ 5120/100000]
loss: 1.318600  [ 7680/100000]
loss: 1.133465  [10240/100000]
loss: 1.132395  [12800/100000]
loss: 1.233607  [15360/100000]
loss: 1.170654  [17920/100000]
loss: 1.476960  [20480/100000]
loss: 1.390439  [23040/100000]
loss: 1.257523  [25600/100000]
loss: 1.134815  [28160/100000]
loss: 1.368738  [30720/100000]
loss: 1.128749  [33280/100000]
loss: 1.407025  [35840/100000]
loss: 1.190036  [38400/100000]
loss: 1.398973  [40960/100000]
loss: 1.326555  [43520/100000]
loss: 1.405843  [46080/100000]
loss: 1.252553  [48640/100000]
loss: 1.289024  [51200/100000]
loss: 1.331024  [53760/100000]
loss: 1.537723  [56320/100000]
loss: 1.401460  [58880/100000]
loss: 1.301099  [61440/100000]
loss: 1.159777  [64000/100000]
loss: 1.380597  [66560/100000]
loss: 1.245511  [69120/100000]
loss: 1.532462  [71680/100000]
loss: 1.144295  [74240/100000]
loss: 1.238633  [76800/100000]
loss: 1.195692  [79360/100000]
loss: 1.249747  [81920/100000]
loss: 1.419382  [84480/100000]
loss: 1.312664  [87040/100000]
loss: 1.605471  [89600/100000]
loss: 1.405955  [92160/100000]
loss: 1.224315  [94720/100000]
loss: 1.337909  [97280/100000]
loss: 1.580652  [62400/100000]
Epoch 42 finished in 104.52 seconds

Epoch 43
-------------------------------
loss: 1.172616  [    0/100000]
loss: 1.329703  [ 2560/100000]
loss: 1.032696  [ 5120/100000]
loss: 1.141046  [ 7680/100000]
loss: 1.350052  [10240/100000]
loss: 1.419299  [12800/100000]
loss: 1.020637  [15360/100000]
loss: 1.283184  [17920/100000]
loss: 1.158865  [20480/100000]
loss: 1.193976  [23040/100000]
loss: 1.052102  [25600/100000]
loss: 1.188203  [28160/100000]
loss: 1.218988  [30720/100000]
loss: 1.404180  [33280/100000]
loss: 1.234340  [35840/100000]
loss: 1.319111  [38400/100000]
loss: 1.336696  [40960/100000]
loss: 1.210883  [43520/100000]
loss: 1.061931  [46080/100000]
loss: 1.372250  [48640/100000]
loss: 1.403760  [51200/100000]
loss: 1.352403  [53760/100000]
loss: 1.499453  [56320/100000]
loss: 1.286153  [58880/100000]
loss: 1.297830  [61440/100000]
loss: 1.312932  [64000/100000]
loss: 1.340804  [66560/100000]
loss: 1.166740  [69120/100000]
loss: 1.219753  [71680/100000]
loss: 1.234314  [74240/100000]
loss: 1.390520  [76800/100000]
loss: 1.259115  [79360/100000]
loss: 1.526437  [81920/100000]
loss: 1.305334  [84480/100000]
loss: 1.302690  [87040/100000]
loss: 1.547667  [89600/100000]
loss: 1.397151  [92160/100000]
loss: 1.270905  [94720/100000]
loss: 1.336847  [97280/100000]
loss: 1.249281  [62400/100000]
Epoch 43 finished in 104.59 seconds

Epoch 44
-------------------------------
loss: 1.012128  [    0/100000]
loss: 1.129709  [ 2560/100000]
loss: 1.053921  [ 5120/100000]
loss: 1.207246  [ 7680/100000]
loss: 1.178900  [10240/100000]
loss: 1.292602  [12800/100000]
loss: 1.081995  [15360/100000]
loss: 1.209000  [17920/100000]
loss: 1.244712  [20480/100000]
loss: 1.422275  [23040/100000]
loss: 1.181072  [25600/100000]
loss: 1.210090  [28160/100000]
loss: 1.191123  [30720/100000]
loss: 1.319638  [33280/100000]
loss: 1.311353  [35840/100000]
loss: 1.271679  [38400/100000]
loss: 1.271667  [40960/100000]
loss: 1.171393  [43520/100000]
loss: 1.139064  [46080/100000]
loss: 1.304070  [48640/100000]
loss: 1.288737  [51200/100000]
loss: 1.275819  [53760/100000]
loss: 1.405827  [56320/100000]
loss: 1.176453  [58880/100000]
loss: 1.374588  [61440/100000]
loss: 1.156007  [64000/100000]
loss: 1.087895  [66560/100000]
loss: 1.258002  [69120/100000]
loss: 1.269274  [71680/100000]
loss: 1.228974  [74240/100000]
loss: 1.443948  [76800/100000]
loss: 1.270194  [79360/100000]
loss: 1.314220  [81920/100000]
loss: 1.177105  [84480/100000]
loss: 1.466544  [87040/100000]
loss: 1.488784  [89600/100000]
loss: 1.215109  [92160/100000]
loss: 1.307119  [94720/100000]
loss: 1.308654  [97280/100000]
loss: 1.430509  [62400/100000]
Epoch 44 finished in 104.56 seconds

Epoch 45
-------------------------------
loss: 1.064323  [    0/100000]
loss: 0.933789  [ 2560/100000]
loss: 0.977797  [ 5120/100000]
loss: 1.130858  [ 7680/100000]
loss: 1.116728  [10240/100000]
loss: 1.105961  [12800/100000]
loss: 1.115041  [15360/100000]
loss: 1.039814  [17920/100000]
loss: 0.963220  [20480/100000]
loss: 1.140126  [23040/100000]
loss: 1.171244  [25600/100000]
loss: 1.287493  [28160/100000]
loss: 1.247953  [30720/100000]
loss: 1.192708  [33280/100000]
loss: 1.143591  [35840/100000]
loss: 1.278117  [38400/100000]
loss: 1.301465  [40960/100000]
loss: 1.196686  [43520/100000]
loss: 1.054925  [46080/100000]
loss: 1.125906  [48640/100000]
loss: 1.131576  [51200/100000]
loss: 1.320743  [53760/100000]
loss: 1.285713  [56320/100000]
loss: 1.165807  [58880/100000]
loss: 1.208915  [61440/100000]
loss: 1.178184  [64000/100000]
loss: 1.296027  [66560/100000]
loss: 1.351843  [69120/100000]
loss: 1.324493  [71680/100000]
loss: 1.471986  [74240/100000]
loss: 1.277975  [76800/100000]
loss: 1.218095  [79360/100000]
loss: 1.425269  [81920/100000]
loss: 1.400213  [84480/100000]
loss: 1.212717  [87040/100000]
loss: 1.351500  [89600/100000]
loss: 1.187975  [92160/100000]
loss: 1.318603  [94720/100000]
loss: 1.082052  [97280/100000]
loss: 1.297621  [62400/100000]
Epoch 45 finished in 104.56 seconds

Epoch 46
-------------------------------
loss: 1.272575  [    0/100000]
loss: 0.979251  [ 2560/100000]
loss: 0.995368  [ 5120/100000]
loss: 1.138620  [ 7680/100000]
loss: 1.241020  [10240/100000]
loss: 1.026791  [12800/100000]
loss: 1.194615  [15360/100000]
loss: 1.110513  [17920/100000]
loss: 1.119567  [20480/100000]
loss: 1.006551  [23040/100000]
loss: 1.011388  [25600/100000]
loss: 1.098111  [28160/100000]
loss: 1.226072  [30720/100000]
loss: 1.269437  [33280/100000]
loss: 1.055337  [35840/100000]
loss: 1.116864  [38400/100000]
loss: 1.322896  [40960/100000]
loss: 1.167439  [43520/100000]
loss: 1.130868  [46080/100000]
loss: 1.183443  [48640/100000]
loss: 1.141116  [51200/100000]
loss: 1.233724  [53760/100000]
loss: 1.167209  [56320/100000]
loss: 1.142582  [58880/100000]
loss: 1.136102  [61440/100000]
loss: 1.061791  [64000/100000]
loss: 1.367162  [66560/100000]
loss: 1.354952  [69120/100000]
loss: 1.238972  [71680/100000]
loss: 1.247740  [74240/100000]
loss: 1.260054  [76800/100000]
loss: 1.178033  [79360/100000]
loss: 1.272808  [81920/100000]
loss: 1.140835  [84480/100000]
loss: 1.288447  [87040/100000]
loss: 1.463741  [89600/100000]
loss: 1.386611  [92160/100000]
loss: 1.385296  [94720/100000]
loss: 1.127738  [97280/100000]
loss: 1.275230  [62400/100000]
Epoch 46 finished in 104.57 seconds

Epoch 47
-------------------------------
loss: 1.004772  [    0/100000]
loss: 0.897505  [ 2560/100000]
loss: 0.978816  [ 5120/100000]
loss: 0.844444  [ 7680/100000]
loss: 1.298519  [10240/100000]
loss: 1.285927  [12800/100000]
loss: 1.037405  [15360/100000]
loss: 1.087708  [17920/100000]
loss: 1.023485  [20480/100000]
loss: 1.214563  [23040/100000]
loss: 0.936985  [25600/100000]
loss: 1.198813  [28160/100000]
loss: 1.159890  [30720/100000]
loss: 1.070038  [33280/100000]
loss: 1.169777  [35840/100000]
loss: 1.043266  [38400/100000]
loss: 1.157381  [40960/100000]
loss: 1.283655  [43520/100000]
loss: 1.057932  [46080/100000]
loss: 1.157094  [48640/100000]
loss: 1.053433  [51200/100000]
loss: 1.249363  [53760/100000]
loss: 1.149947  [56320/100000]
loss: 1.381650  [58880/100000]
loss: 1.303409  [61440/100000]
loss: 1.059819  [64000/100000]
loss: 1.150101  [66560/100000]
loss: 1.165376  [69120/100000]
loss: 1.011623  [71680/100000]
loss: 0.974769  [74240/100000]
loss: 1.260129  [76800/100000]
loss: 1.211638  [79360/100000]
loss: 1.044496  [81920/100000]
loss: 1.060994  [84480/100000]
loss: 1.152340  [87040/100000]
loss: 1.102376  [89600/100000]
loss: 1.352396  [92160/100000]
loss: 1.406574  [94720/100000]
loss: 1.190723  [97280/100000]
loss: 1.063597  [62400/100000]
Epoch 47 finished in 104.50 seconds

Epoch 48
-------------------------------
loss: 1.099988  [    0/100000]
loss: 0.915756  [ 2560/100000]
loss: 0.950124  [ 5120/100000]
loss: 1.122037  [ 7680/100000]
loss: 0.963716  [10240/100000]
loss: 0.962933  [12800/100000]
loss: 1.077131  [15360/100000]
loss: 1.286691  [17920/100000]
loss: 1.137084  [20480/100000]
loss: 1.081923  [23040/100000]
loss: 1.222554  [25600/100000]
loss: 1.055105  [28160/100000]
loss: 1.106411  [30720/100000]
loss: 1.247517  [33280/100000]
loss: 1.060318  [35840/100000]
loss: 1.149477  [38400/100000]
loss: 1.122364  [40960/100000]
loss: 1.025453  [43520/100000]
loss: 1.175434  [46080/100000]
loss: 1.222174  [48640/100000]
loss: 1.061264  [51200/100000]
loss: 0.926098  [53760/100000]
loss: 1.168348  [56320/100000]
loss: 1.265716  [58880/100000]
loss: 1.017191  [61440/100000]
loss: 1.041011  [64000/100000]
loss: 1.129384  [66560/100000]
loss: 1.250455  [69120/100000]
loss: 0.981579  [71680/100000]
loss: 0.983384  [74240/100000]
loss: 1.050379  [76800/100000]
loss: 1.146721  [79360/100000]
loss: 1.094324  [81920/100000]
loss: 0.981943  [84480/100000]
loss: 1.137755  [87040/100000]
loss: 1.198557  [89600/100000]
loss: 1.142154  [92160/100000]
loss: 1.161490  [94720/100000]
loss: 1.408430  [97280/100000]
loss: 1.184094  [62400/100000]
Epoch 48 finished in 104.50 seconds

Epoch 49
-------------------------------
loss: 1.159771  [    0/100000]
loss: 0.963656  [ 2560/100000]
loss: 1.066790  [ 5120/100000]
loss: 0.927126  [ 7680/100000]
loss: 1.035428  [10240/100000]
loss: 0.993071  [12800/100000]
loss: 1.187865  [15360/100000]
loss: 1.170941  [17920/100000]
loss: 0.969937  [20480/100000]
loss: 1.138765  [23040/100000]
loss: 1.057316  [25600/100000]
loss: 0.995727  [28160/100000]
loss: 0.930784  [30720/100000]
loss: 1.211347  [33280/100000]
loss: 1.200240  [35840/100000]
loss: 1.013150  [38400/100000]
loss: 0.849479  [40960/100000]
loss: 1.024835  [43520/100000]
loss: 1.094420  [46080/100000]
loss: 0.979120  [48640/100000]
loss: 1.129746  [51200/100000]
loss: 1.049272  [53760/100000]
loss: 1.128685  [56320/100000]
loss: 0.924703  [58880/100000]
loss: 1.236733  [61440/100000]
loss: 1.044715  [64000/100000]
loss: 0.965345  [66560/100000]
loss: 0.989400  [69120/100000]
loss: 0.914808  [71680/100000]
loss: 1.084904  [74240/100000]
loss: 1.026666  [76800/100000]
loss: 1.055301  [79360/100000]
loss: 1.228415  [81920/100000]
loss: 1.085327  [84480/100000]
loss: 1.033421  [87040/100000]
loss: 1.097456  [89600/100000]
loss: 1.347970  [92160/100000]
loss: 1.274632  [94720/100000]
loss: 1.265556  [97280/100000]
loss: 1.235896  [62400/100000]
Epoch 49 finished in 104.44 seconds

Epoch 50
-------------------------------
loss: 1.166424  [    0/100000]
loss: 1.000030  [ 2560/100000]
loss: 1.201288  [ 5120/100000]
loss: 0.967554  [ 7680/100000]
loss: 1.040579  [10240/100000]
loss: 0.905114  [12800/100000]
loss: 0.893160  [15360/100000]
loss: 0.826220  [17920/100000]
loss: 1.199506  [20480/100000]
loss: 1.048020  [23040/100000]
loss: 1.052986  [25600/100000]
loss: 0.940005  [28160/100000]
loss: 1.152682  [30720/100000]
loss: 0.986628  [33280/100000]
loss: 0.947616  [35840/100000]
loss: 0.918990  [38400/100000]
loss: 1.068977  [40960/100000]
loss: 1.065503  [43520/100000]
loss: 0.885883  [46080/100000]
loss: 1.088356  [48640/100000]
loss: 0.983213  [51200/100000]
loss: 1.002375  [53760/100000]
loss: 0.949957  [56320/100000]
loss: 1.024885  [58880/100000]
loss: 0.953891  [61440/100000]
loss: 1.237065  [64000/100000]
loss: 1.054983  [66560/100000]
loss: 1.094203  [69120/100000]
loss: 1.187333  [71680/100000]
loss: 1.116307  [74240/100000]
loss: 1.097618  [76800/100000]
loss: 1.075937  [79360/100000]
loss: 0.976047  [81920/100000]
loss: 1.163785  [84480/100000]
loss: 1.131274  [87040/100000]
loss: 1.105094  [89600/100000]
loss: 1.020256  [92160/100000]
loss: 1.009182  [94720/100000]
loss: 0.962031  [97280/100000]
loss: 1.421051  [62400/100000]
Epoch 50 finished in 104.50 seconds

Epoch 51
-------------------------------
loss: 1.015100  [    0/100000]
loss: 0.910608  [ 2560/100000]
loss: 0.824643  [ 5120/100000]
loss: 0.927459  [ 7680/100000]
loss: 1.135754  [10240/100000]
loss: 0.876271  [12800/100000]
loss: 0.948081  [15360/100000]
loss: 1.133408  [17920/100000]
loss: 0.932433  [20480/100000]
loss: 0.835881  [23040/100000]
loss: 0.967366  [25600/100000]
loss: 0.976429  [28160/100000]
loss: 0.863694  [30720/100000]
loss: 0.954729  [33280/100000]
loss: 1.100368  [35840/100000]
loss: 0.959379  [38400/100000]
loss: 0.992706  [40960/100000]
loss: 1.070449  [43520/100000]
loss: 0.930201  [46080/100000]
loss: 1.192945  [48640/100000]
loss: 1.046515  [51200/100000]
loss: 1.112778  [53760/100000]
loss: 0.931347  [56320/100000]
loss: 1.153803  [58880/100000]
loss: 1.261891  [61440/100000]
loss: 1.036787  [64000/100000]
loss: 0.990441  [66560/100000]
loss: 1.010528  [69120/100000]
loss: 1.113470  [71680/100000]
loss: 1.147766  [74240/100000]
loss: 1.070765  [76800/100000]
loss: 1.282630  [79360/100000]
loss: 1.153064  [81920/100000]
loss: 1.039330  [84480/100000]
loss: 0.946726  [87040/100000]
loss: 0.864222  [89600/100000]
loss: 0.904376  [92160/100000]
loss: 0.877215  [94720/100000]
loss: 0.902809  [97280/100000]
loss: 1.229575  [62400/100000]
Epoch 51 finished in 104.55 seconds

Epoch 52
-------------------------------
loss: 0.921047  [    0/100000]
loss: 0.874947  [ 2560/100000]
loss: 0.916146  [ 5120/100000]
loss: 1.060472  [ 7680/100000]
loss: 0.877597  [10240/100000]
loss: 1.099319  [12800/100000]
loss: 0.948020  [15360/100000]
loss: 0.970764  [17920/100000]
loss: 0.879687  [20480/100000]
loss: 0.955317  [23040/100000]
loss: 0.927427  [25600/100000]
loss: 0.954331  [28160/100000]
loss: 0.944738  [30720/100000]
loss: 1.064611  [33280/100000]
loss: 0.937307  [35840/100000]
loss: 1.084173  [38400/100000]
loss: 1.066310  [40960/100000]
loss: 0.980593  [43520/100000]
loss: 0.961930  [46080/100000]
loss: 1.069479  [48640/100000]
loss: 1.005256  [51200/100000]
loss: 1.072057  [53760/100000]
loss: 0.994961  [56320/100000]
loss: 0.940457  [58880/100000]
loss: 1.208287  [61440/100000]
loss: 0.982617  [64000/100000]
loss: 1.138942  [66560/100000]
loss: 1.053534  [69120/100000]
loss: 1.352098  [71680/100000]
loss: 1.181159  [74240/100000]
loss: 0.959475  [76800/100000]
loss: 1.253247  [79360/100000]
loss: 0.876751  [81920/100000]
loss: 1.146224  [84480/100000]
loss: 1.087906  [87040/100000]
loss: 0.904255  [89600/100000]
loss: 1.184382  [92160/100000]
loss: 1.191079  [94720/100000]
loss: 1.189860  [97280/100000]
loss: 1.106672  [62400/100000]
Epoch 52 finished in 104.50 seconds

Epoch 53
-------------------------------
loss: 0.883147  [    0/100000]
loss: 0.943314  [ 2560/100000]
loss: 0.795189  [ 5120/100000]
loss: 0.966247  [ 7680/100000]
loss: 0.785753  [10240/100000]
loss: 0.945714  [12800/100000]
loss: 0.813238  [15360/100000]
loss: 0.835670  [17920/100000]
loss: 0.929805  [20480/100000]
loss: 0.775648  [23040/100000]
loss: 0.975848  [25600/100000]
loss: 0.966749  [28160/100000]
loss: 0.974406  [30720/100000]
loss: 0.812264  [33280/100000]
loss: 0.961522  [35840/100000]
loss: 1.118510  [38400/100000]
loss: 0.887492  [40960/100000]
loss: 0.952546  [43520/100000]
loss: 1.119828  [46080/100000]
loss: 0.697713  [48640/100000]
loss: 0.989784  [51200/100000]
loss: 0.982774  [53760/100000]
loss: 0.940892  [56320/100000]
loss: 1.189060  [58880/100000]
loss: 0.986266  [61440/100000]
loss: 0.966971  [64000/100000]
loss: 0.980824  [66560/100000]
loss: 1.048392  [69120/100000]
loss: 1.037077  [71680/100000]
loss: 0.985466  [74240/100000]
loss: 1.109040  [76800/100000]
loss: 1.083253  [79360/100000]
loss: 1.049010  [81920/100000]
loss: 0.956086  [84480/100000]
loss: 1.135725  [87040/100000]
loss: 0.823883  [89600/100000]
loss: 1.141659  [92160/100000]
loss: 1.079540  [94720/100000]
loss: 1.029545  [97280/100000]
loss: 0.785029  [62400/100000]
Epoch 53 finished in 104.52 seconds

Epoch 54
-------------------------------
loss: 0.816662  [    0/100000]
loss: 0.990254  [ 2560/100000]
loss: 0.845329  [ 5120/100000]
loss: 1.004086  [ 7680/100000]
loss: 0.970151  [10240/100000]
loss: 0.645394  [12800/100000]
loss: 0.935392  [15360/100000]
loss: 0.763981  [17920/100000]
loss: 1.054429  [20480/100000]
loss: 0.942906  [23040/100000]
loss: 0.804851  [25600/100000]
loss: 0.924922  [28160/100000]
loss: 0.832403  [30720/100000]
loss: 1.056936  [33280/100000]
loss: 0.986758  [35840/100000]
loss: 1.032761  [38400/100000]
loss: 1.005917  [40960/100000]
loss: 1.144614  [43520/100000]
loss: 1.015597  [46080/100000]
loss: 0.982489  [48640/100000]
loss: 0.972609  [51200/100000]
loss: 0.987676  [53760/100000]
loss: 0.931185  [56320/100000]
loss: 1.140433  [58880/100000]
loss: 1.045399  [61440/100000]
loss: 0.905066  [64000/100000]
loss: 0.944432  [66560/100000]
loss: 0.972183  [69120/100000]
loss: 0.881292  [71680/100000]
loss: 0.879760  [74240/100000]
loss: 0.954264  [76800/100000]
loss: 0.973170  [79360/100000]
loss: 0.934918  [81920/100000]
loss: 0.924058  [84480/100000]
loss: 0.908878  [87040/100000]
loss: 0.987229  [89600/100000]
loss: 1.036452  [92160/100000]
loss: 0.902647  [94720/100000]
loss: 0.948695  [97280/100000]
loss: 1.229998  [62400/100000]
Epoch 54 finished in 104.47 seconds

Epoch 55
-------------------------------
loss: 0.858651  [    0/100000]
loss: 0.848656  [ 2560/100000]
loss: 0.839391  [ 5120/100000]
loss: 0.777753  [ 7680/100000]
loss: 0.769487  [10240/100000]
loss: 0.745623  [12800/100000]
loss: 1.013743  [15360/100000]
loss: 1.009756  [17920/100000]
loss: 0.926060  [20480/100000]
loss: 0.924063  [23040/100000]
loss: 0.924359  [25600/100000]
loss: 0.796999  [28160/100000]
loss: 0.931060  [30720/100000]
loss: 0.941074  [33280/100000]
loss: 0.963593  [35840/100000]
loss: 0.935619  [38400/100000]
loss: 0.981320  [40960/100000]
loss: 0.980329  [43520/100000]
loss: 0.754746  [46080/100000]
loss: 0.850301  [48640/100000]
loss: 1.168097  [51200/100000]
loss: 1.032754  [53760/100000]
loss: 0.929453  [56320/100000]
loss: 0.949192  [58880/100000]
loss: 1.016718  [61440/100000]
loss: 0.938103  [64000/100000]
loss: 1.070626  [66560/100000]
loss: 0.868585  [69120/100000]
loss: 0.840696  [71680/100000]
loss: 0.982160  [74240/100000]
loss: 1.044564  [76800/100000]
loss: 0.878027  [79360/100000]
loss: 1.022235  [81920/100000]
loss: 0.844938  [84480/100000]
loss: 1.083863  [87040/100000]
loss: 0.998052  [89600/100000]
loss: 0.924853  [92160/100000]
loss: 0.777511  [94720/100000]
loss: 1.071739  [97280/100000]
loss: 0.978413  [62400/100000]
Epoch 55 finished in 104.47 seconds

Epoch 56
-------------------------------
loss: 0.741012  [    0/100000]
loss: 0.613391  [ 2560/100000]
loss: 0.725724  [ 5120/100000]
loss: 0.822253  [ 7680/100000]
loss: 0.723195  [10240/100000]
loss: 0.675037  [12800/100000]
loss: 0.845694  [15360/100000]
loss: 0.932583  [17920/100000]
loss: 0.782541  [20480/100000]
loss: 0.825247  [23040/100000]
loss: 0.777859  [25600/100000]
loss: 0.731350  [28160/100000]
loss: 0.718759  [30720/100000]
loss: 0.839969  [33280/100000]
loss: 0.918436  [35840/100000]
loss: 0.807915  [38400/100000]
loss: 0.828112  [40960/100000]
loss: 0.813093  [43520/100000]
loss: 0.847221  [46080/100000]
loss: 1.061235  [48640/100000]
loss: 0.947993  [51200/100000]
loss: 0.828559  [53760/100000]
loss: 0.911354  [56320/100000]
loss: 0.664176  [58880/100000]
loss: 0.964475  [61440/100000]
loss: 0.908308  [64000/100000]
loss: 0.997031  [66560/100000]
loss: 1.082308  [69120/100000]
loss: 1.040230  [71680/100000]
loss: 0.887116  [74240/100000]
loss: 0.758785  [76800/100000]
loss: 0.888999  [79360/100000]
loss: 0.971500  [81920/100000]
loss: 1.138969  [84480/100000]
loss: 0.820763  [87040/100000]
loss: 1.022346  [89600/100000]
loss: 1.233337  [92160/100000]
loss: 0.888490  [94720/100000]
loss: 1.158449  [97280/100000]
loss: 1.106455  [62400/100000]
Epoch 56 finished in 104.57 seconds

Epoch 57
-------------------------------
loss: 0.899179  [    0/100000]
loss: 0.858003  [ 2560/100000]
loss: 0.852949  [ 5120/100000]
loss: 0.823659  [ 7680/100000]
loss: 0.846461  [10240/100000]
loss: 0.732134  [12800/100000]
loss: 0.792120  [15360/100000]
loss: 0.916336  [17920/100000]
loss: 0.848682  [20480/100000]
loss: 0.884078  [23040/100000]
loss: 0.942368  [25600/100000]
loss: 0.917337  [28160/100000]
loss: 1.131637  [30720/100000]
loss: 0.789093  [33280/100000]
loss: 0.970652  [35840/100000]
loss: 0.837114  [38400/100000]
loss: 0.965653  [40960/100000]
loss: 0.844773  [43520/100000]
loss: 1.010648  [46080/100000]
loss: 0.884133  [48640/100000]
loss: 0.809288  [51200/100000]
loss: 0.848631  [53760/100000]
loss: 0.897373  [56320/100000]
loss: 0.684602  [58880/100000]
loss: 0.947201  [61440/100000]
loss: 1.050999  [64000/100000]
loss: 0.931555  [66560/100000]
loss: 0.951070  [69120/100000]
loss: 0.865138  [71680/100000]
loss: 0.873837  [74240/100000]
loss: 1.015659  [76800/100000]
loss: 1.067121  [79360/100000]
loss: 0.907817  [81920/100000]
loss: 0.842916  [84480/100000]
loss: 0.811936  [87040/100000]
loss: 0.814850  [89600/100000]
loss: 0.854583  [92160/100000]
loss: 0.931830  [94720/100000]
loss: 0.951780  [97280/100000]
loss: 1.225309  [62400/100000]
Epoch 57 finished in 104.53 seconds

Epoch 58
-------------------------------
loss: 0.631077  [    0/100000]
loss: 0.857403  [ 2560/100000]
loss: 0.980420  [ 5120/100000]
loss: 0.763546  [ 7680/100000]
loss: 0.749390  [10240/100000]
loss: 0.751124  [12800/100000]
loss: 0.846424  [15360/100000]
loss: 0.761898  [17920/100000]
loss: 0.827484  [20480/100000]
loss: 0.849934  [23040/100000]
loss: 0.856805  [25600/100000]
loss: 0.872963  [28160/100000]
loss: 0.896222  [30720/100000]
loss: 1.048297  [33280/100000]
loss: 0.934142  [35840/100000]
loss: 0.899536  [38400/100000]
loss: 0.809001  [40960/100000]
loss: 0.866516  [43520/100000]
loss: 1.041343  [46080/100000]
loss: 0.883567  [48640/100000]
loss: 0.903397  [51200/100000]
loss: 0.768789  [53760/100000]
loss: 0.899994  [56320/100000]
loss: 0.845283  [58880/100000]
loss: 0.836492  [61440/100000]
loss: 0.682269  [64000/100000]
loss: 0.722748  [66560/100000]
loss: 0.795955  [69120/100000]
loss: 0.785288  [71680/100000]
loss: 1.096451  [74240/100000]
loss: 1.092725  [76800/100000]
loss: 0.912101  [79360/100000]
loss: 1.199474  [81920/100000]
loss: 0.946128  [84480/100000]
loss: 0.874026  [87040/100000]
loss: 0.916820  [89600/100000]
loss: 0.855947  [92160/100000]
loss: 0.895335  [94720/100000]
loss: 0.930775  [97280/100000]
loss: 0.842960  [62400/100000]
Epoch 58 finished in 104.51 seconds

Epoch 59
-------------------------------
loss: 0.797314  [    0/100000]
loss: 0.720134  [ 2560/100000]
loss: 0.706855  [ 5120/100000]
loss: 0.811887  [ 7680/100000]
loss: 0.830791  [10240/100000]
loss: 0.865835  [12800/100000]
loss: 0.791355  [15360/100000]
loss: 0.652380  [17920/100000]
loss: 0.773555  [20480/100000]
loss: 0.822857  [23040/100000]
loss: 0.876115  [25600/100000]
loss: 0.720664  [28160/100000]
loss: 0.906690  [30720/100000]
loss: 0.902988  [33280/100000]
loss: 0.751068  [35840/100000]
loss: 0.781315  [38400/100000]
loss: 0.800083  [40960/100000]
loss: 0.873059  [43520/100000]
loss: 0.833156  [46080/100000]
loss: 0.825696  [48640/100000]
loss: 0.769445  [51200/100000]
loss: 0.967002  [53760/100000]
loss: 0.771671  [56320/100000]
loss: 0.879362  [58880/100000]
loss: 0.767645  [61440/100000]
loss: 0.965935  [64000/100000]
loss: 0.788884  [66560/100000]
loss: 0.866192  [69120/100000]
loss: 0.832539  [71680/100000]
loss: 1.029476  [74240/100000]
loss: 0.836154  [76800/100000]
loss: 0.954177  [79360/100000]
loss: 0.997554  [81920/100000]
loss: 0.824577  [84480/100000]
loss: 0.923334  [87040/100000]
loss: 0.951218  [89600/100000]
loss: 0.881105  [92160/100000]
loss: 0.889723  [94720/100000]
loss: 0.887654  [97280/100000]
loss: 0.855245  [62400/100000]
Epoch 59 finished in 104.48 seconds

Epoch 60
-------------------------------
loss: 0.675372  [    0/100000]
loss: 0.648590  [ 2560/100000]
loss: 0.675367  [ 5120/100000]
loss: 0.774768  [ 7680/100000]
loss: 0.758390  [10240/100000]
loss: 0.724182  [12800/100000]
loss: 0.708078  [15360/100000]
loss: 0.761205  [17920/100000]
loss: 0.753997  [20480/100000]
loss: 0.864498  [23040/100000]
loss: 0.787241  [25600/100000]
loss: 0.810211  [28160/100000]
loss: 0.824669  [30720/100000]
loss: 0.777463  [33280/100000]
loss: 0.856966  [35840/100000]
loss: 0.800889  [38400/100000]
loss: 0.835983  [40960/100000]
loss: 0.855170  [43520/100000]
loss: 0.840909  [46080/100000]
loss: 0.895737  [48640/100000]
loss: 1.048806  [51200/100000]
loss: 0.628067  [53760/100000]
loss: 1.058303  [56320/100000]
loss: 1.061662  [58880/100000]
loss: 0.839399  [61440/100000]
loss: 0.785105  [64000/100000]
loss: 0.847868  [66560/100000]
loss: 0.942546  [69120/100000]
loss: 0.863427  [71680/100000]
loss: 0.933141  [74240/100000]
loss: 0.875149  [76800/100000]
loss: 0.890113  [79360/100000]
loss: 0.837052  [81920/100000]
loss: 0.822793  [84480/100000]
loss: 0.831847  [87040/100000]
loss: 0.768676  [89600/100000]
loss: 0.796432  [92160/100000]
loss: 1.018852  [94720/100000]
loss: 0.897262  [97280/100000]
loss: 0.945905  [62400/100000]
Epoch 60 finished in 104.50 seconds

Epoch 61
-------------------------------
loss: 0.547200  [    0/100000]
loss: 0.859830  [ 2560/100000]
loss: 0.709588  [ 5120/100000]
loss: 0.635695  [ 7680/100000]
loss: 0.709952  [10240/100000]
loss: 0.818014  [12800/100000]
loss: 0.680654  [15360/100000]
loss: 0.725939  [17920/100000]
loss: 0.666858  [20480/100000]
loss: 0.715185  [23040/100000]
loss: 0.844537  [25600/100000]
loss: 0.792508  [28160/100000]
loss: 0.754438  [30720/100000]
loss: 0.662464  [33280/100000]
loss: 0.716998  [35840/100000]
loss: 0.707096  [38400/100000]
loss: 0.760591  [40960/100000]
loss: 0.847751  [43520/100000]
loss: 0.765344  [46080/100000]
loss: 0.621636  [48640/100000]
loss: 0.776027  [51200/100000]
loss: 0.951084  [53760/100000]
loss: 0.939656  [56320/100000]
loss: 0.887155  [58880/100000]
loss: 0.865349  [61440/100000]
loss: 0.788237  [64000/100000]
loss: 0.617358  [66560/100000]
loss: 0.844000  [69120/100000]
loss: 0.920120  [71680/100000]
loss: 0.973398  [74240/100000]
loss: 0.900423  [76800/100000]
loss: 1.065125  [79360/100000]
loss: 0.766108  [81920/100000]
loss: 0.940416  [84480/100000]
loss: 0.744000  [87040/100000]
loss: 0.730134  [89600/100000]
loss: 0.901113  [92160/100000]
loss: 0.908342  [94720/100000]
loss: 0.913617  [97280/100000]
loss: 0.969566  [62400/100000]
Epoch 61 finished in 104.49 seconds

Epoch 62
-------------------------------
loss: 0.716332  [    0/100000]
loss: 0.662098  [ 2560/100000]
loss: 0.786075  [ 5120/100000]
loss: 0.833699  [ 7680/100000]
loss: 0.646086  [10240/100000]
loss: 0.632412  [12800/100000]
loss: 0.791701  [15360/100000]
loss: 0.919524  [17920/100000]
loss: 0.814223  [20480/100000]
loss: 0.780796  [23040/100000]
loss: 0.782024  [25600/100000]
loss: 0.712650  [28160/100000]
loss: 0.733687  [30720/100000]
loss: 0.781924  [33280/100000]
loss: 0.694121  [35840/100000]
loss: 0.687761  [38400/100000]
loss: 0.616781  [40960/100000]
loss: 0.719264  [43520/100000]
loss: 0.869053  [46080/100000]
loss: 1.010619  [48640/100000]
loss: 0.717733  [51200/100000]
loss: 0.792743  [53760/100000]
loss: 0.679977  [56320/100000]
loss: 0.748181  [58880/100000]
loss: 0.673325  [61440/100000]
loss: 0.692128  [64000/100000]
loss: 0.786064  [66560/100000]
loss: 0.807657  [69120/100000]
loss: 0.691301  [71680/100000]
loss: 0.839832  [74240/100000]
loss: 0.777340  [76800/100000]
loss: 0.760572  [79360/100000]
loss: 0.936230  [81920/100000]
loss: 0.795602  [84480/100000]
loss: 0.888782  [87040/100000]
loss: 0.943321  [89600/100000]
loss: 0.725841  [92160/100000]
loss: 0.806405  [94720/100000]
loss: 0.755662  [97280/100000]
loss: 0.812086  [62400/100000]
Epoch 62 finished in 104.55 seconds

Epoch 63
-------------------------------
loss: 0.620020  [    0/100000]
loss: 0.588443  [ 2560/100000]
loss: 0.712425  [ 5120/100000]
loss: 0.751769  [ 7680/100000]
loss: 0.705183  [10240/100000]
loss: 0.348207  [12800/100000]
loss: 0.745618  [15360/100000]
loss: 0.823217  [17920/100000]
loss: 0.724165  [20480/100000]
loss: 0.824762  [23040/100000]
loss: 0.659250  [25600/100000]
loss: 0.785240  [28160/100000]
loss: 0.821172  [30720/100000]
loss: 0.960889  [33280/100000]
loss: 0.851257  [35840/100000]
loss: 0.714992  [38400/100000]
loss: 0.827063  [40960/100000]
loss: 0.740961  [43520/100000]
loss: 0.825566  [46080/100000]
loss: 0.675738  [48640/100000]
loss: 0.778326  [51200/100000]
loss: 0.999569  [53760/100000]
loss: 0.672988  [56320/100000]
loss: 0.886476  [58880/100000]
loss: 0.798939  [61440/100000]
loss: 0.942421  [64000/100000]
loss: 0.841268  [66560/100000]
loss: 0.753717  [69120/100000]
loss: 0.858255  [71680/100000]
loss: 0.857163  [74240/100000]
loss: 0.893546  [76800/100000]
loss: 0.784760  [79360/100000]
loss: 0.850617  [81920/100000]
loss: 0.787358  [84480/100000]
loss: 0.826448  [87040/100000]
loss: 0.766338  [89600/100000]
loss: 0.769065  [92160/100000]
loss: 0.907108  [94720/100000]
loss: 0.890617  [97280/100000]
loss: 0.685941  [62400/100000]
Epoch 63 finished in 104.53 seconds

Epoch 64
-------------------------------
loss: 0.638578  [    0/100000]
loss: 0.706187  [ 2560/100000]
loss: 0.718147  [ 5120/100000]
loss: 0.757445  [ 7680/100000]
loss: 0.680364  [10240/100000]
loss: 0.664332  [12800/100000]
loss: 0.684982  [15360/100000]
loss: 0.705030  [17920/100000]
loss: 0.808455  [20480/100000]
loss: 0.797954  [23040/100000]
loss: 0.691050  [25600/100000]
loss: 0.855231  [28160/100000]
loss: 0.807995  [30720/100000]
loss: 0.647101  [33280/100000]
loss: 0.827302  [35840/100000]
loss: 0.809207  [38400/100000]
loss: 0.673047  [40960/100000]
loss: 0.713647  [43520/100000]
loss: 0.586269  [46080/100000]
loss: 0.782611  [48640/100000]
loss: 0.776669  [51200/100000]
loss: 0.612562  [53760/100000]
loss: 0.878767  [56320/100000]
loss: 0.768941  [58880/100000]
loss: 0.902397  [61440/100000]
loss: 0.763114  [64000/100000]
loss: 0.811365  [66560/100000]
loss: 0.802874  [69120/100000]
loss: 1.041248  [71680/100000]
loss: 0.788097  [74240/100000]
loss: 0.747778  [76800/100000]
loss: 0.748348  [79360/100000]
loss: 0.914330  [81920/100000]
loss: 0.941577  [84480/100000]
loss: 0.840708  [87040/100000]
loss: 0.764015  [89600/100000]
loss: 1.006347  [92160/100000]
loss: 0.891745  [94720/100000]
loss: 0.803501  [97280/100000]
loss: 0.689766  [62400/100000]
Epoch 64 finished in 104.56 seconds

Epoch 65
-------------------------------
loss: 0.546164  [    0/100000]
loss: 0.623029  [ 2560/100000]
loss: 0.668573  [ 5120/100000]
loss: 0.629525  [ 7680/100000]
loss: 0.609416  [10240/100000]
loss: 0.700556  [12800/100000]
loss: 0.644209  [15360/100000]
loss: 0.702873  [17920/100000]
loss: 0.740022  [20480/100000]
loss: 0.680815  [23040/100000]
loss: 0.710794  [25600/100000]
loss: 0.577027  [28160/100000]
loss: 0.588916  [30720/100000]
loss: 0.745653  [33280/100000]
loss: 0.722514  [35840/100000]
loss: 0.706743  [38400/100000]
loss: 0.719968  [40960/100000]
loss: 0.658721  [43520/100000]
loss: 0.781356  [46080/100000]
loss: 0.628900  [48640/100000]
loss: 0.773618  [51200/100000]
loss: 0.740707  [53760/100000]
loss: 0.844031  [56320/100000]
loss: 0.694815  [58880/100000]
loss: 0.874383  [61440/100000]
loss: 0.785972  [64000/100000]
loss: 0.697660  [66560/100000]
loss: 0.775853  [69120/100000]
loss: 0.673985  [71680/100000]
loss: 0.780442  [74240/100000]
loss: 0.789767  [76800/100000]
loss: 0.800050  [79360/100000]
loss: 0.894341  [81920/100000]
loss: 0.866581  [84480/100000]
loss: 0.650541  [87040/100000]
loss: 0.707367  [89600/100000]
loss: 0.809741  [92160/100000]
loss: 0.874445  [94720/100000]
loss: 1.149680  [97280/100000]
loss: 0.855679  [62400/100000]
Epoch 65 finished in 104.64 seconds

Epoch 66
-------------------------------
loss: 0.703428  [    0/100000]
loss: 0.620973  [ 2560/100000]
loss: 0.704148  [ 5120/100000]
loss: 0.696362  [ 7680/100000]
loss: 0.644405  [10240/100000]
loss: 0.702634  [12800/100000]
loss: 0.648439  [15360/100000]
loss: 0.596301  [17920/100000]
loss: 0.851238  [20480/100000]
loss: 0.746897  [23040/100000]
loss: 0.643931  [25600/100000]
loss: 0.764448  [28160/100000]
loss: 0.487673  [30720/100000]
loss: 0.621370  [33280/100000]
loss: 0.710938  [35840/100000]
loss: 0.679702  [38400/100000]
loss: 0.665913  [40960/100000]
loss: 0.608835  [43520/100000]
loss: 0.646797  [46080/100000]
loss: 0.604651  [48640/100000]
loss: 0.849704  [51200/100000]
loss: 0.857700  [53760/100000]
loss: 0.759874  [56320/100000]
loss: 0.834978  [58880/100000]
loss: 0.660547  [61440/100000]
loss: 0.647693  [64000/100000]
loss: 0.752376  [66560/100000]
loss: 0.604053  [69120/100000]
loss: 0.598804  [71680/100000]
loss: 0.640373  [74240/100000]
loss: 0.816453  [76800/100000]
loss: 0.784069  [79360/100000]
loss: 0.664095  [81920/100000]
loss: 0.683167  [84480/100000]
loss: 0.678530  [87040/100000]
loss: 0.846022  [89600/100000]
loss: 0.744663  [92160/100000]
loss: 0.867804  [94720/100000]
loss: 0.867016  [97280/100000]
loss: 0.804788  [62400/100000]
Epoch 66 finished in 104.59 seconds

Epoch 67
-------------------------------
loss: 0.529646  [    0/100000]
loss: 0.520116  [ 2560/100000]
loss: 0.644198  [ 5120/100000]
loss: 0.716615  [ 7680/100000]
loss: 0.520594  [10240/100000]
loss: 0.567544  [12800/100000]
loss: 0.665543  [15360/100000]
loss: 0.783738  [17920/100000]
loss: 0.718863  [20480/100000]
loss: 0.683296  [23040/100000]
loss: 0.751853  [25600/100000]
loss: 0.848470  [28160/100000]
loss: 0.721512  [30720/100000]
loss: 0.712989  [33280/100000]
loss: 0.775682  [35840/100000]
loss: 0.920037  [38400/100000]
loss: 0.707917  [40960/100000]
loss: 0.822462  [43520/100000]
loss: 0.922899  [46080/100000]
loss: 0.643174  [48640/100000]
loss: 0.727517  [51200/100000]
loss: 0.704448  [53760/100000]
loss: 0.852693  [56320/100000]
loss: 0.701526  [58880/100000]
loss: 0.880354  [61440/100000]
loss: 0.679950  [64000/100000]
loss: 0.860258  [66560/100000]
loss: 0.915853  [69120/100000]
loss: 0.789768  [71680/100000]
loss: 0.747232  [74240/100000]
loss: 0.724880  [76800/100000]
loss: 0.630882  [79360/100000]
loss: 0.666909  [81920/100000]
loss: 0.718435  [84480/100000]
loss: 0.757589  [87040/100000]
loss: 0.876058  [89600/100000]
loss: 0.811821  [92160/100000]
loss: 0.863218  [94720/100000]
loss: 0.694611  [97280/100000]
loss: 0.929103  [62400/100000]
Epoch 67 finished in 104.60 seconds

Epoch 68
-------------------------------
loss: 0.548492  [    0/100000]
loss: 0.725986  [ 2560/100000]
loss: 0.816509  [ 5120/100000]
loss: 0.581854  [ 7680/100000]
loss: 0.678455  [10240/100000]
loss: 0.552601  [12800/100000]
loss: 0.655270  [15360/100000]
loss: 0.473212  [17920/100000]
loss: 0.635159  [20480/100000]
loss: 0.480890  [23040/100000]
loss: 0.651082  [25600/100000]
loss: 0.751172  [28160/100000]
loss: 0.635935  [30720/100000]
loss: 0.753134  [33280/100000]
loss: 0.857185  [35840/100000]
loss: 0.991401  [38400/100000]
loss: 0.582393  [40960/100000]
loss: 0.738721  [43520/100000]
loss: 0.812581  [46080/100000]
loss: 0.584636  [48640/100000]
loss: 0.572591  [51200/100000]
loss: 0.615116  [53760/100000]
loss: 0.640281  [56320/100000]
loss: 0.656614  [58880/100000]
loss: 0.816545  [61440/100000]
loss: 0.787634  [64000/100000]
loss: 0.707305  [66560/100000]
loss: 0.605327  [69120/100000]
loss: 0.819472  [71680/100000]
loss: 0.748106  [74240/100000]
loss: 0.811934  [76800/100000]
loss: 0.733280  [79360/100000]
loss: 0.718663  [81920/100000]
loss: 0.841596  [84480/100000]
loss: 0.807335  [87040/100000]
loss: 0.765896  [89600/100000]
loss: 0.724166  [92160/100000]
loss: 0.866676  [94720/100000]
loss: 0.718333  [97280/100000]
loss: 0.720489  [62400/100000]
Epoch 68 finished in 104.55 seconds

Epoch 69
-------------------------------
loss: 0.580807  [    0/100000]
loss: 0.514667  [ 2560/100000]
loss: 0.526646  [ 5120/100000]
loss: 0.785320  [ 7680/100000]
loss: 0.692305  [10240/100000]
loss: 0.769682  [12800/100000]
loss: 0.568951  [15360/100000]
loss: 0.656668  [17920/100000]
loss: 0.581055  [20480/100000]
loss: 0.822815  [23040/100000]
loss: 0.638746  [25600/100000]
loss: 0.694329  [28160/100000]
loss: 0.627462  [30720/100000]
loss: 0.726573  [33280/100000]
loss: 0.687012  [35840/100000]
loss: 0.570536  [38400/100000]
loss: 0.703515  [40960/100000]
loss: 0.639703  [43520/100000]
loss: 0.707670  [46080/100000]
loss: 0.509212  [48640/100000]
loss: 0.592682  [51200/100000]
loss: 0.527184  [53760/100000]
loss: 0.719359  [56320/100000]
loss: 0.627063  [58880/100000]
loss: 0.654276  [61440/100000]
loss: 0.575055  [64000/100000]
loss: 0.593050  [66560/100000]
loss: 0.618264  [69120/100000]
loss: 0.877342  [71680/100000]
loss: 0.811914  [74240/100000]
loss: 0.957200  [76800/100000]
loss: 0.673001  [79360/100000]
loss: 0.928039  [81920/100000]
loss: 0.848567  [84480/100000]
loss: 0.621868  [87040/100000]
loss: 0.723748  [89600/100000]
loss: 0.724492  [92160/100000]
loss: 0.676177  [94720/100000]
loss: 0.800126  [97280/100000]
loss: 0.730527  [62400/100000]
Epoch 69 finished in 104.63 seconds

Epoch 70
-------------------------------
loss: 0.563398  [    0/100000]
loss: 0.668010  [ 2560/100000]
loss: 0.554910  [ 5120/100000]
loss: 0.623403  [ 7680/100000]
loss: 0.614411  [10240/100000]
loss: 0.418181  [12800/100000]
loss: 0.657574  [15360/100000]
loss: 0.528806  [17920/100000]
loss: 0.598446  [20480/100000]
loss: 0.613945  [23040/100000]
loss: 0.661061  [25600/100000]
loss: 0.452042  [28160/100000]
loss: 0.580224  [30720/100000]
loss: 0.667431  [33280/100000]
loss: 0.671690  [35840/100000]
loss: 0.517535  [38400/100000]
loss: 0.669358  [40960/100000]
loss: 0.547710  [43520/100000]
loss: 0.628555  [46080/100000]
loss: 0.811029  [48640/100000]
loss: 0.583837  [51200/100000]
loss: 0.800925  [53760/100000]
loss: 0.647864  [56320/100000]
loss: 0.595245  [58880/100000]
loss: 0.652638  [61440/100000]
loss: 0.778055  [64000/100000]
loss: 0.703454  [66560/100000]
loss: 0.820869  [69120/100000]
loss: 0.646359  [71680/100000]
loss: 0.766374  [74240/100000]
loss: 0.691693  [76800/100000]
loss: 0.823019  [79360/100000]
loss: 0.647947  [81920/100000]
loss: 0.794666  [84480/100000]
loss: 0.714604  [87040/100000]
loss: 0.709488  [89600/100000]
loss: 0.680462  [92160/100000]
loss: 0.694728  [94720/100000]
loss: 0.810421  [97280/100000]
loss: 0.610093  [62400/100000]
Epoch 70 finished in 104.58 seconds

Epoch 71
-------------------------------
loss: 0.463021  [    0/100000]
loss: 0.486787  [ 2560/100000]
loss: 0.483731  [ 5120/100000]
loss: 0.646978  [ 7680/100000]
loss: 0.480995  [10240/100000]
loss: 0.613789  [12800/100000]
loss: 0.710367  [15360/100000]
loss: 0.639931  [17920/100000]
loss: 0.500451  [20480/100000]
loss: 0.680782  [23040/100000]
loss: 0.640608  [25600/100000]
loss: 0.723301  [28160/100000]
loss: 0.549261  [30720/100000]
loss: 0.627582  [33280/100000]
loss: 0.662843  [35840/100000]
loss: 0.636800  [38400/100000]
loss: 0.734021  [40960/100000]
loss: 0.662362  [43520/100000]
loss: 0.700969  [46080/100000]
loss: 0.488848  [48640/100000]
loss: 0.668458  [51200/100000]
loss: 0.811024  [53760/100000]
loss: 0.617484  [56320/100000]
loss: 0.667196  [58880/100000]
loss: 0.762811  [61440/100000]
loss: 0.858356  [64000/100000]
loss: 0.859419  [66560/100000]
loss: 0.780893  [69120/100000]
loss: 0.601316  [71680/100000]
loss: 0.606726  [74240/100000]
loss: 0.667271  [76800/100000]
loss: 0.613673  [79360/100000]
loss: 0.623953  [81920/100000]
loss: 0.873311  [84480/100000]
loss: 0.699265  [87040/100000]
loss: 0.664392  [89600/100000]
loss: 0.790791  [92160/100000]
loss: 0.735095  [94720/100000]
loss: 0.723225  [97280/100000]
loss: 0.859900  [62400/100000]
Epoch 71 finished in 104.63 seconds

Epoch 72
-------------------------------
loss: 0.464924  [    0/100000]
loss: 0.656507  [ 2560/100000]
loss: 0.434635  [ 5120/100000]
loss: 0.707573  [ 7680/100000]
loss: 0.412466  [10240/100000]
loss: 0.593791  [12800/100000]
loss: 0.563129  [15360/100000]
loss: 0.682468  [17920/100000]
loss: 0.514075  [20480/100000]
loss: 0.710818  [23040/100000]
loss: 0.652756  [25600/100000]
loss: 0.478575  [28160/100000]
loss: 0.445112  [30720/100000]
loss: 0.700768  [33280/100000]
loss: 0.416989  [35840/100000]
loss: 0.580377  [38400/100000]
loss: 0.689039  [40960/100000]
loss: 0.742274  [43520/100000]
loss: 0.651175  [46080/100000]
loss: 0.710386  [48640/100000]
loss: 0.624718  [51200/100000]
loss: 0.687546  [53760/100000]
loss: 0.761325  [56320/100000]
loss: 0.808669  [58880/100000]
loss: 0.631233  [61440/100000]
loss: 0.515158  [64000/100000]
loss: 0.673206  [66560/100000]
loss: 0.783708  [69120/100000]
loss: 0.547299  [71680/100000]
loss: 0.723051  [74240/100000]
loss: 0.658989  [76800/100000]
loss: 0.650042  [79360/100000]
loss: 0.730713  [81920/100000]
loss: 0.716361  [84480/100000]
loss: 0.561966  [87040/100000]
loss: 0.699144  [89600/100000]
loss: 0.688536  [92160/100000]
loss: 0.751059  [94720/100000]
loss: 0.758816  [97280/100000]
loss: 0.662574  [62400/100000]
Epoch 72 finished in 104.62 seconds

Epoch 73
-------------------------------
loss: 0.468044  [    0/100000]
loss: 0.532487  [ 2560/100000]
loss: 0.548915  [ 5120/100000]
loss: 0.516857  [ 7680/100000]
loss: 0.680170  [10240/100000]
loss: 0.639572  [12800/100000]
loss: 0.565938  [15360/100000]
loss: 0.574210  [17920/100000]
loss: 0.483823  [20480/100000]
loss: 0.724192  [23040/100000]
loss: 0.645095  [25600/100000]
loss: 0.510486  [28160/100000]
loss: 0.547642  [30720/100000]
loss: 0.707774  [33280/100000]
loss: 0.563371  [35840/100000]
loss: 0.459915  [38400/100000]
loss: 0.681127  [40960/100000]
loss: 0.566117  [43520/100000]
loss: 0.684167  [46080/100000]
loss: 0.740023  [48640/100000]
loss: 0.793473  [51200/100000]
loss: 0.670139  [53760/100000]
loss: 0.639928  [56320/100000]
loss: 0.756491  [58880/100000]
loss: 0.714494  [61440/100000]
loss: 0.597397  [64000/100000]
loss: 0.675831  [66560/100000]
loss: 0.698673  [69120/100000]
loss: 0.739571  [71680/100000]
loss: 0.639878  [74240/100000]
loss: 0.635912  [76800/100000]
loss: 0.778258  [79360/100000]
loss: 0.720617  [81920/100000]
loss: 0.791047  [84480/100000]
loss: 0.777919  [87040/100000]
loss: 0.677309  [89600/100000]
loss: 0.955618  [92160/100000]
loss: 0.775876  [94720/100000]
loss: 0.766506  [97280/100000]
loss: 0.643122  [62400/100000]
Epoch 73 finished in 104.64 seconds

Epoch 74
-------------------------------
loss: 0.523260  [    0/100000]
loss: 0.538997  [ 2560/100000]
loss: 0.404557  [ 5120/100000]
loss: 0.555085  [ 7680/100000]
loss: 0.474051  [10240/100000]
loss: 0.420137  [12800/100000]
loss: 0.591273  [15360/100000]
loss: 0.651837  [17920/100000]
loss: 0.652721  [20480/100000]
loss: 0.541654  [23040/100000]
loss: 0.644946  [25600/100000]
loss: 0.583042  [28160/100000]
loss: 0.588035  [30720/100000]
loss: 0.623753  [33280/100000]
loss: 0.570420  [35840/100000]
loss: 0.783647  [38400/100000]
loss: 0.544739  [40960/100000]
loss: 0.652873  [43520/100000]
loss: 0.557186  [46080/100000]
loss: 0.678731  [48640/100000]
loss: 0.609172  [51200/100000]
loss: 0.665910  [53760/100000]
loss: 0.502319  [56320/100000]
loss: 0.792446  [58880/100000]
loss: 0.567403  [61440/100000]
loss: 0.674976  [64000/100000]
loss: 0.745046  [66560/100000]
loss: 0.642131  [69120/100000]
loss: 0.741049  [71680/100000]
loss: 0.735765  [74240/100000]
loss: 0.590162  [76800/100000]
loss: 0.785048  [79360/100000]
loss: 0.733902  [81920/100000]
loss: 0.769675  [84480/100000]
loss: 0.697174  [87040/100000]
loss: 0.843078  [89600/100000]
loss: 0.672050  [92160/100000]
loss: 0.743288  [94720/100000]
loss: 0.486244  [97280/100000]
loss: 0.749403  [62400/100000]
Epoch 74 finished in 104.52 seconds

Saved Loss Plot as loss_plot.png
Saved PyTorchModel State
Test Error: 
 Accuracy: 34.8%, Avg loss: 4.068356 

