nohup: ignoring input
Current Learning Rate: 0.01
Epoch 1
-------------------------------
loss: 5.410910  [    0/100000]
loss: 5.305658  [ 2560/100000]
loss: 5.296638  [ 5120/100000]
loss: 5.311566  [ 7680/100000]
loss: 5.302906  [10240/100000]
loss: 5.297997  [12800/100000]
loss: 5.297192  [15360/100000]
loss: 5.297247  [17920/100000]
loss: 5.311266  [20480/100000]
loss: 5.306068  [23040/100000]
loss: 5.300553  [25600/100000]
loss: 5.298342  [28160/100000]
loss: 5.305483  [30720/100000]
loss: 5.298257  [33280/100000]
loss: 5.307055  [35840/100000]
loss: 5.301134  [38400/100000]
loss: 5.305277  [40960/100000]
loss: 5.305124  [43520/100000]
loss: 5.300129  [46080/100000]
loss: 5.284189  [48640/100000]
loss: 5.301648  [51200/100000]
loss: 5.300707  [53760/100000]
loss: 5.288441  [56320/100000]
loss: 5.304400  [58880/100000]
loss: 5.300397  [61440/100000]
loss: 5.295745  [64000/100000]
loss: 5.275391  [66560/100000]
loss: 5.279513  [69120/100000]
loss: 5.283756  [71680/100000]
loss: 5.293753  [74240/100000]
loss: 5.298311  [76800/100000]
loss: 5.252227  [79360/100000]
loss: 5.216798  [81920/100000]
loss: 5.237123  [84480/100000]
loss: 5.268328  [87040/100000]
loss: 5.238017  [89600/100000]
loss: 5.239960  [92160/100000]
loss: 5.261211  [94720/100000]
loss: 5.234440  [97280/100000]
loss: 5.232220  [62400/100000]
Epoch 1 finished in 121.93 seconds

Test Error: 
 Accuracy: 1.0%, Avg loss: 5.214749 

==> New Best Accuracy: 1.00%! Model Saved.
Current Learning Rate: 0.01
Epoch 2
-------------------------------
loss: 5.216433  [    0/100000]
loss: 5.234681  [ 2560/100000]
loss: 5.199200  [ 5120/100000]
loss: 5.241066  [ 7680/100000]
loss: 5.290377  [10240/100000]
loss: 5.249193  [12800/100000]
loss: 5.237486  [15360/100000]
loss: 5.192358  [17920/100000]
loss: 5.208513  [20480/100000]
loss: 5.208859  [23040/100000]
loss: 5.214900  [25600/100000]
loss: 5.206659  [28160/100000]
loss: 5.232216  [30720/100000]
loss: 5.222119  [33280/100000]
loss: 5.180264  [35840/100000]
loss: 5.204876  [38400/100000]
loss: 5.209687  [40960/100000]
loss: 5.226785  [43520/100000]
loss: 5.209759  [46080/100000]
loss: 5.187209  [48640/100000]
loss: 5.186558  [51200/100000]
loss: 5.195964  [53760/100000]
loss: 5.146814  [56320/100000]
loss: 5.201890  [58880/100000]
loss: 5.174763  [61440/100000]
loss: 5.187967  [64000/100000]
loss: 5.169103  [66560/100000]
loss: 5.178705  [69120/100000]
loss: 5.186404  [71680/100000]
loss: 5.136375  [74240/100000]
loss: 5.167294  [76800/100000]
loss: 5.142922  [79360/100000]
loss: 5.144722  [81920/100000]
loss: 5.161287  [84480/100000]
loss: 5.161952  [87040/100000]
loss: 5.139409  [89600/100000]
loss: 5.172580  [92160/100000]
loss: 5.151662  [94720/100000]
loss: 5.074173  [97280/100000]
loss: 5.139344  [62400/100000]
Epoch 2 finished in 122.64 seconds

Test Error: 
 Accuracy: 2.0%, Avg loss: 5.062211 

==> New Best Accuracy: 1.99%! Model Saved.
Current Learning Rate: 0.01
Epoch 3
-------------------------------
loss: 5.113801  [    0/100000]
loss: 5.109155  [ 2560/100000]
loss: 5.115800  [ 5120/100000]
loss: 5.118599  [ 7680/100000]
loss: 5.084455  [10240/100000]
loss: 5.100288  [12800/100000]
loss: 5.020908  [15360/100000]
loss: 5.103261  [17920/100000]
loss: 5.094924  [20480/100000]
loss: 5.152687  [23040/100000]
loss: 5.050407  [25600/100000]
loss: 5.019942  [28160/100000]
loss: 4.997395  [30720/100000]
loss: 5.074999  [33280/100000]
loss: 5.082055  [35840/100000]
loss: 5.051348  [38400/100000]
loss: 4.979183  [40960/100000]
loss: 5.108698  [43520/100000]
loss: 5.028515  [46080/100000]
loss: 5.045056  [48640/100000]
loss: 5.026402  [51200/100000]
loss: 5.090524  [53760/100000]
loss: 5.018014  [56320/100000]
loss: 5.111864  [58880/100000]
loss: 4.961384  [61440/100000]
loss: 5.015251  [64000/100000]
loss: 4.912700  [66560/100000]
loss: 5.072346  [69120/100000]
loss: 4.893348  [71680/100000]
loss: 4.925793  [74240/100000]
loss: 5.060598  [76800/100000]
loss: 5.134583  [79360/100000]
loss: 5.041410  [81920/100000]
loss: 5.016294  [84480/100000]
loss: 4.927074  [87040/100000]
loss: 4.936388  [89600/100000]
loss: 4.911376  [92160/100000]
loss: 5.029928  [94720/100000]
loss: 5.087584  [97280/100000]
loss: 4.778361  [62400/100000]
Epoch 3 finished in 122.44 seconds

Test Error: 
 Accuracy: 3.6%, Avg loss: 4.850140 

==> New Best Accuracy: 3.65%! Model Saved.
Current Learning Rate: 0.01
Epoch 4
-------------------------------
loss: 4.951434  [    0/100000]
loss: 4.958150  [ 2560/100000]
loss: 4.975279  [ 5120/100000]
loss: 4.911368  [ 7680/100000]
loss: 4.955253  [10240/100000]
loss: 4.835881  [12800/100000]
loss: 5.043026  [15360/100000]
loss: 4.923306  [17920/100000]
loss: 4.837170  [20480/100000]
loss: 4.897678  [23040/100000]
loss: 4.882708  [25600/100000]
loss: 4.802816  [28160/100000]
loss: 4.836880  [30720/100000]
loss: 4.847708  [33280/100000]
loss: 4.846866  [35840/100000]
loss: 4.832133  [38400/100000]
loss: 4.917732  [40960/100000]
loss: 4.978868  [43520/100000]
loss: 4.790485  [46080/100000]
loss: 4.873160  [48640/100000]
loss: 4.945532  [51200/100000]
loss: 4.980862  [53760/100000]
loss: 4.885653  [56320/100000]
loss: 4.878180  [58880/100000]
loss: 4.828511  [61440/100000]
loss: 4.802298  [64000/100000]
loss: 4.868054  [66560/100000]
loss: 4.766331  [69120/100000]
loss: 4.855946  [71680/100000]
loss: 4.592346  [74240/100000]
loss: 4.825947  [76800/100000]
loss: 4.738882  [79360/100000]
loss: 4.640836  [81920/100000]
loss: 4.675339  [84480/100000]
loss: 4.737721  [87040/100000]
loss: 4.890934  [89600/100000]
loss: 4.789521  [92160/100000]
loss: 4.858543  [94720/100000]
loss: 4.681379  [97280/100000]
loss: 4.619083  [62400/100000]
Epoch 4 finished in 121.89 seconds

Test Error: 
 Accuracy: 5.3%, Avg loss: 4.606533 

==> New Best Accuracy: 5.26%! Model Saved.
Current Learning Rate: 0.01
Epoch 5
-------------------------------
loss: 4.733938  [    0/100000]
loss: 4.741381  [ 2560/100000]
loss: 4.634244  [ 5120/100000]
loss: 4.680673  [ 7680/100000]
loss: 4.741166  [10240/100000]
loss: 4.719523  [12800/100000]
loss: 4.690075  [15360/100000]
loss: 4.751452  [17920/100000]
loss: 4.563766  [20480/100000]
loss: 4.730673  [23040/100000]
loss: 4.798966  [25600/100000]
loss: 4.616277  [28160/100000]
loss: 4.722667  [30720/100000]
loss: 4.698009  [33280/100000]
loss: 4.706536  [35840/100000]
loss: 4.698150  [38400/100000]
loss: 4.596193  [40960/100000]
loss: 4.798665  [43520/100000]
loss: 4.646949  [46080/100000]
loss: 4.810360  [48640/100000]
loss: 4.656268  [51200/100000]
loss: 4.724318  [53760/100000]
loss: 4.646267  [56320/100000]
loss: 4.707364  [58880/100000]
loss: 4.748189  [61440/100000]
loss: 4.631306  [64000/100000]
loss: 4.655675  [66560/100000]
loss: 4.576754  [69120/100000]
loss: 4.523270  [71680/100000]
loss: 4.559146  [74240/100000]
loss: 4.620839  [76800/100000]
loss: 4.748750  [79360/100000]
loss: 4.532749  [81920/100000]
loss: 4.571199  [84480/100000]
loss: 4.640874  [87040/100000]
loss: 4.466404  [89600/100000]
loss: 4.677728  [92160/100000]
loss: 4.614674  [94720/100000]
loss: 4.608128  [97280/100000]
loss: 4.683748  [62400/100000]
Epoch 5 finished in 122.38 seconds

Test Error: 
 Accuracy: 7.8%, Avg loss: 4.420630 

==> New Best Accuracy: 7.81%! Model Saved.
Current Learning Rate: 0.01
Epoch 6
-------------------------------
loss: 4.495689  [    0/100000]
loss: 4.551760  [ 2560/100000]
loss: 4.536101  [ 5120/100000]
loss: 4.579894  [ 7680/100000]
loss: 4.629614  [10240/100000]
loss: 4.476452  [12800/100000]
loss: 4.507524  [15360/100000]
loss: 4.535089  [17920/100000]
loss: 4.527966  [20480/100000]
loss: 4.551083  [23040/100000]
loss: 4.562089  [25600/100000]
loss: 4.500424  [28160/100000]
loss: 4.433790  [30720/100000]
loss: 4.532310  [33280/100000]
loss: 4.485324  [35840/100000]
loss: 4.572714  [38400/100000]
loss: 4.483069  [40960/100000]
loss: 4.436467  [43520/100000]
loss: 4.380780  [46080/100000]
loss: 4.529545  [48640/100000]
loss: 4.311586  [51200/100000]
loss: 4.459760  [53760/100000]
loss: 4.564806  [56320/100000]
loss: 4.447141  [58880/100000]
loss: 4.512212  [61440/100000]
loss: 4.414277  [64000/100000]
loss: 4.399871  [66560/100000]
loss: 4.404263  [69120/100000]
loss: 4.580476  [71680/100000]
loss: 4.383849  [74240/100000]
loss: 4.357013  [76800/100000]
loss: 4.474490  [79360/100000]
loss: 4.495279  [81920/100000]
loss: 4.340804  [84480/100000]
loss: 4.454590  [87040/100000]
loss: 4.399731  [89600/100000]
loss: 4.547153  [92160/100000]
loss: 4.365286  [94720/100000]
loss: 4.267792  [97280/100000]
loss: 4.429189  [62400/100000]
Epoch 6 finished in 122.40 seconds

Test Error: 
 Accuracy: 8.9%, Avg loss: 4.352206 

==> New Best Accuracy: 8.90%! Model Saved.
Current Learning Rate: 0.01
Epoch 7
-------------------------------
loss: 4.518597  [    0/100000]
loss: 4.345518  [ 2560/100000]
loss: 4.334352  [ 5120/100000]
loss: 4.402907  [ 7680/100000]
loss: 4.411408  [10240/100000]
loss: 4.405439  [12800/100000]
loss: 4.347716  [15360/100000]
loss: 4.439510  [17920/100000]
loss: 4.620729  [20480/100000]
loss: 4.282816  [23040/100000]
loss: 4.287664  [25600/100000]
loss: 4.304260  [28160/100000]
loss: 4.286392  [30720/100000]
loss: 4.294343  [33280/100000]
loss: 4.357571  [35840/100000]
loss: 4.366706  [38400/100000]
loss: 4.283941  [40960/100000]
loss: 4.315073  [43520/100000]
loss: 4.160897  [46080/100000]
loss: 4.316117  [48640/100000]
loss: 4.399817  [51200/100000]
loss: 4.316123  [53760/100000]
loss: 4.329905  [56320/100000]
loss: 4.330741  [58880/100000]
loss: 4.211700  [61440/100000]
loss: 4.291492  [64000/100000]
loss: 4.151248  [66560/100000]
loss: 4.226859  [69120/100000]
loss: 4.386578  [71680/100000]
loss: 4.235647  [74240/100000]
loss: 4.132176  [76800/100000]
loss: 4.192992  [79360/100000]
loss: 4.233531  [81920/100000]
loss: 4.147646  [84480/100000]
loss: 4.339046  [87040/100000]
loss: 4.442542  [89600/100000]
loss: 4.250150  [92160/100000]
loss: 4.295651  [94720/100000]
loss: 4.143444  [97280/100000]
loss: 4.233941  [62400/100000]
Epoch 7 finished in 122.25 seconds

Test Error: 
 Accuracy: 11.4%, Avg loss: 4.130703 

==> New Best Accuracy: 11.45%! Model Saved.
Current Learning Rate: 0.01
Epoch 8
-------------------------------
loss: 4.191847  [    0/100000]
loss: 4.135021  [ 2560/100000]
loss: 4.185887  [ 5120/100000]
loss: 4.178788  [ 7680/100000]
loss: 4.198596  [10240/100000]
loss: 4.371710  [12800/100000]
loss: 4.102760  [15360/100000]
loss: 4.301734  [17920/100000]
loss: 4.229016  [20480/100000]
loss: 4.165566  [23040/100000]
loss: 4.131582  [25600/100000]
loss: 4.235544  [28160/100000]
loss: 4.244891  [30720/100000]
loss: 4.097900  [33280/100000]
loss: 4.286788  [35840/100000]
loss: 4.308537  [38400/100000]
loss: 4.113387  [40960/100000]
loss: 3.979456  [43520/100000]
loss: 4.125312  [46080/100000]
loss: 4.274750  [48640/100000]
loss: 4.014258  [51200/100000]
loss: 4.012269  [53760/100000]
loss: 4.130896  [56320/100000]
loss: 4.090623  [58880/100000]
loss: 4.096315  [61440/100000]
loss: 4.372462  [64000/100000]
loss: 4.004534  [66560/100000]
loss: 4.159781  [69120/100000]
loss: 4.274398  [71680/100000]
loss: 4.100058  [74240/100000]
loss: 4.282810  [76800/100000]
loss: 4.094919  [79360/100000]
loss: 4.165752  [81920/100000]
loss: 4.030291  [84480/100000]
loss: 4.065958  [87040/100000]
loss: 4.059713  [89600/100000]
loss: 4.131866  [92160/100000]
loss: 4.086907  [94720/100000]
loss: 3.969539  [97280/100000]
loss: 4.074331  [62400/100000]
Epoch 8 finished in 122.52 seconds

Test Error: 
 Accuracy: 12.8%, Avg loss: 4.040722 

==> New Best Accuracy: 12.83%! Model Saved.
Current Learning Rate: 0.01
Epoch 9
-------------------------------
loss: 4.212212  [    0/100000]
loss: 3.978834  [ 2560/100000]
loss: 4.149232  [ 5120/100000]
loss: 4.155253  [ 7680/100000]
loss: 4.073372  [10240/100000]
loss: 4.236156  [12800/100000]
loss: 4.040588  [15360/100000]
loss: 3.993760  [17920/100000]
loss: 4.051151  [20480/100000]
loss: 4.143817  [23040/100000]
loss: 4.000431  [25600/100000]
loss: 4.136056  [28160/100000]
loss: 4.040338  [30720/100000]
loss: 3.893303  [33280/100000]
loss: 4.119026  [35840/100000]
loss: 4.118173  [38400/100000]
loss: 3.820936  [40960/100000]
loss: 3.942696  [43520/100000]
loss: 3.854513  [46080/100000]
loss: 3.943282  [48640/100000]
loss: 4.001250  [51200/100000]
loss: 4.057415  [53760/100000]
loss: 4.044000  [56320/100000]
loss: 4.036222  [58880/100000]
loss: 4.076208  [61440/100000]
loss: 3.888137  [64000/100000]
loss: 3.990256  [66560/100000]
loss: 4.006938  [69120/100000]
loss: 4.171488  [71680/100000]
loss: 4.141221  [74240/100000]
loss: 4.132244  [76800/100000]
loss: 3.951813  [79360/100000]
loss: 4.024189  [81920/100000]
loss: 4.252266  [84480/100000]
loss: 3.993186  [87040/100000]
loss: 4.007611  [89600/100000]
loss: 4.097985  [92160/100000]
loss: 4.043005  [94720/100000]
loss: 4.012727  [97280/100000]
loss: 4.118094  [62400/100000]
Epoch 9 finished in 122.33 seconds

Test Error: 
 Accuracy: 14.6%, Avg loss: 3.932380 

==> New Best Accuracy: 14.63%! Model Saved.
Current Learning Rate: 0.01
Epoch 10
-------------------------------
loss: 4.003757  [    0/100000]
loss: 4.071147  [ 2560/100000]
loss: 4.033138  [ 5120/100000]
loss: 4.100940  [ 7680/100000]
loss: 3.852875  [10240/100000]
loss: 3.931533  [12800/100000]
loss: 3.932499  [15360/100000]
loss: 4.010916  [17920/100000]
loss: 3.947021  [20480/100000]
loss: 3.609076  [23040/100000]
loss: 3.795188  [25600/100000]
loss: 3.843009  [28160/100000]
loss: 4.045861  [30720/100000]
loss: 3.892762  [33280/100000]
loss: 3.898499  [35840/100000]
loss: 3.636772  [38400/100000]
loss: 3.926391  [40960/100000]
loss: 3.865135  [43520/100000]
loss: 3.882534  [46080/100000]
loss: 3.780706  [48640/100000]
loss: 3.619573  [51200/100000]
loss: 4.048589  [53760/100000]
loss: 3.982813  [56320/100000]
loss: 3.748126  [58880/100000]
loss: 3.973476  [61440/100000]
loss: 3.778014  [64000/100000]
loss: 3.858467  [66560/100000]
loss: 3.798672  [69120/100000]
loss: 3.989328  [71680/100000]
loss: 4.065908  [74240/100000]
loss: 3.860414  [76800/100000]
loss: 3.914968  [79360/100000]
loss: 3.836152  [81920/100000]
loss: 3.794062  [84480/100000]
loss: 3.731954  [87040/100000]
loss: 4.068457  [89600/100000]
loss: 3.874038  [92160/100000]
loss: 3.625692  [94720/100000]
loss: 3.815570  [97280/100000]
loss: 3.786898  [62400/100000]
Epoch 10 finished in 122.15 seconds

Test Error: 
 Accuracy: 15.3%, Avg loss: 3.888210 

==> New Best Accuracy: 15.35%! Model Saved.
Current Learning Rate: 0.01
Epoch 11
-------------------------------
loss: 3.900774  [    0/100000]
loss: 3.881662  [ 2560/100000]
loss: 3.790058  [ 5120/100000]
loss: 3.919124  [ 7680/100000]
loss: 3.867886  [10240/100000]
loss: 3.646798  [12800/100000]
loss: 3.749661  [15360/100000]
loss: 3.685465  [17920/100000]
loss: 3.851716  [20480/100000]
loss: 3.783909  [23040/100000]
loss: 3.817786  [25600/100000]
loss: 3.769525  [28160/100000]
loss: 3.829137  [30720/100000]
loss: 3.870779  [33280/100000]
loss: 3.712776  [35840/100000]
loss: 3.558107  [38400/100000]
loss: 3.762919  [40960/100000]
loss: 3.765820  [43520/100000]
loss: 3.661993  [46080/100000]
loss: 3.830856  [48640/100000]
loss: 3.994164  [51200/100000]
loss: 3.779068  [53760/100000]
loss: 3.749887  [56320/100000]
loss: 3.627113  [58880/100000]
loss: 3.689548  [61440/100000]
loss: 3.672392  [64000/100000]
loss: 3.982700  [66560/100000]
loss: 3.750451  [69120/100000]
loss: 3.700512  [71680/100000]
loss: 3.719591  [74240/100000]
loss: 3.556252  [76800/100000]
loss: 3.688956  [79360/100000]
loss: 3.851882  [81920/100000]
loss: 3.651647  [84480/100000]
loss: 3.619628  [87040/100000]
loss: 3.718109  [89600/100000]
loss: 3.734978  [92160/100000]
loss: 3.728787  [94720/100000]
loss: 3.732695  [97280/100000]
loss: 3.622670  [62400/100000]
Epoch 11 finished in 122.18 seconds

Test Error: 
 Accuracy: 17.2%, Avg loss: 3.745091 

==> New Best Accuracy: 17.19%! Model Saved.
Current Learning Rate: 0.01
Epoch 12
-------------------------------
loss: 3.842171  [    0/100000]
loss: 3.706332  [ 2560/100000]
loss: 3.651917  [ 5120/100000]
loss: 3.622585  [ 7680/100000]
loss: 3.715027  [10240/100000]
loss: 3.601188  [12800/100000]
loss: 3.610949  [15360/100000]
loss: 3.690473  [17920/100000]
loss: 3.826364  [20480/100000]
loss: 3.775807  [23040/100000]
loss: 3.697660  [25600/100000]
loss: 3.671976  [28160/100000]
loss: 3.526374  [30720/100000]
loss: 3.583924  [33280/100000]
loss: 3.684717  [35840/100000]
loss: 3.794769  [38400/100000]
loss: 3.666967  [40960/100000]
loss: 3.566357  [43520/100000]
loss: 3.546951  [46080/100000]
loss: 3.653450  [48640/100000]
loss: 3.703484  [51200/100000]
loss: 3.620824  [53760/100000]
loss: 3.826219  [56320/100000]
loss: 3.730183  [58880/100000]
loss: 3.671832  [61440/100000]
loss: 3.464279  [64000/100000]
loss: 3.722138  [66560/100000]
loss: 3.804607  [69120/100000]
loss: 3.562580  [71680/100000]
loss: 3.662192  [74240/100000]
loss: 3.653399  [76800/100000]
loss: 3.715922  [79360/100000]
loss: 3.783528  [81920/100000]
loss: 3.505186  [84480/100000]
loss: 3.649441  [87040/100000]
loss: 3.597634  [89600/100000]
loss: 3.627192  [92160/100000]
loss: 3.428317  [94720/100000]
loss: 3.415500  [97280/100000]
loss: 3.628627  [62400/100000]
Epoch 12 finished in 122.34 seconds

Test Error: 
 Accuracy: 22.4%, Avg loss: 3.445402 

==> New Best Accuracy: 22.45%! Model Saved.
Current Learning Rate: 0.01
Epoch 13
-------------------------------
loss: 3.759766  [    0/100000]
loss: 3.689056  [ 2560/100000]
loss: 3.569640  [ 5120/100000]
loss: 3.477120  [ 7680/100000]
loss: 3.706531  [10240/100000]
loss: 3.539157  [12800/100000]
loss: 3.478533  [15360/100000]
loss: 3.508978  [17920/100000]
loss: 3.734094  [20480/100000]
loss: 3.705630  [23040/100000]
loss: 3.673514  [25600/100000]
loss: 3.639438  [28160/100000]
loss: 3.586881  [30720/100000]
loss: 3.685411  [33280/100000]
loss: 3.382479  [35840/100000]
loss: 3.509471  [38400/100000]
loss: 3.523077  [40960/100000]
loss: 3.806869  [43520/100000]
loss: 3.752192  [46080/100000]
loss: 3.508607  [48640/100000]
loss: 3.622631  [51200/100000]
loss: 3.507726  [53760/100000]
loss: 3.644270  [56320/100000]
loss: 3.620303  [58880/100000]
loss: 3.575977  [61440/100000]
loss: 3.539330  [64000/100000]
loss: 3.469924  [66560/100000]
loss: 3.463694  [69120/100000]
loss: 3.224162  [71680/100000]
loss: 3.407049  [74240/100000]
loss: 3.355932  [76800/100000]
loss: 3.209774  [79360/100000]
loss: 3.469820  [81920/100000]
loss: 3.409017  [84480/100000]
loss: 3.521494  [87040/100000]
loss: 3.515883  [89600/100000]
loss: 3.582615  [92160/100000]
loss: 3.594316  [94720/100000]
loss: 3.560863  [97280/100000]
loss: 3.568362  [62400/100000]
Epoch 13 finished in 122.20 seconds

Test Error: 
 Accuracy: 25.3%, Avg loss: 3.251971 

==> New Best Accuracy: 25.27%! Model Saved.
Current Learning Rate: 0.01
Epoch 14
-------------------------------
loss: 3.333248  [    0/100000]
loss: 3.261433  [ 2560/100000]
loss: 3.384311  [ 5120/100000]
loss: 3.480814  [ 7680/100000]
loss: 3.453170  [10240/100000]
loss: 3.667045  [12800/100000]
loss: 3.262609  [15360/100000]
loss: 3.405771  [17920/100000]
loss: 3.515489  [20480/100000]
loss: 3.325004  [23040/100000]
loss: 3.404301  [25600/100000]
loss: 3.473228  [28160/100000]
loss: 3.915583  [30720/100000]
loss: 3.425289  [33280/100000]
loss: 3.605469  [35840/100000]
loss: 3.675169  [38400/100000]
loss: 3.524296  [40960/100000]
loss: 3.399432  [43520/100000]
loss: 3.516975  [46080/100000]
loss: 3.444804  [48640/100000]
loss: 3.535127  [51200/100000]
loss: 3.398948  [53760/100000]
loss: 3.338863  [56320/100000]
loss: 3.405492  [58880/100000]
loss: 3.364505  [61440/100000]
loss: 3.370317  [64000/100000]
loss: 3.367493  [66560/100000]
loss: 3.261448  [69120/100000]
loss: 3.381590  [71680/100000]
loss: 3.402095  [74240/100000]
loss: 3.423734  [76800/100000]
loss: 3.386974  [79360/100000]
loss: 3.444704  [81920/100000]
loss: 3.307777  [84480/100000]
loss: 3.533370  [87040/100000]
loss: 3.441711  [89600/100000]
loss: 3.534622  [92160/100000]
loss: 3.267138  [94720/100000]
loss: 3.554379  [97280/100000]
loss: 3.268586  [62400/100000]
Epoch 14 finished in 122.25 seconds

Test Error: 
 Accuracy: 24.5%, Avg loss: 3.347507 

Current Learning Rate: 0.01
Epoch 15
-------------------------------
loss: 3.217498  [    0/100000]
loss: 3.288233  [ 2560/100000]
loss: 3.291873  [ 5120/100000]
loss: 3.349159  [ 7680/100000]
loss: 3.239736  [10240/100000]
loss: 3.336586  [12800/100000]
loss: 3.127745  [15360/100000]
loss: 3.296415  [17920/100000]
loss: 3.478579  [20480/100000]
loss: 3.151294  [23040/100000]
loss: 3.261683  [25600/100000]
loss: 3.308844  [28160/100000]
loss: 3.163233  [30720/100000]
loss: 3.347580  [33280/100000]
loss: 3.237442  [35840/100000]
loss: 3.288130  [38400/100000]
loss: 3.266753  [40960/100000]
loss: 3.226622  [43520/100000]
loss: 3.538464  [46080/100000]
loss: 3.251821  [48640/100000]
loss: 3.543754  [51200/100000]
loss: 3.390819  [53760/100000]
loss: 3.200260  [56320/100000]
loss: 3.233816  [58880/100000]
loss: 3.317889  [61440/100000]
loss: 3.464545  [64000/100000]
loss: 3.400295  [66560/100000]
loss: 3.332189  [69120/100000]
loss: 3.224974  [71680/100000]
loss: 3.350851  [74240/100000]
loss: 3.330453  [76800/100000]
loss: 3.248418  [79360/100000]
loss: 3.145051  [81920/100000]
loss: 3.283666  [84480/100000]
loss: 3.707335  [87040/100000]
loss: 3.437342  [89600/100000]
loss: 3.182248  [92160/100000]
loss: 3.231493  [94720/100000]
loss: 3.301625  [97280/100000]
loss: 3.312718  [62400/100000]
Epoch 15 finished in 122.24 seconds

Test Error: 
 Accuracy: 25.4%, Avg loss: 3.264402 

==> New Best Accuracy: 25.45%! Model Saved.
Current Learning Rate: 0.01
Epoch 16
-------------------------------
loss: 3.296147  [    0/100000]
loss: 3.267969  [ 2560/100000]
loss: 3.159063  [ 5120/100000]
loss: 3.227423  [ 7680/100000]
loss: 3.303218  [10240/100000]
loss: 3.107091  [12800/100000]
loss: 3.377605  [15360/100000]
loss: 3.228419  [17920/100000]
loss: 3.290851  [20480/100000]
loss: 3.440587  [23040/100000]
loss: 3.273031  [25600/100000]
loss: 3.320552  [28160/100000]
loss: 3.147228  [30720/100000]
loss: 3.160976  [33280/100000]
loss: 3.323611  [35840/100000]
loss: 3.350540  [38400/100000]
loss: 3.146245  [40960/100000]
loss: 3.063281  [43520/100000]
loss: 3.074155  [46080/100000]
loss: 3.262859  [48640/100000]
loss: 3.297942  [51200/100000]
loss: 3.150991  [53760/100000]
loss: 3.355830  [56320/100000]
loss: 3.389367  [58880/100000]
loss: 2.994252  [61440/100000]
loss: 3.197634  [64000/100000]
loss: 3.240722  [66560/100000]
loss: 3.309475  [69120/100000]
loss: 3.416284  [71680/100000]
loss: 3.385010  [74240/100000]
loss: 3.290267  [76800/100000]
loss: 3.211425  [79360/100000]
loss: 3.187114  [81920/100000]
loss: 3.475586  [84480/100000]
loss: 3.131592  [87040/100000]
loss: 3.267792  [89600/100000]
loss: 3.198303  [92160/100000]
loss: 3.401847  [94720/100000]
loss: 3.186642  [97280/100000]
loss: 3.061270  [62400/100000]
Epoch 16 finished in 122.18 seconds

Test Error: 
 Accuracy: 25.7%, Avg loss: 3.264884 

==> New Best Accuracy: 25.74%! Model Saved.
Current Learning Rate: 0.01
Epoch 17
-------------------------------
loss: 2.979861  [    0/100000]
loss: 3.246699  [ 2560/100000]
loss: 3.119678  [ 5120/100000]
loss: 3.279492  [ 7680/100000]
loss: 3.339361  [10240/100000]
loss: 2.931680  [12800/100000]
loss: 3.094165  [15360/100000]
loss: 3.074929  [17920/100000]
loss: 3.297342  [20480/100000]
loss: 2.995203  [23040/100000]
loss: 3.331700  [25600/100000]
loss: 3.206154  [28160/100000]
loss: 3.238278  [30720/100000]
loss: 2.799469  [33280/100000]
loss: 3.179015  [35840/100000]
loss: 3.136725  [38400/100000]
loss: 2.938883  [40960/100000]
loss: 3.124700  [43520/100000]
loss: 3.278087  [46080/100000]
loss: 3.089500  [48640/100000]
loss: 3.013991  [51200/100000]
loss: 3.167994  [53760/100000]
loss: 3.122778  [56320/100000]
loss: 3.170531  [58880/100000]
loss: 3.078545  [61440/100000]
loss: 3.194226  [64000/100000]
loss: 2.999464  [66560/100000]
loss: 2.982645  [69120/100000]
loss: 3.356326  [71680/100000]
loss: 3.283093  [74240/100000]
loss: 3.273481  [76800/100000]
loss: 3.112629  [79360/100000]
loss: 2.912845  [81920/100000]
loss: 3.071024  [84480/100000]
loss: 3.164748  [87040/100000]
loss: 3.158009  [89600/100000]
loss: 3.239812  [92160/100000]
loss: 3.032843  [94720/100000]
loss: 3.227068  [97280/100000]
loss: 2.974983  [62400/100000]
Epoch 17 finished in 122.22 seconds

Test Error: 
 Accuracy: 29.3%, Avg loss: 3.061340 

==> New Best Accuracy: 29.26%! Model Saved.
Current Learning Rate: 0.01
Epoch 18
-------------------------------
loss: 3.060960  [    0/100000]
loss: 3.151721  [ 2560/100000]
loss: 2.969885  [ 5120/100000]
loss: 2.829459  [ 7680/100000]
loss: 3.045430  [10240/100000]
loss: 3.143308  [12800/100000]
loss: 3.191200  [15360/100000]
loss: 2.982060  [17920/100000]
loss: 3.107811  [20480/100000]
loss: 3.081514  [23040/100000]
loss: 2.918615  [25600/100000]
loss: 3.055169  [28160/100000]
loss: 3.158269  [30720/100000]
loss: 2.838672  [33280/100000]
loss: 3.252333  [35840/100000]
loss: 2.985331  [38400/100000]
loss: 3.163647  [40960/100000]
loss: 3.127689  [43520/100000]
loss: 2.992960  [46080/100000]
loss: 2.995851  [48640/100000]
loss: 3.183799  [51200/100000]
loss: 2.962818  [53760/100000]
loss: 3.094771  [56320/100000]
loss: 3.034051  [58880/100000]
loss: 3.096161  [61440/100000]
loss: 2.853411  [64000/100000]
loss: 3.059181  [66560/100000]
loss: 2.882875  [69120/100000]
loss: 3.074197  [71680/100000]
loss: 3.001651  [74240/100000]
loss: 3.008952  [76800/100000]
loss: 3.097031  [79360/100000]
loss: 3.142447  [81920/100000]
loss: 2.960613  [84480/100000]
loss: 2.999825  [87040/100000]
loss: 3.213309  [89600/100000]
loss: 3.154996  [92160/100000]
loss: 3.113019  [94720/100000]
loss: 2.886612  [97280/100000]
loss: 3.244759  [62400/100000]
Epoch 18 finished in 122.26 seconds

Test Error: 
 Accuracy: 32.2%, Avg loss: 2.878951 

==> New Best Accuracy: 32.18%! Model Saved.
Current Learning Rate: 0.01
Epoch 19
-------------------------------
loss: 2.988250  [    0/100000]
loss: 2.989644  [ 2560/100000]
loss: 3.234344  [ 5120/100000]
loss: 3.010979  [ 7680/100000]
loss: 2.925779  [10240/100000]
loss: 3.080607  [12800/100000]
loss: 2.912896  [15360/100000]
loss: 2.931193  [17920/100000]
loss: 2.957642  [20480/100000]
loss: 3.327566  [23040/100000]
loss: 3.075084  [25600/100000]
loss: 2.925095  [28160/100000]
loss: 2.983538  [30720/100000]
loss: 3.026837  [33280/100000]
loss: 3.174577  [35840/100000]
loss: 3.063711  [38400/100000]
loss: 2.937246  [40960/100000]
loss: 2.810872  [43520/100000]
loss: 2.825874  [46080/100000]
loss: 3.137103  [48640/100000]
loss: 2.910752  [51200/100000]
loss: 3.055474  [53760/100000]
loss: 2.751050  [56320/100000]
loss: 3.072144  [58880/100000]
loss: 3.036491  [61440/100000]
loss: 2.902506  [64000/100000]
loss: 2.858420  [66560/100000]
loss: 3.036314  [69120/100000]
loss: 2.957472  [71680/100000]
loss: 2.987556  [74240/100000]
loss: 3.060729  [76800/100000]
loss: 2.971919  [79360/100000]
loss: 3.067575  [81920/100000]
loss: 2.889547  [84480/100000]
loss: 3.085272  [87040/100000]
loss: 3.069437  [89600/100000]
loss: 2.834157  [92160/100000]
loss: 2.948039  [94720/100000]
loss: 3.049447  [97280/100000]
loss: 2.931486  [62400/100000]
Epoch 19 finished in 122.19 seconds

Test Error: 
 Accuracy: 29.7%, Avg loss: 3.081954 

Current Learning Rate: 0.01
Epoch 20
-------------------------------
loss: 2.903805  [    0/100000]
loss: 2.943083  [ 2560/100000]
loss: 2.873929  [ 5120/100000]
loss: 3.178351  [ 7680/100000]
loss: 2.851353  [10240/100000]
loss: 3.035289  [12800/100000]
loss: 2.804903  [15360/100000]
loss: 2.947933  [17920/100000]
loss: 3.086782  [20480/100000]
loss: 3.083487  [23040/100000]
loss: 3.114944  [25600/100000]
loss: 3.038535  [28160/100000]
loss: 3.060657  [30720/100000]
loss: 3.037968  [33280/100000]
loss: 3.161569  [35840/100000]
loss: 2.892962  [38400/100000]
loss: 2.605417  [40960/100000]
loss: 2.992336  [43520/100000]
loss: 2.996289  [46080/100000]
loss: 2.875546  [48640/100000]
loss: 2.980196  [51200/100000]
loss: 2.944579  [53760/100000]
loss: 2.889075  [56320/100000]
loss: 3.146267  [58880/100000]
loss: 2.820128  [61440/100000]
loss: 2.905313  [64000/100000]
loss: 2.883983  [66560/100000]
loss: 3.186707  [69120/100000]
loss: 2.988051  [71680/100000]
loss: 2.742814  [74240/100000]
loss: 2.839765  [76800/100000]
loss: 2.855535  [79360/100000]
loss: 2.953361  [81920/100000]
loss: 2.904490  [84480/100000]
loss: 2.998380  [87040/100000]
loss: 2.928560  [89600/100000]
loss: 2.725378  [92160/100000]
loss: 2.919972  [94720/100000]
loss: 2.633803  [97280/100000]
loss: 3.119254  [62400/100000]
Epoch 20 finished in 122.19 seconds

Test Error: 
 Accuracy: 30.5%, Avg loss: 3.040561 

Current Learning Rate: 0.01
Epoch 21
-------------------------------
loss: 2.926258  [    0/100000]
loss: 2.852918  [ 2560/100000]
loss: 2.731000  [ 5120/100000]
loss: 2.740562  [ 7680/100000]
loss: 2.701813  [10240/100000]
loss: 2.735470  [12800/100000]
loss: 2.807750  [15360/100000]
loss: 2.807704  [17920/100000]
loss: 2.921770  [20480/100000]
loss: 3.016447  [23040/100000]
loss: 2.662598  [25600/100000]
loss: 2.836771  [28160/100000]
loss: 2.695055  [30720/100000]
loss: 2.849605  [33280/100000]
loss: 2.953544  [35840/100000]
loss: 2.894818  [38400/100000]
loss: 2.496552  [40960/100000]
loss: 2.700532  [43520/100000]
loss: 2.806949  [46080/100000]
loss: 2.871787  [48640/100000]
loss: 2.820627  [51200/100000]
loss: 3.038374  [53760/100000]
loss: 2.716547  [56320/100000]
loss: 2.795736  [58880/100000]
loss: 3.022913  [61440/100000]
loss: 2.865411  [64000/100000]
loss: 2.752399  [66560/100000]
loss: 2.833694  [69120/100000]
loss: 3.128711  [71680/100000]
loss: 3.008717  [74240/100000]
loss: 2.689333  [76800/100000]
loss: 2.822586  [79360/100000]
loss: 2.685827  [81920/100000]
loss: 2.781228  [84480/100000]
loss: 3.009487  [87040/100000]
loss: 2.650859  [89600/100000]
loss: 2.809324  [92160/100000]
loss: 2.698232  [94720/100000]
loss: 2.569341  [97280/100000]
loss: 2.761513  [62400/100000]
Epoch 21 finished in 122.23 seconds

Test Error: 
 Accuracy: 31.4%, Avg loss: 2.945735 

Current Learning Rate: 0.01
Epoch 22
-------------------------------
loss: 2.669134  [    0/100000]
loss: 2.805469  [ 2560/100000]
loss: 2.735028  [ 5120/100000]
loss: 2.633034  [ 7680/100000]
loss: 2.584813  [10240/100000]
loss: 2.881482  [12800/100000]
loss: 2.700065  [15360/100000]
loss: 2.891376  [17920/100000]
loss: 2.573575  [20480/100000]
loss: 2.696319  [23040/100000]
loss: 2.859970  [25600/100000]
loss: 2.739330  [28160/100000]
loss: 2.715392  [30720/100000]
loss: 2.830004  [33280/100000]
loss: 2.666214  [35840/100000]
loss: 2.862915  [38400/100000]
loss: 2.738755  [40960/100000]
loss: 2.555903  [43520/100000]
loss: 2.864482  [46080/100000]
loss: 3.050268  [48640/100000]
loss: 2.753598  [51200/100000]
loss: 2.798431  [53760/100000]
loss: 2.678651  [56320/100000]
loss: 2.825521  [58880/100000]
loss: 2.638217  [61440/100000]
loss: 2.703039  [64000/100000]
loss: 2.734681  [66560/100000]
loss: 2.540043  [69120/100000]
loss: 2.792569  [71680/100000]
loss: 2.842656  [74240/100000]
loss: 2.923024  [76800/100000]
loss: 2.873128  [79360/100000]
loss: 2.594795  [81920/100000]
loss: 2.699909  [84480/100000]
loss: 2.758163  [87040/100000]
loss: 2.669866  [89600/100000]
loss: 2.708129  [92160/100000]
loss: 2.778453  [94720/100000]
loss: 2.851719  [97280/100000]
loss: 2.943615  [62400/100000]
Epoch 22 finished in 122.09 seconds

Test Error: 
 Accuracy: 36.3%, Avg loss: 2.718913 

==> New Best Accuracy: 36.33%! Model Saved.
Current Learning Rate: 0.01
Epoch 23
-------------------------------
loss: 2.709933  [    0/100000]
loss: 2.647445  [ 2560/100000]
loss: 2.871079  [ 5120/100000]
loss: 2.661733  [ 7680/100000]
loss: 2.758097  [10240/100000]
loss: 2.583034  [12800/100000]
loss: 2.475269  [15360/100000]
loss: 2.523997  [17920/100000]
loss: 2.881648  [20480/100000]
loss: 2.773442  [23040/100000]
loss: 2.639826  [25600/100000]
loss: 2.647228  [28160/100000]
loss: 2.617024  [30720/100000]
loss: 2.713712  [33280/100000]
loss: 2.768407  [35840/100000]
loss: 2.891510  [38400/100000]
loss: 2.537101  [40960/100000]
loss: 2.509140  [43520/100000]
loss: 2.756225  [46080/100000]
loss: 2.573023  [48640/100000]
loss: 2.703639  [51200/100000]
loss: 2.730449  [53760/100000]
loss: 2.846489  [56320/100000]
loss: 2.558671  [58880/100000]
loss: 2.659123  [61440/100000]
loss: 2.808080  [64000/100000]
loss: 2.804245  [66560/100000]
loss: 2.835981  [69120/100000]
loss: 2.817067  [71680/100000]
loss: 2.747446  [74240/100000]
loss: 2.624597  [76800/100000]
loss: 2.730878  [79360/100000]
loss: 2.784253  [81920/100000]
loss: 2.900609  [84480/100000]
loss: 2.431479  [87040/100000]
loss: 2.630208  [89600/100000]
loss: 2.509617  [92160/100000]
loss: 2.800413  [94720/100000]
loss: 2.384210  [97280/100000]
loss: 2.597835  [62400/100000]
Epoch 23 finished in 122.22 seconds

Test Error: 
 Accuracy: 34.8%, Avg loss: 2.802256 

Current Learning Rate: 0.01
Epoch 24
-------------------------------
loss: 2.585927  [    0/100000]
loss: 2.568523  [ 2560/100000]
loss: 2.640731  [ 5120/100000]
loss: 2.379546  [ 7680/100000]
loss: 2.664627  [10240/100000]
loss: 2.617654  [12800/100000]
loss: 2.606375  [15360/100000]
loss: 2.675282  [17920/100000]
loss: 2.711665  [20480/100000]
loss: 2.444854  [23040/100000]
loss: 2.750457  [25600/100000]
loss: 2.486184  [28160/100000]
loss: 2.225448  [30720/100000]
loss: 2.783094  [33280/100000]
loss: 2.562539  [35840/100000]
loss: 2.788827  [38400/100000]
loss: 2.769492  [40960/100000]
loss: 2.520505  [43520/100000]
loss: 2.794751  [46080/100000]
loss: 2.687941  [48640/100000]
loss: 2.780546  [51200/100000]
loss: 2.586178  [53760/100000]
loss: 2.748057  [56320/100000]
loss: 2.706387  [58880/100000]
loss: 2.468396  [61440/100000]
loss: 2.607628  [64000/100000]
loss: 2.384413  [66560/100000]
loss: 2.685696  [69120/100000]
loss: 2.611171  [71680/100000]
loss: 2.891542  [74240/100000]
loss: 2.737042  [76800/100000]
loss: 2.769223  [79360/100000]
loss: 2.735401  [81920/100000]
loss: 2.437846  [84480/100000]
loss: 2.490989  [87040/100000]
loss: 2.430038  [89600/100000]
loss: 2.553787  [92160/100000]
loss: 2.669728  [94720/100000]
loss: 2.661856  [97280/100000]
loss: 2.583885  [62400/100000]
Epoch 24 finished in 122.27 seconds

Test Error: 
 Accuracy: 36.8%, Avg loss: 2.695602 

==> New Best Accuracy: 36.84%! Model Saved.
Current Learning Rate: 0.01
Epoch 25
-------------------------------
loss: 2.758555  [    0/100000]
loss: 2.545288  [ 2560/100000]
loss: 2.685073  [ 5120/100000]
loss: 2.545567  [ 7680/100000]
loss: 2.472850  [10240/100000]
loss: 2.575538  [12800/100000]
loss: 2.290384  [15360/100000]
loss: 2.443606  [17920/100000]
loss: 2.522400  [20480/100000]
loss: 2.692850  [23040/100000]
loss: 2.575312  [25600/100000]
loss: 2.597814  [28160/100000]
loss: 2.493163  [30720/100000]
loss: 2.444327  [33280/100000]
loss: 2.447281  [35840/100000]
loss: 2.348450  [38400/100000]
loss: 2.487292  [40960/100000]
loss: 2.427537  [43520/100000]
loss: 2.616909  [46080/100000]
loss: 2.685471  [48640/100000]
loss: 2.524272  [51200/100000]
loss: 2.676455  [53760/100000]
loss: 2.644293  [56320/100000]
loss: 2.510023  [58880/100000]
loss: 2.568219  [61440/100000]
loss: 2.675410  [64000/100000]
loss: 2.699427  [66560/100000]
loss: 2.470690  [69120/100000]
loss: 2.638769  [71680/100000]
loss: 2.563397  [74240/100000]
loss: 2.639071  [76800/100000]
loss: 2.523362  [79360/100000]
loss: 2.476769  [81920/100000]
loss: 2.546252  [84480/100000]
loss: 2.430153  [87040/100000]
loss: 2.812850  [89600/100000]
loss: 2.381437  [92160/100000]
loss: 2.618055  [94720/100000]
loss: 2.675019  [97280/100000]
loss: 2.606138  [62400/100000]
Epoch 25 finished in 122.24 seconds

Test Error: 
 Accuracy: 34.0%, Avg loss: 2.905624 

Current Learning Rate: 0.01
Epoch 26
-------------------------------
loss: 2.619558  [    0/100000]
loss: 2.690154  [ 2560/100000]
loss: 2.402002  [ 5120/100000]
loss: 2.404069  [ 7680/100000]
loss: 2.335783  [10240/100000]
loss: 2.260898  [12800/100000]
loss: 2.381303  [15360/100000]
loss: 2.640808  [17920/100000]
loss: 2.381370  [20480/100000]
loss: 2.537705  [23040/100000]
loss: 2.714204  [25600/100000]
loss: 2.534843  [28160/100000]
loss: 2.462141  [30720/100000]
loss: 2.466322  [33280/100000]
loss: 2.394453  [35840/100000]
loss: 2.592998  [38400/100000]
loss: 2.375744  [40960/100000]
loss: 2.627691  [43520/100000]
loss: 2.799392  [46080/100000]
loss: 2.585336  [48640/100000]
loss: 2.584422  [51200/100000]
loss: 2.388603  [53760/100000]
loss: 2.460211  [56320/100000]
loss: 2.602356  [58880/100000]
loss: 2.574357  [61440/100000]
loss: 2.584960  [64000/100000]
loss: 2.791582  [66560/100000]
loss: 2.387439  [69120/100000]
loss: 2.461168  [71680/100000]
loss: 2.303048  [74240/100000]
loss: 2.741171  [76800/100000]
loss: 2.592376  [79360/100000]
loss: 2.805575  [81920/100000]
loss: 2.356635  [84480/100000]
loss: 2.217461  [87040/100000]
loss: 2.461434  [89600/100000]
loss: 2.601950  [92160/100000]
loss: 2.327406  [94720/100000]
loss: 2.462534  [97280/100000]
loss: 2.626626  [62400/100000]
Epoch 26 finished in 122.26 seconds

Test Error: 
 Accuracy: 34.2%, Avg loss: 2.886195 

Current Learning Rate: 0.01
Epoch 27
-------------------------------
loss: 2.577380  [    0/100000]
loss: 2.640535  [ 2560/100000]
loss: 2.705055  [ 5120/100000]
loss: 2.548431  [ 7680/100000]
loss: 2.401599  [10240/100000]
loss: 2.468559  [12800/100000]
loss: 2.550494  [15360/100000]
loss: 2.379793  [17920/100000]
loss: 2.414318  [20480/100000]
loss: 2.195405  [23040/100000]
loss: 2.357694  [25600/100000]
loss: 2.433717  [28160/100000]
loss: 2.444581  [30720/100000]
loss: 2.690651  [33280/100000]
loss: 2.433134  [35840/100000]
loss: 2.408386  [38400/100000]
loss: 2.161313  [40960/100000]
loss: 2.452748  [43520/100000]
loss: 2.293648  [46080/100000]
loss: 2.385894  [48640/100000]
loss: 2.424021  [51200/100000]
loss: 2.371981  [53760/100000]
loss: 2.543314  [56320/100000]
loss: 2.398176  [58880/100000]
loss: 2.457512  [61440/100000]
loss: 2.520720  [64000/100000]
loss: 2.482691  [66560/100000]
loss: 2.323668  [69120/100000]
loss: 2.478911  [71680/100000]
loss: 2.539685  [74240/100000]
loss: 2.414507  [76800/100000]
loss: 2.796911  [79360/100000]
loss: 2.643675  [81920/100000]
loss: 2.501402  [84480/100000]
loss: 2.558288  [87040/100000]
loss: 2.095014  [89600/100000]
loss: 2.554054  [92160/100000]
loss: 2.354917  [94720/100000]
loss: 2.625362  [97280/100000]
loss: 2.672988  [62400/100000]
Epoch 27 finished in 122.31 seconds

Test Error: 
 Accuracy: 38.9%, Avg loss: 2.608082 

==> New Best Accuracy: 38.93%! Model Saved.
Current Learning Rate: 0.01
Epoch 28
-------------------------------
loss: 2.321250  [    0/100000]
loss: 2.176873  [ 2560/100000]
loss: 2.367203  [ 5120/100000]
loss: 2.301735  [ 7680/100000]
loss: 2.580705  [10240/100000]
loss: 2.325624  [12800/100000]
loss: 2.386732  [15360/100000]
loss: 2.341844  [17920/100000]
loss: 2.506756  [20480/100000]
loss: 2.382026  [23040/100000]
loss: 2.313665  [25600/100000]
loss: 2.459012  [28160/100000]
loss: 2.279443  [30720/100000]
loss: 2.476837  [33280/100000]
loss: 2.292440  [35840/100000]
loss: 2.502310  [38400/100000]
loss: 2.349201  [40960/100000]
loss: 2.365826  [43520/100000]
loss: 2.359164  [46080/100000]
loss: 2.215654  [48640/100000]
loss: 2.267606  [51200/100000]
loss: 2.793442  [53760/100000]
loss: 2.535552  [56320/100000]
loss: 2.437431  [58880/100000]
loss: 2.395016  [61440/100000]
loss: 2.565728  [64000/100000]
loss: 2.241645  [66560/100000]
loss: 2.183850  [69120/100000]
loss: 2.391382  [71680/100000]
loss: 2.305751  [74240/100000]
loss: 2.408939  [76800/100000]
loss: 2.222044  [79360/100000]
loss: 2.288015  [81920/100000]
loss: 2.331794  [84480/100000]
loss: 2.527027  [87040/100000]
loss: 2.488113  [89600/100000]
loss: 2.382048  [92160/100000]
loss: 2.522076  [94720/100000]
loss: 2.611862  [97280/100000]
loss: 2.433807  [62400/100000]
Epoch 28 finished in 122.27 seconds

Test Error: 
 Accuracy: 40.5%, Avg loss: 2.525251 

==> New Best Accuracy: 40.48%! Model Saved.
Current Learning Rate: 0.01
Epoch 29
-------------------------------
loss: 2.303917  [    0/100000]
loss: 2.136112  [ 2560/100000]
loss: 2.142980  [ 5120/100000]
loss: 2.242604  [ 7680/100000]
loss: 2.308303  [10240/100000]
loss: 2.261119  [12800/100000]
loss: 2.213181  [15360/100000]
loss: 2.562856  [17920/100000]
loss: 2.274088  [20480/100000]
loss: 2.390338  [23040/100000]
loss: 2.489933  [25600/100000]
loss: 2.385888  [28160/100000]
loss: 2.315363  [30720/100000]
loss: 2.289126  [33280/100000]
loss: 2.469217  [35840/100000]
loss: 2.212564  [38400/100000]
loss: 2.300192  [40960/100000]
loss: 2.495690  [43520/100000]
loss: 2.348423  [46080/100000]
loss: 2.458098  [48640/100000]
loss: 2.153184  [51200/100000]
loss: 2.257175  [53760/100000]
loss: 2.322684  [56320/100000]
loss: 2.357183  [58880/100000]
loss: 2.498426  [61440/100000]
loss: 2.181385  [64000/100000]
loss: 2.533361  [66560/100000]
loss: 2.345818  [69120/100000]
loss: 2.185293  [71680/100000]
loss: 2.320435  [74240/100000]
loss: 2.268186  [76800/100000]
loss: 2.094068  [79360/100000]
loss: 2.394057  [81920/100000]
loss: 2.285661  [84480/100000]
loss: 2.366502  [87040/100000]
loss: 2.186043  [89600/100000]
loss: 2.358090  [92160/100000]
loss: 2.209807  [94720/100000]
loss: 2.193860  [97280/100000]
loss: 2.283015  [62400/100000]
Epoch 29 finished in 122.33 seconds

Test Error: 
 Accuracy: 40.7%, Avg loss: 2.559586 

==> New Best Accuracy: 40.67%! Model Saved.
Current Learning Rate: 0.01
Epoch 30
-------------------------------
loss: 2.104362  [    0/100000]
loss: 2.209395  [ 2560/100000]
loss: 2.094069  [ 5120/100000]
loss: 2.287996  [ 7680/100000]
loss: 2.309953  [10240/100000]
loss: 2.427887  [12800/100000]
loss: 2.492109  [15360/100000]
loss: 2.109247  [17920/100000]
loss: 2.334150  [20480/100000]
loss: 2.159654  [23040/100000]
loss: 2.328086  [25600/100000]
loss: 2.358001  [28160/100000]
loss: 2.336477  [30720/100000]
loss: 2.409056  [33280/100000]
loss: 2.431739  [35840/100000]
loss: 2.043414  [38400/100000]
loss: 2.214980  [40960/100000]
loss: 2.104520  [43520/100000]
loss: 2.254901  [46080/100000]
loss: 2.228602  [48640/100000]
loss: 2.333951  [51200/100000]
loss: 2.325952  [53760/100000]
loss: 2.131086  [56320/100000]
loss: 2.404317  [58880/100000]
loss: 2.189040  [61440/100000]
loss: 2.309048  [64000/100000]
loss: 2.252831  [66560/100000]
loss: 2.343438  [69120/100000]
loss: 2.249921  [71680/100000]
loss: 2.359101  [74240/100000]
loss: 2.362680  [76800/100000]
loss: 2.342703  [79360/100000]
loss: 2.302114  [81920/100000]
loss: 2.177373  [84480/100000]
loss: 2.185637  [87040/100000]
loss: 2.162279  [89600/100000]
loss: 2.475220  [92160/100000]
loss: 2.250175  [94720/100000]
loss: 1.932505  [97280/100000]
loss: 2.359722  [62400/100000]
Epoch 30 finished in 122.20 seconds

Test Error: 
 Accuracy: 42.0%, Avg loss: 2.429472 

==> New Best Accuracy: 42.01%! Model Saved.
Current Learning Rate: 0.001
Epoch 31
-------------------------------
loss: 2.259275  [    0/100000]
loss: 2.093223  [ 2560/100000]
loss: 1.982388  [ 5120/100000]
loss: 2.019482  [ 7680/100000]
loss: 1.979290  [10240/100000]
loss: 2.019661  [12800/100000]
loss: 2.000150  [15360/100000]
loss: 1.897558  [17920/100000]
loss: 1.936377  [20480/100000]
loss: 1.857424  [23040/100000]
loss: 1.933151  [25600/100000]
loss: 1.694829  [28160/100000]
loss: 2.172584  [30720/100000]
loss: 1.762209  [33280/100000]
loss: 2.194161  [35840/100000]
loss: 1.948496  [38400/100000]
loss: 1.742494  [40960/100000]
loss: 1.971390  [43520/100000]
loss: 2.055826  [46080/100000]
loss: 1.906013  [48640/100000]
loss: 1.924738  [51200/100000]
loss: 1.885164  [53760/100000]
loss: 1.862298  [56320/100000]
loss: 1.986185  [58880/100000]
loss: 1.838983  [61440/100000]
loss: 1.972797  [64000/100000]
loss: 1.763889  [66560/100000]
loss: 1.983033  [69120/100000]
loss: 1.906219  [71680/100000]
loss: 1.846841  [74240/100000]
loss: 1.944715  [76800/100000]
loss: 1.752305  [79360/100000]
loss: 1.855003  [81920/100000]
loss: 2.002556  [84480/100000]
loss: 1.774942  [87040/100000]
loss: 1.823080  [89600/100000]
loss: 1.917421  [92160/100000]
loss: 1.859099  [94720/100000]
loss: 1.851432  [97280/100000]
loss: 2.069272  [62400/100000]
Epoch 31 finished in 122.23 seconds

Test Error: 
 Accuracy: 44.5%, Avg loss: 2.360579 

==> New Best Accuracy: 44.49%! Model Saved.
Current Learning Rate: 0.001
Epoch 32
-------------------------------
loss: 1.560187  [    0/100000]
loss: 1.668811  [ 2560/100000]
loss: 1.919802  [ 5120/100000]
loss: 1.723906  [ 7680/100000]
loss: 1.683224  [10240/100000]
loss: 1.849244  [12800/100000]
loss: 1.990195  [15360/100000]
loss: 2.050558  [17920/100000]
loss: 1.865980  [20480/100000]
loss: 1.870169  [23040/100000]
loss: 1.831887  [25600/100000]
loss: 1.718882  [28160/100000]
loss: 1.653928  [30720/100000]
loss: 1.886581  [33280/100000]
loss: 1.704291  [35840/100000]
loss: 1.869747  [38400/100000]
loss: 1.724200  [40960/100000]
loss: 1.834401  [43520/100000]
loss: 1.784236  [46080/100000]
loss: 1.898878  [48640/100000]
loss: 1.752829  [51200/100000]
loss: 1.768376  [53760/100000]
loss: 1.674729  [56320/100000]
loss: 1.963681  [58880/100000]
loss: 1.915429  [61440/100000]
loss: 1.896084  [64000/100000]
loss: 1.782625  [66560/100000]
loss: 1.807424  [69120/100000]
loss: 1.785705  [71680/100000]
loss: 1.762637  [74240/100000]
loss: 1.696169  [76800/100000]
loss: 1.908335  [79360/100000]
loss: 2.083523  [81920/100000]
loss: 1.867819  [84480/100000]
loss: 1.843446  [87040/100000]
loss: 1.828503  [89600/100000]
loss: 1.892172  [92160/100000]
loss: 1.670741  [94720/100000]
loss: 1.787412  [97280/100000]
loss: 1.629150  [62400/100000]
Epoch 32 finished in 122.12 seconds

Test Error: 
 Accuracy: 45.1%, Avg loss: 2.355825 

==> New Best Accuracy: 45.07%! Model Saved.
Current Learning Rate: 0.001
Epoch 33
-------------------------------
loss: 1.874380  [    0/100000]
loss: 1.757654  [ 2560/100000]
loss: 1.525510  [ 5120/100000]
loss: 1.813289  [ 7680/100000]
loss: 1.785934  [10240/100000]
loss: 1.710750  [12800/100000]
loss: 1.924026  [15360/100000]
loss: 1.708219  [17920/100000]
loss: 1.716851  [20480/100000]
loss: 1.920994  [23040/100000]
loss: 1.698998  [25600/100000]
loss: 2.012198  [28160/100000]
loss: 1.790628  [30720/100000]
loss: 1.871091  [33280/100000]
loss: 1.737998  [35840/100000]
loss: 1.817018  [38400/100000]
loss: 1.726816  [40960/100000]
loss: 1.635611  [43520/100000]
loss: 1.815583  [46080/100000]
loss: 1.872154  [48640/100000]
loss: 1.669422  [51200/100000]
loss: 1.586952  [53760/100000]
loss: 1.734776  [56320/100000]
loss: 2.019949  [58880/100000]
loss: 1.876980  [61440/100000]
loss: 1.922374  [64000/100000]
loss: 1.966670  [66560/100000]
loss: 1.793008  [69120/100000]
loss: 2.041298  [71680/100000]
loss: 1.724833  [74240/100000]
loss: 1.933607  [76800/100000]
loss: 1.945675  [79360/100000]
loss: 1.738514  [81920/100000]
loss: 1.676145  [84480/100000]
loss: 2.002509  [87040/100000]
loss: 1.654097  [89600/100000]
loss: 1.966637  [92160/100000]
loss: 1.903519  [94720/100000]
loss: 1.815442  [97280/100000]
loss: 1.824103  [62400/100000]
Epoch 33 finished in 122.27 seconds

Test Error: 
 Accuracy: 46.2%, Avg loss: 2.294227 

==> New Best Accuracy: 46.22%! Model Saved.
Current Learning Rate: 0.001
Epoch 34
-------------------------------
loss: 1.777619  [    0/100000]
loss: 1.940427  [ 2560/100000]
loss: 1.910486  [ 5120/100000]
loss: 1.921736  [ 7680/100000]
loss: 1.909989  [10240/100000]
loss: 1.764766  [12800/100000]
loss: 1.770467  [15360/100000]
loss: 1.904631  [17920/100000]
loss: 1.927410  [20480/100000]
loss: 1.819414  [23040/100000]
loss: 1.841674  [25600/100000]
loss: 1.609789  [28160/100000]
loss: 1.636185  [30720/100000]
loss: 1.747622  [33280/100000]
loss: 1.694474  [35840/100000]
loss: 1.709730  [38400/100000]
loss: 1.816383  [40960/100000]
loss: 1.528640  [43520/100000]
loss: 1.850905  [46080/100000]
loss: 2.028017  [48640/100000]
loss: 1.793976  [51200/100000]
loss: 1.731949  [53760/100000]
loss: 1.648705  [56320/100000]
loss: 1.529218  [58880/100000]
loss: 1.913525  [61440/100000]
loss: 1.820638  [64000/100000]
loss: 1.809694  [66560/100000]
loss: 1.673331  [69120/100000]
loss: 1.581293  [71680/100000]
loss: 1.768927  [74240/100000]
loss: 1.781607  [76800/100000]
loss: 1.789852  [79360/100000]
loss: 1.907815  [81920/100000]
loss: 1.834812  [84480/100000]
loss: 1.846524  [87040/100000]
loss: 1.985387  [89600/100000]
loss: 2.219771  [92160/100000]
loss: 1.575045  [94720/100000]
loss: 1.727953  [97280/100000]
loss: 1.692055  [62400/100000]
Epoch 34 finished in 122.10 seconds

Test Error: 
 Accuracy: 45.8%, Avg loss: 2.345452 

Current Learning Rate: 0.001
Epoch 35
-------------------------------
loss: 1.703155  [    0/100000]
loss: 1.811322  [ 2560/100000]
loss: 1.540869  [ 5120/100000]
loss: 1.890734  [ 7680/100000]
loss: 1.787827  [10240/100000]
loss: 1.505986  [12800/100000]
loss: 1.548767  [15360/100000]
loss: 1.849070  [17920/100000]
loss: 1.737991  [20480/100000]
loss: 1.828140  [23040/100000]
loss: 1.828184  [25600/100000]
loss: 1.746115  [28160/100000]
loss: 1.682509  [30720/100000]
loss: 1.863901  [33280/100000]
loss: 1.946681  [35840/100000]
loss: 1.711047  [38400/100000]
loss: 1.706950  [40960/100000]
loss: 1.645635  [43520/100000]
loss: 1.766514  [46080/100000]
loss: 1.734731  [48640/100000]
loss: 1.638842  [51200/100000]
loss: 1.668291  [53760/100000]
loss: 1.833135  [56320/100000]
loss: 1.794009  [58880/100000]
loss: 1.859687  [61440/100000]
loss: 1.661458  [64000/100000]
loss: 1.549405  [66560/100000]
loss: 1.812947  [69120/100000]
loss: 1.768244  [71680/100000]
loss: 1.670384  [74240/100000]
loss: 1.790306  [76800/100000]
loss: 1.693747  [79360/100000]
loss: 1.790243  [81920/100000]
loss: 1.867141  [84480/100000]
loss: 1.852036  [87040/100000]
loss: 1.686333  [89600/100000]
loss: 1.588169  [92160/100000]
loss: 1.746606  [94720/100000]
loss: 1.813059  [97280/100000]
loss: 1.784551  [62400/100000]
Epoch 35 finished in 122.12 seconds

Test Error: 
 Accuracy: 46.7%, Avg loss: 2.280661 

==> New Best Accuracy: 46.74%! Model Saved.
Current Learning Rate: 0.001
Epoch 36
-------------------------------
loss: 1.740894  [    0/100000]
loss: 1.841973  [ 2560/100000]
loss: 1.778824  [ 5120/100000]
loss: 1.669014  [ 7680/100000]
loss: 1.902290  [10240/100000]
loss: 1.723800  [12800/100000]
loss: 1.750506  [15360/100000]
loss: 1.725936  [17920/100000]
loss: 1.807967  [20480/100000]
loss: 1.692189  [23040/100000]
loss: 1.825797  [25600/100000]
loss: 1.805161  [28160/100000]
loss: 1.681213  [30720/100000]
loss: 1.757084  [33280/100000]
loss: 1.870390  [35840/100000]
loss: 1.851174  [38400/100000]
loss: 1.745482  [40960/100000]
loss: 1.696400  [43520/100000]
loss: 1.779889  [46080/100000]
loss: 1.544239  [48640/100000]
loss: 1.503316  [51200/100000]
loss: 1.593767  [53760/100000]
loss: 1.699005  [56320/100000]
loss: 1.800120  [58880/100000]
loss: 1.755904  [61440/100000]
loss: 1.645599  [64000/100000]
loss: 1.775139  [66560/100000]
loss: 1.805931  [69120/100000]
loss: 1.859579  [71680/100000]
loss: 1.661840  [74240/100000]
loss: 1.831817  [76800/100000]
loss: 1.906071  [79360/100000]
loss: 1.628258  [81920/100000]
loss: 1.840652  [84480/100000]
loss: 1.827262  [87040/100000]
loss: 1.903792  [89600/100000]
loss: 1.520638  [92160/100000]
loss: 1.759178  [94720/100000]
loss: 1.628368  [97280/100000]
loss: 1.583332  [62400/100000]
Epoch 36 finished in 122.15 seconds

Test Error: 
 Accuracy: 46.2%, Avg loss: 2.349803 

Current Learning Rate: 0.001
Epoch 37
-------------------------------
loss: 1.673894  [    0/100000]
loss: 1.800750  [ 2560/100000]
loss: 1.739581  [ 5120/100000]
loss: 1.816124  [ 7680/100000]
loss: 1.666049  [10240/100000]
loss: 1.718874  [12800/100000]
loss: 1.600708  [15360/100000]
loss: 1.854273  [17920/100000]
loss: 1.561710  [20480/100000]
loss: 1.673254  [23040/100000]
loss: 1.656504  [25600/100000]
loss: 1.899034  [28160/100000]
loss: 1.642019  [30720/100000]
loss: 1.749563  [33280/100000]
loss: 1.808289  [35840/100000]
loss: 1.484426  [38400/100000]
loss: 1.829631  [40960/100000]
loss: 1.934725  [43520/100000]
loss: 1.895895  [46080/100000]
loss: 1.823403  [48640/100000]
loss: 1.669117  [51200/100000]
loss: 2.039799  [53760/100000]
loss: 1.864555  [56320/100000]
loss: 1.772062  [58880/100000]
loss: 1.702466  [61440/100000]
loss: 1.699073  [64000/100000]
loss: 1.776370  [66560/100000]
loss: 1.503147  [69120/100000]
loss: 1.776913  [71680/100000]
loss: 1.592112  [74240/100000]
loss: 1.649311  [76800/100000]
loss: 1.917687  [79360/100000]
loss: 1.691986  [81920/100000]
loss: 1.566326  [84480/100000]
loss: 1.772070  [87040/100000]
loss: 1.522243  [89600/100000]
loss: 1.800136  [92160/100000]
loss: 1.557193  [94720/100000]
loss: 1.715069  [97280/100000]
loss: 1.558216  [62400/100000]
Epoch 37 finished in 122.23 seconds

Test Error: 
 Accuracy: 45.9%, Avg loss: 2.341282 

Current Learning Rate: 0.001
Epoch 38
-------------------------------
loss: 1.846721  [    0/100000]
loss: 1.774503  [ 2560/100000]
loss: 1.763296  [ 5120/100000]
loss: 1.488059  [ 7680/100000]
loss: 1.664270  [10240/100000]
loss: 1.539536  [12800/100000]
loss: 1.568564  [15360/100000]
loss: 1.582384  [17920/100000]
loss: 1.660956  [20480/100000]
loss: 2.098938  [23040/100000]
loss: 1.808773  [25600/100000]
loss: 1.721095  [28160/100000]
loss: 1.712579  [30720/100000]
loss: 1.584529  [33280/100000]
loss: 1.810939  [35840/100000]
loss: 1.712969  [38400/100000]
loss: 1.553031  [40960/100000]
loss: 1.404744  [43520/100000]
loss: 1.774401  [46080/100000]
loss: 1.682999  [48640/100000]
loss: 1.550152  [51200/100000]
loss: 1.598446  [53760/100000]
loss: 1.625664  [56320/100000]
loss: 1.757243  [58880/100000]
loss: 1.812645  [61440/100000]
loss: 1.777537  [64000/100000]
loss: 1.540540  [66560/100000]
loss: 1.568452  [69120/100000]
loss: 1.456219  [71680/100000]
loss: 1.783334  [74240/100000]
loss: 1.724207  [76800/100000]
loss: 1.387588  [79360/100000]
loss: 1.495210  [81920/100000]
loss: 1.688139  [84480/100000]
loss: 1.522461  [87040/100000]
loss: 1.746597  [89600/100000]
loss: 1.747855  [92160/100000]
loss: 1.757173  [94720/100000]
loss: 1.864500  [97280/100000]
loss: 2.065784  [62400/100000]
Epoch 38 finished in 122.21 seconds

Test Error: 
 Accuracy: 47.2%, Avg loss: 2.296768 

==> New Best Accuracy: 47.19%! Model Saved.
Current Learning Rate: 0.001
Epoch 39
-------------------------------
loss: 1.887208  [    0/100000]
loss: 1.519400  [ 2560/100000]
loss: 1.663934  [ 5120/100000]
loss: 1.489073  [ 7680/100000]
loss: 1.695556  [10240/100000]
loss: 1.637653  [12800/100000]
loss: 1.611942  [15360/100000]
loss: 1.702313  [17920/100000]
loss: 1.671084  [20480/100000]
loss: 1.731033  [23040/100000]
loss: 1.571105  [25600/100000]
loss: 1.564620  [28160/100000]
loss: 1.746560  [30720/100000]
loss: 1.861440  [33280/100000]
loss: 1.596228  [35840/100000]
loss: 1.697646  [38400/100000]
loss: 1.749519  [40960/100000]
loss: 1.807041  [43520/100000]
loss: 1.757785  [46080/100000]
loss: 1.659568  [48640/100000]
loss: 1.545992  [51200/100000]
loss: 1.718048  [53760/100000]
loss: 1.900438  [56320/100000]
loss: 1.660221  [58880/100000]
loss: 1.552446  [61440/100000]
loss: 1.575561  [64000/100000]
loss: 1.546350  [66560/100000]
loss: 1.611889  [69120/100000]
loss: 1.804902  [71680/100000]
loss: 1.777747  [74240/100000]
loss: 1.643159  [76800/100000]
loss: 1.663015  [79360/100000]
loss: 1.452930  [81920/100000]
loss: 1.646536  [84480/100000]
loss: 1.793897  [87040/100000]
loss: 1.849518  [89600/100000]
loss: 1.991032  [92160/100000]
loss: 1.742645  [94720/100000]
loss: 1.775412  [97280/100000]
loss: 1.700460  [62400/100000]
Epoch 39 finished in 122.10 seconds

Test Error: 
 Accuracy: 47.0%, Avg loss: 2.299512 

Current Learning Rate: 0.001
Epoch 40
-------------------------------
loss: 1.695925  [    0/100000]
loss: 1.500844  [ 2560/100000]
loss: 1.721246  [ 5120/100000]
loss: 1.609871  [ 7680/100000]
loss: 1.679638  [10240/100000]
loss: 1.645930  [12800/100000]
loss: 1.627722  [15360/100000]
loss: 1.630473  [17920/100000]
loss: 1.627362  [20480/100000]
loss: 1.598566  [23040/100000]
loss: 1.590624  [25600/100000]
loss: 1.471481  [28160/100000]
loss: 1.772545  [30720/100000]
loss: 1.462849  [33280/100000]
loss: 1.645893  [35840/100000]
loss: 1.719785  [38400/100000]
loss: 1.808843  [40960/100000]
loss: 1.729702  [43520/100000]
loss: 1.662794  [46080/100000]
loss: 1.703326  [48640/100000]
loss: 1.690757  [51200/100000]
loss: 1.550380  [53760/100000]
loss: 1.769413  [56320/100000]
loss: 1.478889  [58880/100000]
loss: 1.491508  [61440/100000]
loss: 1.612204  [64000/100000]
loss: 1.776072  [66560/100000]
loss: 1.686735  [69120/100000]
loss: 1.868963  [71680/100000]
loss: 1.525263  [74240/100000]
loss: 1.699672  [76800/100000]
loss: 1.572333  [79360/100000]
loss: 1.476374  [81920/100000]
loss: 1.910966  [84480/100000]
loss: 1.825897  [87040/100000]
loss: 1.686832  [89600/100000]
loss: 1.577359  [92160/100000]
loss: 1.655725  [94720/100000]
loss: 1.509362  [97280/100000]
loss: 1.692005  [62400/100000]
Epoch 40 finished in 122.09 seconds

Test Error: 
 Accuracy: 46.7%, Avg loss: 2.326787 

Current Learning Rate: 0.001
Epoch 41
-------------------------------
loss: 1.384388  [    0/100000]
loss: 1.599919  [ 2560/100000]
loss: 1.699116  [ 5120/100000]
loss: 1.623288  [ 7680/100000]
loss: 1.609632  [10240/100000]
loss: 1.565701  [12800/100000]
loss: 1.676849  [15360/100000]
loss: 1.648890  [17920/100000]
loss: 1.608651  [20480/100000]
loss: 1.612346  [23040/100000]
loss: 1.505520  [25600/100000]
loss: 1.469046  [28160/100000]
loss: 1.951593  [30720/100000]
loss: 1.579781  [33280/100000]
loss: 1.592162  [35840/100000]
loss: 1.708393  [38400/100000]
loss: 1.576280  [40960/100000]
loss: 1.856583  [43520/100000]
loss: 1.718189  [46080/100000]
loss: 1.607948  [48640/100000]
loss: 1.581860  [51200/100000]
loss: 1.558177  [53760/100000]
loss: 1.906728  [56320/100000]
loss: 1.819060  [58880/100000]
loss: 1.454777  [61440/100000]
loss: 1.769565  [64000/100000]
loss: 1.576310  [66560/100000]
loss: 1.644037  [69120/100000]
loss: 1.809911  [71680/100000]
loss: 1.649126  [74240/100000]
loss: 1.685450  [76800/100000]
loss: 1.570837  [79360/100000]
loss: 1.556196  [81920/100000]
loss: 1.704179  [84480/100000]
loss: 1.890753  [87040/100000]
loss: 1.586388  [89600/100000]
loss: 1.569654  [92160/100000]
loss: 1.875987  [94720/100000]
loss: 1.576859  [97280/100000]
loss: 1.607146  [62400/100000]
Epoch 41 finished in 121.98 seconds

Test Error: 
 Accuracy: 46.4%, Avg loss: 2.399717 

Current Learning Rate: 0.001
Epoch 42
-------------------------------
loss: 1.483625  [    0/100000]
loss: 1.766810  [ 2560/100000]
loss: 1.606913  [ 5120/100000]
loss: 1.506107  [ 7680/100000]
loss: 1.733417  [10240/100000]
loss: 1.570440  [12800/100000]
loss: 1.514650  [15360/100000]
loss: 1.549269  [17920/100000]
loss: 1.521595  [20480/100000]
loss: 1.539382  [23040/100000]
loss: 1.534338  [25600/100000]
loss: 1.792821  [28160/100000]
loss: 1.624258  [30720/100000]
loss: 1.617986  [33280/100000]
loss: 1.668470  [35840/100000]
loss: 1.876916  [38400/100000]
loss: 1.518371  [40960/100000]
loss: 1.388248  [43520/100000]
loss: 1.616920  [46080/100000]
loss: 1.530643  [48640/100000]
loss: 1.932339  [51200/100000]
loss: 1.854785  [53760/100000]
loss: 1.451514  [56320/100000]
loss: 1.550034  [58880/100000]
loss: 1.548040  [61440/100000]
loss: 1.466410  [64000/100000]
loss: 1.733417  [66560/100000]
loss: 1.684701  [69120/100000]
loss: 1.509654  [71680/100000]
loss: 1.637782  [74240/100000]
loss: 1.929224  [76800/100000]
loss: 1.549229  [79360/100000]
loss: 1.726161  [81920/100000]
loss: 1.439221  [84480/100000]
loss: 1.528853  [87040/100000]
loss: 1.584374  [89600/100000]
loss: 1.674693  [92160/100000]
loss: 1.699426  [94720/100000]
loss: 1.582022  [97280/100000]
loss: 1.900756  [62400/100000]
Epoch 42 finished in 122.05 seconds

Test Error: 
 Accuracy: 46.7%, Avg loss: 2.295628 

Current Learning Rate: 0.001
Epoch 43
-------------------------------
loss: 1.520786  [    0/100000]
loss: 1.527092  [ 2560/100000]
loss: 1.531448  [ 5120/100000]
loss: 1.687537  [ 7680/100000]
loss: 1.648263  [10240/100000]
loss: 1.643635  [12800/100000]
loss: 1.634963  [15360/100000]
loss: 1.490869  [17920/100000]
loss: 1.607755  [20480/100000]
loss: 1.601421  [23040/100000]
loss: 1.598185  [25600/100000]
loss: 1.610796  [28160/100000]
loss: 1.601294  [30720/100000]
loss: 1.698750  [33280/100000]
loss: 1.578879  [35840/100000]
loss: 1.490757  [38400/100000]
loss: 1.649788  [40960/100000]
loss: 1.518566  [43520/100000]
loss: 1.626009  [46080/100000]
loss: 1.574546  [48640/100000]
loss: 1.829571  [51200/100000]
loss: 1.666440  [53760/100000]
loss: 1.630550  [56320/100000]
loss: 1.619226  [58880/100000]
loss: 1.687635  [61440/100000]
loss: 1.713727  [64000/100000]
loss: 1.572444  [66560/100000]
loss: 1.601397  [69120/100000]
loss: 1.389784  [71680/100000]
loss: 1.695636  [74240/100000]
loss: 1.481015  [76800/100000]
loss: 1.690381  [79360/100000]
loss: 1.585673  [81920/100000]
loss: 1.794428  [84480/100000]
loss: 1.485497  [87040/100000]
loss: 1.625755  [89600/100000]
loss: 1.667450  [92160/100000]
loss: 1.696659  [94720/100000]
loss: 1.697560  [97280/100000]
loss: 1.628773  [62400/100000]
Epoch 43 finished in 122.05 seconds

Test Error: 
 Accuracy: 46.9%, Avg loss: 2.284899 

Current Learning Rate: 0.001
Epoch 44
-------------------------------
loss: 1.633159  [    0/100000]
loss: 1.685248  [ 2560/100000]
loss: 1.457318  [ 5120/100000]
loss: 1.618636  [ 7680/100000]
loss: 1.702420  [10240/100000]
loss: 1.445646  [12800/100000]
loss: 1.759624  [15360/100000]
loss: 1.668831  [17920/100000]
loss: 1.767480  [20480/100000]
loss: 1.553304  [23040/100000]
loss: 1.757529  [25600/100000]
loss: 1.762474  [28160/100000]
loss: 1.763421  [30720/100000]
loss: 1.368551  [33280/100000]
loss: 1.690425  [35840/100000]
loss: 1.550433  [38400/100000]
loss: 1.695802  [40960/100000]
loss: 1.545208  [43520/100000]
loss: 1.523444  [46080/100000]
loss: 1.626023  [48640/100000]
loss: 1.480082  [51200/100000]
loss: 1.613769  [53760/100000]
loss: 1.658433  [56320/100000]
loss: 1.677601  [58880/100000]
loss: 1.621390  [61440/100000]
loss: 1.349412  [64000/100000]
loss: 1.518821  [66560/100000]
loss: 1.551029  [69120/100000]
loss: 1.595432  [71680/100000]
loss: 1.824266  [74240/100000]
loss: 1.754370  [76800/100000]
loss: 1.797219  [79360/100000]
loss: 1.714173  [81920/100000]
loss: 1.525844  [84480/100000]
loss: 1.602261  [87040/100000]
loss: 1.468302  [89600/100000]
loss: 1.432820  [92160/100000]
loss: 1.756836  [94720/100000]
loss: 1.584682  [97280/100000]
loss: 1.696281  [62400/100000]
Epoch 44 finished in 122.11 seconds

Test Error: 
 Accuracy: 47.0%, Avg loss: 2.290345 

Current Learning Rate: 0.001
Epoch 45
-------------------------------
loss: 1.508303  [    0/100000]
loss: 1.616993  [ 2560/100000]
loss: 1.471081  [ 5120/100000]
loss: 1.555404  [ 7680/100000]
loss: 1.312397  [10240/100000]
loss: 1.554174  [12800/100000]
loss: 1.614127  [15360/100000]
loss: 1.740495  [17920/100000]
loss: 1.666635  [20480/100000]
loss: 1.779700  [23040/100000]
loss: 1.569698  [25600/100000]
loss: 1.528735  [28160/100000]
loss: 1.486380  [30720/100000]
loss: 1.550911  [33280/100000]
loss: 1.698099  [35840/100000]
loss: 1.670307  [38400/100000]
loss: 1.607803  [40960/100000]
loss: 1.684902  [43520/100000]
loss: 1.582182  [46080/100000]
loss: 1.589708  [48640/100000]
loss: 1.696446  [51200/100000]
loss: 1.498603  [53760/100000]
loss: 1.426882  [56320/100000]
loss: 1.551231  [58880/100000]
loss: 1.618900  [61440/100000]
loss: 1.401715  [64000/100000]
loss: 1.536803  [66560/100000]
loss: 1.457140  [69120/100000]
loss: 1.310755  [71680/100000]
loss: 1.469991  [74240/100000]
loss: 1.511018  [76800/100000]
loss: 1.632578  [79360/100000]
loss: 1.447654  [81920/100000]
loss: 1.404558  [84480/100000]
loss: 1.544243  [87040/100000]
loss: 1.708589  [89600/100000]
loss: 1.440733  [92160/100000]
loss: 1.499497  [94720/100000]
loss: 1.611827  [97280/100000]
loss: 1.419082  [62400/100000]
Epoch 45 finished in 122.07 seconds

Test Error: 
 Accuracy: 47.2%, Avg loss: 2.344237 

==> New Best Accuracy: 47.21%! Model Saved.
Current Learning Rate: 0.001
Epoch 46
-------------------------------
loss: 1.475460  [    0/100000]
loss: 1.446687  [ 2560/100000]
loss: 1.551120  [ 5120/100000]
loss: 1.627407  [ 7680/100000]
loss: 1.280252  [10240/100000]
loss: 1.493643  [12800/100000]
loss: 1.437265  [15360/100000]
loss: 1.404485  [17920/100000]
loss: 1.556105  [20480/100000]
loss: 1.581712  [23040/100000]
loss: 1.822864  [25600/100000]
loss: 1.686821  [28160/100000]
loss: 1.484347  [30720/100000]
loss: 1.426026  [33280/100000]
loss: 1.544671  [35840/100000]
loss: 1.658312  [38400/100000]
loss: 1.323487  [40960/100000]
loss: 1.522767  [43520/100000]
loss: 1.558320  [46080/100000]
loss: 1.406043  [48640/100000]
loss: 1.364639  [51200/100000]
loss: 1.822784  [53760/100000]
loss: 1.432746  [56320/100000]
loss: 1.598408  [58880/100000]
loss: 1.683083  [61440/100000]
loss: 1.564781  [64000/100000]
loss: 1.774298  [66560/100000]
loss: 1.590345  [69120/100000]
loss: 1.703330  [71680/100000]
loss: 1.672358  [74240/100000]
loss: 1.514027  [76800/100000]
loss: 1.694338  [79360/100000]
loss: 1.522315  [81920/100000]
loss: 1.545701  [84480/100000]
loss: 1.525860  [87040/100000]
loss: 1.565950  [89600/100000]
loss: 1.528149  [92160/100000]
loss: 1.592120  [94720/100000]
loss: 1.558433  [97280/100000]
loss: 1.389659  [62400/100000]
Epoch 46 finished in 122.16 seconds

Test Error: 
 Accuracy: 47.3%, Avg loss: 2.341380 

==> New Best Accuracy: 47.30%! Model Saved.
Current Learning Rate: 0.001
Epoch 47
-------------------------------
loss: 1.718385  [    0/100000]
loss: 1.630444  [ 2560/100000]
loss: 1.413438  [ 5120/100000]
loss: 1.555197  [ 7680/100000]
loss: 1.425076  [10240/100000]
loss: 1.575537  [12800/100000]
loss: 1.406024  [15360/100000]
loss: 1.723908  [17920/100000]
loss: 1.545936  [20480/100000]
loss: 1.539543  [23040/100000]
loss: 1.551491  [25600/100000]
loss: 1.518506  [28160/100000]
loss: 1.531333  [30720/100000]
loss: 1.399087  [33280/100000]
loss: 1.529173  [35840/100000]
loss: 1.560768  [38400/100000]
loss: 1.638038  [40960/100000]
loss: 1.564851  [43520/100000]
loss: 1.370467  [46080/100000]
loss: 1.566196  [48640/100000]
loss: 1.678257  [51200/100000]
loss: 1.640604  [53760/100000]
loss: 1.844162  [56320/100000]
loss: 1.443419  [58880/100000]
loss: 1.512116  [61440/100000]
loss: 1.290397  [64000/100000]
loss: 1.523549  [66560/100000]
loss: 1.619114  [69120/100000]
loss: 1.479396  [71680/100000]
loss: 1.607883  [74240/100000]
loss: 1.428607  [76800/100000]
loss: 1.716329  [79360/100000]
loss: 1.385821  [81920/100000]
loss: 1.625628  [84480/100000]
loss: 1.527626  [87040/100000]
loss: 1.738765  [89600/100000]
loss: 1.623550  [92160/100000]
loss: 1.497308  [94720/100000]
loss: 1.441890  [97280/100000]
loss: 1.758844  [62400/100000]
Epoch 47 finished in 122.03 seconds

Test Error: 
 Accuracy: 47.2%, Avg loss: 2.342665 

Current Learning Rate: 0.001
Epoch 48
-------------------------------
loss: 1.510945  [    0/100000]
loss: 1.581942  [ 2560/100000]
loss: 1.449753  [ 5120/100000]
loss: 1.463266  [ 7680/100000]
loss: 1.583357  [10240/100000]
loss: 1.447819  [12800/100000]
loss: 1.433822  [15360/100000]
loss: 1.725886  [17920/100000]
loss: 1.416046  [20480/100000]
loss: 1.410351  [23040/100000]
loss: 1.560665  [25600/100000]
loss: 1.433318  [28160/100000]
loss: 1.598936  [30720/100000]
loss: 1.519763  [33280/100000]
loss: 1.534602  [35840/100000]
loss: 1.531919  [38400/100000]
loss: 1.485626  [40960/100000]
loss: 1.514575  [43520/100000]
loss: 1.495790  [46080/100000]
loss: 1.503740  [48640/100000]
loss: 1.653072  [51200/100000]
loss: 1.696276  [53760/100000]
loss: 1.364482  [56320/100000]
loss: 1.375076  [58880/100000]
loss: 1.480113  [61440/100000]
loss: 1.679887  [64000/100000]
loss: 1.396991  [66560/100000]
loss: 1.628530  [69120/100000]
loss: 1.488245  [71680/100000]
loss: 1.573803  [74240/100000]
loss: 1.616344  [76800/100000]
loss: 1.518166  [79360/100000]
loss: 1.766597  [81920/100000]
loss: 1.521869  [84480/100000]
loss: 1.199939  [87040/100000]
loss: 1.581641  [89600/100000]
loss: 1.512732  [92160/100000]
loss: 1.398737  [94720/100000]
loss: 1.527964  [97280/100000]
loss: 1.539582  [62400/100000]
Epoch 48 finished in 122.00 seconds

Test Error: 
 Accuracy: 48.3%, Avg loss: 2.267906 

==> New Best Accuracy: 48.32%! Model Saved.
Current Learning Rate: 0.001
Epoch 49
-------------------------------
loss: 1.557421  [    0/100000]
loss: 1.612406  [ 2560/100000]
loss: 1.441353  [ 5120/100000]
loss: 1.637907  [ 7680/100000]
loss: 1.659106  [10240/100000]
loss: 1.434798  [12800/100000]
loss: 1.483317  [15360/100000]
loss: 1.658437  [17920/100000]
loss: 1.501935  [20480/100000]
loss: 1.637652  [23040/100000]
loss: 1.580794  [25600/100000]
loss: 1.504467  [28160/100000]
loss: 1.247226  [30720/100000]
loss: 1.414093  [33280/100000]
loss: 1.419636  [35840/100000]
loss: 1.503295  [38400/100000]
loss: 1.457624  [40960/100000]
loss: 1.466661  [43520/100000]
loss: 1.466514  [46080/100000]
loss: 1.388581  [48640/100000]
loss: 1.524073  [51200/100000]
loss: 1.476289  [53760/100000]
loss: 1.476065  [56320/100000]
loss: 1.358782  [58880/100000]
loss: 1.450806  [61440/100000]
loss: 1.353866  [64000/100000]
loss: 1.516682  [66560/100000]
loss: 1.425630  [69120/100000]
loss: 1.516616  [71680/100000]
loss: 1.468809  [74240/100000]
loss: 1.623177  [76800/100000]
loss: 1.358206  [79360/100000]
loss: 1.557255  [81920/100000]
loss: 1.500309  [84480/100000]
loss: 1.595334  [87040/100000]
loss: 1.497241  [89600/100000]
loss: 1.676804  [92160/100000]
loss: 1.394068  [94720/100000]
loss: 1.568976  [97280/100000]
loss: 1.513956  [62400/100000]
Epoch 49 finished in 122.17 seconds

Test Error: 
 Accuracy: 46.9%, Avg loss: 2.403089 

Current Learning Rate: 0.001
Epoch 50
-------------------------------
loss: 1.545388  [    0/100000]
loss: 1.497617  [ 2560/100000]
loss: 1.189606  [ 5120/100000]
loss: 1.273811  [ 7680/100000]
loss: 1.439294  [10240/100000]
loss: 1.299102  [12800/100000]
loss: 1.653079  [15360/100000]
loss: 1.250431  [17920/100000]
loss: 1.709928  [20480/100000]
loss: 1.464072  [23040/100000]
loss: 1.652470  [25600/100000]
loss: 1.481509  [28160/100000]
loss: 1.308546  [30720/100000]
loss: 1.336872  [33280/100000]
loss: 1.712229  [35840/100000]
loss: 1.536604  [38400/100000]
loss: 1.375681  [40960/100000]
loss: 1.321616  [43520/100000]
loss: 1.407454  [46080/100000]
loss: 1.333302  [48640/100000]
loss: 1.444933  [51200/100000]
loss: 1.484651  [53760/100000]
loss: 1.542259  [56320/100000]
loss: 1.294708  [58880/100000]
loss: 1.212624  [61440/100000]
loss: 1.577580  [64000/100000]
loss: 1.536881  [66560/100000]
loss: 1.406787  [69120/100000]
loss: 1.474092  [71680/100000]
loss: 1.325244  [74240/100000]
loss: 1.511589  [76800/100000]
loss: 1.447008  [79360/100000]
loss: 1.487882  [81920/100000]
loss: 1.612378  [84480/100000]
loss: 1.436032  [87040/100000]
loss: 1.595258  [89600/100000]
loss: 1.571990  [92160/100000]
loss: 1.590148  [94720/100000]
loss: 1.410232  [97280/100000]
loss: 1.617816  [62400/100000]
Epoch 50 finished in 122.16 seconds

Test Error: 
 Accuracy: 47.4%, Avg loss: 2.344016 

Current Learning Rate: 0.0001
Epoch 51
-------------------------------
loss: 1.534436  [    0/100000]
loss: 1.663591  [ 2560/100000]
loss: 1.479294  [ 5120/100000]
loss: 1.417416  [ 7680/100000]
loss: 1.361999  [10240/100000]
loss: 1.209589  [12800/100000]
loss: 1.321509  [15360/100000]
loss: 1.495384  [17920/100000]
loss: 1.361652  [20480/100000]
loss: 1.618051  [23040/100000]
loss: 1.367635  [25600/100000]
loss: 1.281720  [28160/100000]
loss: 1.304721  [30720/100000]
loss: 1.359609  [33280/100000]
loss: 1.303595  [35840/100000]
loss: 1.505145  [38400/100000]
loss: 1.372335  [40960/100000]
loss: 1.566343  [43520/100000]
loss: 1.341541  [46080/100000]
loss: 1.456378  [48640/100000]
loss: 1.365046  [51200/100000]
loss: 1.294377  [53760/100000]
loss: 1.378347  [56320/100000]
loss: 1.380521  [58880/100000]
loss: 1.532908  [61440/100000]
loss: 1.643702  [64000/100000]
loss: 1.630692  [66560/100000]
loss: 1.571128  [69120/100000]
loss: 1.362014  [71680/100000]
loss: 1.256726  [74240/100000]
loss: 1.365075  [76800/100000]
loss: 1.546112  [79360/100000]
loss: 1.335039  [81920/100000]
loss: 1.312485  [84480/100000]
loss: 1.413439  [87040/100000]
loss: 1.447209  [89600/100000]
loss: 1.418375  [92160/100000]
loss: 1.374442  [94720/100000]
loss: 1.284163  [97280/100000]
loss: 1.262953  [62400/100000]
Epoch 51 finished in 122.11 seconds

Test Error: 
 Accuracy: 48.1%, Avg loss: 2.330610 

Current Learning Rate: 0.0001
Epoch 52
-------------------------------
loss: 1.543856  [    0/100000]
loss: 1.283937  [ 2560/100000]
loss: 1.181309  [ 5120/100000]
loss: 1.321784  [ 7680/100000]
loss: 1.397597  [10240/100000]
loss: 1.397771  [12800/100000]
loss: 1.402897  [15360/100000]
loss: 1.446856  [17920/100000]
loss: 1.244750  [20480/100000]
loss: 1.220173  [23040/100000]
loss: 1.304114  [25600/100000]
loss: 1.558540  [28160/100000]
loss: 1.349520  [30720/100000]
loss: 1.378803  [33280/100000]
loss: 1.441247  [35840/100000]
loss: 1.414243  [38400/100000]
loss: 1.359348  [40960/100000]
loss: 1.342608  [43520/100000]
loss: 1.432845  [46080/100000]
loss: 1.478392  [48640/100000]
loss: 1.399279  [51200/100000]
loss: 1.466216  [53760/100000]
loss: 1.628106  [56320/100000]
loss: 1.385764  [58880/100000]
loss: 1.229910  [61440/100000]
loss: 1.311010  [64000/100000]
loss: 1.582541  [66560/100000]
loss: 1.281502  [69120/100000]
loss: 1.343053  [71680/100000]
loss: 1.364625  [74240/100000]
loss: 1.748439  [76800/100000]
loss: 1.477677  [79360/100000]
loss: 1.316399  [81920/100000]
loss: 1.459834  [84480/100000]
loss: 1.309395  [87040/100000]
loss: 1.396520  [89600/100000]
loss: 1.404485  [92160/100000]
loss: 1.356445  [94720/100000]
loss: 1.194365  [97280/100000]
loss: 1.458310  [62400/100000]
Epoch 52 finished in 122.05 seconds

Test Error: 
 Accuracy: 47.8%, Avg loss: 2.346691 

Current Learning Rate: 0.0001
Epoch 53
-------------------------------
loss: 1.424442  [    0/100000]
loss: 1.355757  [ 2560/100000]
loss: 1.180634  [ 5120/100000]
loss: 1.536416  [ 7680/100000]
loss: 1.500148  [10240/100000]
loss: 1.248277  [12800/100000]
loss: 1.335737  [15360/100000]
loss: 1.403466  [17920/100000]
loss: 1.386106  [20480/100000]
loss: 1.368727  [23040/100000]
loss: 1.365574  [25600/100000]
loss: 1.520854  [28160/100000]
loss: 1.379120  [30720/100000]
loss: 1.361929  [33280/100000]
loss: 1.387188  [35840/100000]
loss: 1.549143  [38400/100000]
loss: 1.447730  [40960/100000]
loss: 1.791603  [43520/100000]
loss: 1.326471  [46080/100000]
loss: 1.446277  [48640/100000]
loss: 1.332955  [51200/100000]
loss: 1.461427  [53760/100000]
loss: 1.569820  [56320/100000]
loss: 1.537609  [58880/100000]
loss: 1.262918  [61440/100000]
loss: 1.457254  [64000/100000]
loss: 1.519656  [66560/100000]
loss: 1.422611  [69120/100000]
loss: 1.500958  [71680/100000]
loss: 1.358106  [74240/100000]
loss: 1.386333  [76800/100000]
loss: 1.512397  [79360/100000]
loss: 1.263384  [81920/100000]
loss: 1.445316  [84480/100000]
loss: 1.342541  [87040/100000]
loss: 1.358298  [89600/100000]
loss: 1.440739  [92160/100000]
loss: 1.322103  [94720/100000]
loss: 1.430561  [97280/100000]
loss: 1.281301  [62400/100000]
Epoch 53 finished in 122.10 seconds

Test Error: 
 Accuracy: 48.1%, Avg loss: 2.321965 

Current Learning Rate: 0.0001
Epoch 54
-------------------------------
loss: 1.424255  [    0/100000]
loss: 1.489824  [ 2560/100000]
loss: 1.364773  [ 5120/100000]
loss: 1.259940  [ 7680/100000]
loss: 1.494117  [10240/100000]
loss: 1.404991  [12800/100000]
loss: 1.400017  [15360/100000]
loss: 1.517326  [17920/100000]
loss: 1.190636  [20480/100000]
loss: 1.596923  [23040/100000]
loss: 1.512653  [25600/100000]
loss: 1.376230  [28160/100000]
loss: 1.398264  [30720/100000]
loss: 1.469572  [33280/100000]
loss: 1.298381  [35840/100000]
loss: 1.512790  [38400/100000]
loss: 1.445473  [40960/100000]
loss: 1.334838  [43520/100000]
loss: 1.499058  [46080/100000]
loss: 1.427418  [48640/100000]
loss: 1.423750  [51200/100000]
loss: 1.598859  [53760/100000]
loss: 1.415701  [56320/100000]
loss: 1.391299  [58880/100000]
loss: 1.529938  [61440/100000]
loss: 1.484289  [64000/100000]
loss: 1.252200  [66560/100000]
loss: 1.158522  [69120/100000]
loss: 1.448470  [71680/100000]
loss: 1.289452  [74240/100000]
loss: 1.451794  [76800/100000]
loss: 1.407461  [79360/100000]
loss: 1.526597  [81920/100000]
loss: 1.593692  [84480/100000]
loss: 1.537053  [87040/100000]
loss: 1.436621  [89600/100000]
loss: 1.655799  [92160/100000]
loss: 1.319734  [94720/100000]
loss: 1.298146  [97280/100000]
loss: 1.493376  [62400/100000]
Epoch 54 finished in 122.05 seconds

Test Error: 
 Accuracy: 48.1%, Avg loss: 2.390222 

Current Learning Rate: 0.0001
Epoch 55
-------------------------------
loss: 1.225362  [    0/100000]
loss: 1.349793  [ 2560/100000]
loss: 1.418169  [ 5120/100000]
loss: 1.277477  [ 7680/100000]
loss: 1.436600  [10240/100000]
loss: 1.466702  [12800/100000]
loss: 1.326413  [15360/100000]
loss: 1.331516  [17920/100000]
loss: 1.336825  [20480/100000]
loss: 1.473831  [23040/100000]
loss: 1.423375  [25600/100000]
loss: 1.492505  [28160/100000]
loss: 1.274519  [30720/100000]
loss: 1.420988  [33280/100000]
loss: 1.424631  [35840/100000]
loss: 1.360552  [38400/100000]
loss: 1.268253  [40960/100000]
loss: 1.502699  [43520/100000]
loss: 1.416121  [46080/100000]
loss: 1.238105  [48640/100000]
loss: 1.343771  [51200/100000]
loss: 1.341375  [53760/100000]
loss: 1.387812  [56320/100000]
loss: 1.581066  [58880/100000]
loss: 1.576362  [61440/100000]
loss: 1.285105  [64000/100000]
loss: 1.360963  [66560/100000]
loss: 1.552840  [69120/100000]
loss: 1.291584  [71680/100000]
loss: 1.368126  [74240/100000]
loss: 1.210452  [76800/100000]
loss: 1.367681  [79360/100000]
loss: 1.469042  [81920/100000]
loss: 1.481242  [84480/100000]
loss: 1.293356  [87040/100000]
loss: 1.260143  [89600/100000]
loss: 1.255738  [92160/100000]
loss: 1.371239  [94720/100000]
loss: 1.593174  [97280/100000]
loss: 1.352076  [62400/100000]
Epoch 55 finished in 122.14 seconds

Test Error: 
 Accuracy: 47.9%, Avg loss: 2.332055 

Current Learning Rate: 0.0001
Epoch 56
-------------------------------
loss: 1.211111  [    0/100000]
loss: 1.470938  [ 2560/100000]
loss: 1.442769  [ 5120/100000]
loss: 1.377365  [ 7680/100000]
loss: 1.357957  [10240/100000]
loss: 1.304189  [12800/100000]
loss: 1.417190  [15360/100000]
loss: 1.161656  [17920/100000]
loss: 1.214475  [20480/100000]
loss: 1.405420  [23040/100000]
loss: 1.392038  [25600/100000]
loss: 1.331034  [28160/100000]
loss: 1.467741  [30720/100000]
loss: 1.304573  [33280/100000]
loss: 1.253857  [35840/100000]
loss: 1.533775  [38400/100000]
loss: 1.411731  [40960/100000]
loss: 1.260129  [43520/100000]
loss: 1.268568  [46080/100000]
loss: 1.294556  [48640/100000]
loss: 1.344036  [51200/100000]
loss: 1.614211  [53760/100000]
loss: 1.384712  [56320/100000]
loss: 1.352288  [58880/100000]
loss: 1.406871  [61440/100000]
loss: 1.475072  [64000/100000]
loss: 1.355719  [66560/100000]
loss: 1.344534  [69120/100000]
loss: 1.432513  [71680/100000]
loss: 1.193449  [74240/100000]
loss: 1.102318  [76800/100000]
loss: 1.260726  [79360/100000]
loss: 1.234663  [81920/100000]
loss: 1.383547  [84480/100000]
loss: 1.498043  [87040/100000]
loss: 1.200068  [89600/100000]
loss: 1.369170  [92160/100000]
loss: 1.376336  [94720/100000]
loss: 1.206563  [97280/100000]
loss: 1.282083  [62400/100000]
Epoch 56 finished in 122.13 seconds

Test Error: 
 Accuracy: 48.4%, Avg loss: 2.342148 

==> New Best Accuracy: 48.39%! Model Saved.
Current Learning Rate: 0.0001
Epoch 57
-------------------------------
loss: 1.278496  [    0/100000]
loss: 1.357378  [ 2560/100000]
loss: 1.535714  [ 5120/100000]
loss: 1.434367  [ 7680/100000]
loss: 1.310541  [10240/100000]
loss: 1.567823  [12800/100000]
loss: 1.402620  [15360/100000]
loss: 1.474593  [17920/100000]
loss: 1.460207  [20480/100000]
loss: 1.345103  [23040/100000]
loss: 1.437502  [25600/100000]
loss: 1.152212  [28160/100000]
loss: 1.098481  [30720/100000]
loss: 1.277794  [33280/100000]
loss: 1.371958  [35840/100000]
loss: 1.254795  [38400/100000]
loss: 1.451021  [40960/100000]
loss: 1.386382  [43520/100000]
loss: 1.250367  [46080/100000]
loss: 1.318027  [48640/100000]
loss: 1.283676  [51200/100000]
loss: 1.453532  [53760/100000]
loss: 1.282613  [56320/100000]
loss: 1.400867  [58880/100000]
loss: 1.402526  [61440/100000]
loss: 1.191142  [64000/100000]
loss: 1.262797  [66560/100000]
loss: 1.373560  [69120/100000]
loss: 1.423757  [71680/100000]
loss: 1.354514  [74240/100000]
loss: 1.547035  [76800/100000]
loss: 1.234212  [79360/100000]
loss: 1.475158  [81920/100000]
loss: 1.306135  [84480/100000]
loss: 1.192354  [87040/100000]
loss: 1.242852  [89600/100000]
loss: 1.323753  [92160/100000]
loss: 1.416041  [94720/100000]
loss: 1.417219  [97280/100000]
loss: 1.342194  [62400/100000]
Epoch 57 finished in 122.10 seconds

Test Error: 
 Accuracy: 48.0%, Avg loss: 2.324159 

Current Learning Rate: 0.0001
Epoch 58
-------------------------------
loss: 1.641155  [    0/100000]
loss: 1.420129  [ 2560/100000]
loss: 1.318910  [ 5120/100000]
loss: 1.372768  [ 7680/100000]
loss: 1.276818  [10240/100000]
loss: 1.328626  [12800/100000]
loss: 1.250862  [15360/100000]
loss: 1.528760  [17920/100000]
loss: 1.316235  [20480/100000]
loss: 1.220450  [23040/100000]
loss: 1.157671  [25600/100000]
loss: 1.312005  [28160/100000]
loss: 1.391417  [30720/100000]
loss: 1.304039  [33280/100000]
loss: 1.414363  [35840/100000]
loss: 1.271613  [38400/100000]
loss: 1.491704  [40960/100000]
loss: 1.283503  [43520/100000]
loss: 1.356329  [46080/100000]
loss: 1.349261  [48640/100000]
loss: 1.382537  [51200/100000]
loss: 1.341007  [53760/100000]
loss: 1.328253  [56320/100000]
loss: 1.303119  [58880/100000]
loss: 1.450440  [61440/100000]
loss: 1.300404  [64000/100000]
loss: 1.337282  [66560/100000]
loss: 1.449468  [69120/100000]
loss: 1.519791  [71680/100000]
loss: 1.363284  [74240/100000]
loss: 1.189651  [76800/100000]
loss: 1.455436  [79360/100000]
loss: 1.598338  [81920/100000]
loss: 1.346186  [84480/100000]
loss: 1.538703  [87040/100000]
loss: 1.402832  [89600/100000]
loss: 1.624581  [92160/100000]
loss: 1.479751  [94720/100000]
loss: 1.343430  [97280/100000]
loss: 1.124576  [62400/100000]
Epoch 58 finished in 122.15 seconds

Test Error: 
 Accuracy: 48.7%, Avg loss: 2.308412 

==> New Best Accuracy: 48.67%! Model Saved.
Current Learning Rate: 0.0001
Epoch 59
-------------------------------
loss: 1.488612  [    0/100000]
loss: 1.338482  [ 2560/100000]
loss: 1.307805  [ 5120/100000]
loss: 1.209971  [ 7680/100000]
loss: 1.368112  [10240/100000]
loss: 1.301746  [12800/100000]
loss: 1.349557  [15360/100000]
loss: 1.267024  [17920/100000]
loss: 1.333501  [20480/100000]
loss: 1.188371  [23040/100000]
loss: 1.324156  [25600/100000]
loss: 1.234513  [28160/100000]
loss: 1.416273  [30720/100000]
loss: 1.481442  [33280/100000]
loss: 1.301997  [35840/100000]
loss: 1.609987  [38400/100000]
loss: 1.158116  [40960/100000]
loss: 1.403531  [43520/100000]
loss: 1.358050  [46080/100000]
loss: 1.304973  [48640/100000]
loss: 1.692567  [51200/100000]
loss: 1.296329  [53760/100000]
loss: 1.511180  [56320/100000]
loss: 1.371865  [58880/100000]
loss: 1.395431  [61440/100000]
loss: 1.281922  [64000/100000]
loss: 1.339216  [66560/100000]
loss: 1.380737  [69120/100000]
loss: 1.519759  [71680/100000]
loss: 1.206416  [74240/100000]
loss: 1.435858  [76800/100000]
loss: 1.495016  [79360/100000]
loss: 1.474626  [81920/100000]
loss: 1.503934  [84480/100000]
loss: 1.272828  [87040/100000]
loss: 1.411551  [89600/100000]
loss: 1.377068  [92160/100000]
loss: 1.106675  [94720/100000]
loss: 1.310131  [97280/100000]
loss: 1.271451  [62400/100000]
Epoch 59 finished in 122.27 seconds

Test Error: 
 Accuracy: 48.3%, Avg loss: 2.338858 

Current Learning Rate: 0.0001
Epoch 60
-------------------------------
loss: 1.563773  [    0/100000]
loss: 1.429131  [ 2560/100000]
loss: 1.464207  [ 5120/100000]
loss: 1.367684  [ 7680/100000]
loss: 1.318137  [10240/100000]
loss: 1.188896  [12800/100000]
loss: 1.343729  [15360/100000]
loss: 1.349183  [17920/100000]
loss: 1.212997  [20480/100000]
loss: 1.340403  [23040/100000]
loss: 1.390005  [25600/100000]
loss: 1.562652  [28160/100000]
loss: 1.409599  [30720/100000]
loss: 1.350124  [33280/100000]
loss: 1.406229  [35840/100000]
loss: 1.549909  [38400/100000]
loss: 1.460125  [40960/100000]
loss: 1.125535  [43520/100000]
loss: 1.364116  [46080/100000]
loss: 1.395986  [48640/100000]
loss: 1.296078  [51200/100000]
loss: 1.367918  [53760/100000]
loss: 1.217770  [56320/100000]
loss: 1.274110  [58880/100000]
loss: 1.396066  [61440/100000]
loss: 1.412198  [64000/100000]
loss: 1.273137  [66560/100000]
loss: 1.402001  [69120/100000]
loss: 1.475569  [71680/100000]
loss: 1.385168  [74240/100000]
loss: 1.279349  [76800/100000]
loss: 1.475766  [79360/100000]
loss: 1.350516  [81920/100000]
loss: 1.169411  [84480/100000]
loss: 1.486208  [87040/100000]
loss: 1.268640  [89600/100000]
loss: 1.265569  [92160/100000]
loss: 1.495939  [94720/100000]
loss: 1.308892  [97280/100000]
loss: 1.556995  [62400/100000]
Epoch 60 finished in 122.87 seconds

Test Error: 
 Accuracy: 48.1%, Avg loss: 2.352201 

Current Learning Rate: 0.0001
Epoch 61
-------------------------------
loss: 1.378029  [    0/100000]
loss: 1.324560  [ 2560/100000]
loss: 1.260670  [ 5120/100000]
loss: 1.400563  [ 7680/100000]
loss: 1.271362  [10240/100000]
loss: 1.315454  [12800/100000]
loss: 1.236454  [15360/100000]
loss: 1.330091  [17920/100000]
loss: 1.400882  [20480/100000]
loss: 1.337495  [23040/100000]
loss: 1.231751  [25600/100000]
loss: 1.464143  [28160/100000]
loss: 1.278366  [30720/100000]
loss: 1.567275  [33280/100000]
loss: 1.501567  [35840/100000]
loss: 1.366256  [38400/100000]
loss: 1.430380  [40960/100000]
loss: 1.487886  [43520/100000]
loss: 1.199288  [46080/100000]
loss: 1.480541  [48640/100000]
loss: 1.349662  [51200/100000]
loss: 1.232368  [53760/100000]
loss: 1.279127  [56320/100000]
loss: 1.443669  [58880/100000]
loss: 1.448374  [61440/100000]
loss: 1.314236  [64000/100000]
loss: 1.252898  [66560/100000]
loss: 1.595928  [69120/100000]
loss: 1.320804  [71680/100000]
loss: 1.481746  [74240/100000]
loss: 1.378580  [76800/100000]
loss: 1.246089  [79360/100000]
loss: 1.456834  [81920/100000]
loss: 1.287240  [84480/100000]
loss: 1.411620  [87040/100000]
loss: 1.225990  [89600/100000]
loss: 1.326281  [92160/100000]
loss: 1.339673  [94720/100000]
loss: 1.336417  [97280/100000]
loss: 1.353981  [62400/100000]
Epoch 61 finished in 122.79 seconds

Test Error: 
 Accuracy: 48.4%, Avg loss: 2.333914 

Current Learning Rate: 0.0001
Epoch 62
-------------------------------
loss: 1.469057  [    0/100000]
loss: 1.421318  [ 2560/100000]
loss: 1.341205  [ 5120/100000]
loss: 1.462082  [ 7680/100000]
loss: 1.377778  [10240/100000]
loss: 1.294170  [12800/100000]
loss: 1.254134  [15360/100000]
loss: 1.378757  [17920/100000]
loss: 1.283146  [20480/100000]
loss: 1.428047  [23040/100000]
loss: 1.207373  [25600/100000]
loss: 1.367104  [28160/100000]
loss: 1.506962  [30720/100000]
loss: 1.319221  [33280/100000]
loss: 1.339210  [35840/100000]
loss: 1.400228  [38400/100000]
loss: 1.335595  [40960/100000]
loss: 1.331322  [43520/100000]
loss: 1.221106  [46080/100000]
loss: 1.498491  [48640/100000]
loss: 1.369496  [51200/100000]
loss: 1.268066  [53760/100000]
loss: 1.329570  [56320/100000]
loss: 1.228612  [58880/100000]
loss: 1.331883  [61440/100000]
loss: 1.274562  [64000/100000]
loss: 1.227614  [66560/100000]
loss: 1.250799  [69120/100000]
loss: 1.549410  [71680/100000]
loss: 1.351575  [74240/100000]
loss: 1.234058  [76800/100000]
loss: 1.414665  [79360/100000]
loss: 1.428587  [81920/100000]
loss: 1.335595  [84480/100000]
loss: 1.270441  [87040/100000]
loss: 1.250537  [89600/100000]
loss: 1.262035  [92160/100000]
loss: 1.329446  [94720/100000]
loss: 1.397330  [97280/100000]
loss: 1.353630  [62400/100000]
Epoch 62 finished in 122.77 seconds

Test Error: 
 Accuracy: 48.4%, Avg loss: 2.329231 

Current Learning Rate: 0.0001
Epoch 63
-------------------------------
loss: 1.291272  [    0/100000]
loss: 1.268599  [ 2560/100000]
loss: 1.282247  [ 5120/100000]
loss: 1.343971  [ 7680/100000]
loss: 1.479637  [10240/100000]
loss: 1.476715  [12800/100000]
loss: 1.465243  [15360/100000]
loss: 1.435784  [17920/100000]
loss: 1.500000  [20480/100000]
loss: 1.316655  [23040/100000]
loss: 1.435982  [25600/100000]
loss: 1.431485  [28160/100000]
loss: 1.219847  [30720/100000]
loss: 1.480374  [33280/100000]
loss: 1.318485  [35840/100000]
loss: 1.446522  [38400/100000]
loss: 1.396593  [40960/100000]
loss: 1.264352  [43520/100000]
loss: 1.484659  [46080/100000]
loss: 1.231252  [48640/100000]
loss: 1.323029  [51200/100000]
loss: 1.313441  [53760/100000]
loss: 1.338454  [56320/100000]
loss: 1.246360  [58880/100000]
loss: 1.170519  [61440/100000]
loss: 1.370620  [64000/100000]
loss: 1.204455  [66560/100000]
loss: 1.537331  [69120/100000]
loss: 1.396934  [71680/100000]
loss: 1.388255  [74240/100000]
loss: 1.436236  [76800/100000]
loss: 1.499579  [79360/100000]
loss: 1.378279  [81920/100000]
loss: 1.415427  [84480/100000]
loss: 1.315449  [87040/100000]
loss: 1.544749  [89600/100000]
loss: 1.407804  [92160/100000]
loss: 1.218851  [94720/100000]
loss: 1.297623  [97280/100000]
loss: 1.414150  [62400/100000]
Epoch 63 finished in 122.71 seconds

Test Error: 
 Accuracy: 48.2%, Avg loss: 2.382286 

Current Learning Rate: 0.0001
Epoch 64
-------------------------------
loss: 1.433222  [    0/100000]
loss: 1.414004  [ 2560/100000]
loss: 1.443918  [ 5120/100000]
loss: 1.485917  [ 7680/100000]
loss: 1.354867  [10240/100000]
loss: 1.384496  [12800/100000]
loss: 1.430295  [15360/100000]
loss: 1.433918  [17920/100000]
loss: 1.577350  [20480/100000]
loss: 1.510476  [23040/100000]
loss: 1.468985  [25600/100000]
loss: 1.310338  [28160/100000]
loss: 1.282143  [30720/100000]
loss: 1.589678  [33280/100000]
loss: 1.454515  [35840/100000]
loss: 1.329977  [38400/100000]
loss: 1.431515  [40960/100000]
loss: 1.366806  [43520/100000]
loss: 1.130131  [46080/100000]
loss: 1.159401  [48640/100000]
loss: 1.409461  [51200/100000]
loss: 1.241616  [53760/100000]
loss: 1.512048  [56320/100000]
loss: 1.217386  [58880/100000]
loss: 1.541005  [61440/100000]
loss: 1.459144  [64000/100000]
loss: 1.211944  [66560/100000]
loss: 1.360276  [69120/100000]
loss: 1.284706  [71680/100000]
loss: 1.305353  [74240/100000]
loss: 1.278178  [76800/100000]
loss: 1.262195  [79360/100000]
loss: 1.253947  [81920/100000]
loss: 1.305796  [84480/100000]
loss: 1.397530  [87040/100000]
loss: 1.290163  [89600/100000]
loss: 1.520226  [92160/100000]
loss: 1.423948  [94720/100000]
loss: 1.418189  [97280/100000]
loss: 1.302152  [62400/100000]
Epoch 64 finished in 122.76 seconds

Test Error: 
 Accuracy: 48.2%, Avg loss: 2.355331 

Current Learning Rate: 0.0001
Epoch 65
-------------------------------
loss: 1.394665  [    0/100000]
loss: 1.438447  [ 2560/100000]
loss: 1.247256  [ 5120/100000]
loss: 1.305820  [ 7680/100000]
loss: 1.341975  [10240/100000]
loss: 1.313263  [12800/100000]
loss: 1.285960  [15360/100000]
loss: 1.463527  [17920/100000]
loss: 1.366779  [20480/100000]
loss: 1.522320  [23040/100000]
loss: 1.453843  [25600/100000]
loss: 1.542169  [28160/100000]
loss: 1.587762  [30720/100000]
loss: 1.178913  [33280/100000]
loss: 1.504978  [35840/100000]
loss: 1.400199  [38400/100000]
loss: 1.399298  [40960/100000]
loss: 1.387046  [43520/100000]
loss: 1.298707  [46080/100000]
loss: 1.435888  [48640/100000]
loss: 1.452956  [51200/100000]
loss: 1.042991  [53760/100000]
loss: 1.237663  [56320/100000]
loss: 1.335445  [58880/100000]
loss: 1.362140  [61440/100000]
loss: 1.302567  [64000/100000]
loss: 1.320917  [66560/100000]
loss: 1.393779  [69120/100000]
loss: 1.323886  [71680/100000]
loss: 1.445263  [74240/100000]
loss: 1.341840  [76800/100000]
loss: 1.283460  [79360/100000]
loss: 1.349110  [81920/100000]
loss: 1.322819  [84480/100000]
loss: 1.287152  [87040/100000]
loss: 1.321422  [89600/100000]
loss: 1.471459  [92160/100000]
loss: 1.409455  [94720/100000]
loss: 1.461663  [97280/100000]
loss: 1.206442  [62400/100000]
Epoch 65 finished in 122.79 seconds

Test Error: 
 Accuracy: 48.4%, Avg loss: 2.343807 

Current Learning Rate: 0.0001
Epoch 66
-------------------------------
loss: 1.363415  [    0/100000]
loss: 1.371033  [ 2560/100000]
loss: 1.342897  [ 5120/100000]
loss: 1.386151  [ 7680/100000]
loss: 1.315361  [10240/100000]
loss: 1.442870  [12800/100000]
loss: 1.282300  [15360/100000]
loss: 1.304099  [17920/100000]
loss: 1.379117  [20480/100000]
loss: 1.333196  [23040/100000]
loss: 1.268455  [25600/100000]
loss: 1.428686  [28160/100000]
loss: 1.286793  [30720/100000]
loss: 1.346266  [33280/100000]
loss: 1.138031  [35840/100000]
loss: 1.295798  [38400/100000]
loss: 1.376588  [40960/100000]
loss: 1.496644  [43520/100000]
loss: 1.496532  [46080/100000]
loss: 1.484880  [48640/100000]
loss: 1.480519  [51200/100000]
loss: 1.261991  [53760/100000]
loss: 1.108263  [56320/100000]
loss: 1.328118  [58880/100000]
loss: 1.454596  [61440/100000]
loss: 1.241713  [64000/100000]
loss: 1.297648  [66560/100000]
loss: 1.198185  [69120/100000]
loss: 1.380916  [71680/100000]
loss: 1.062662  [74240/100000]
loss: 1.460979  [76800/100000]
loss: 1.358700  [79360/100000]
loss: 1.454864  [81920/100000]
loss: 1.503636  [84480/100000]
loss: 1.195720  [87040/100000]
loss: 1.399346  [89600/100000]
loss: 1.360329  [92160/100000]
loss: 1.514638  [94720/100000]
loss: 1.271513  [97280/100000]
loss: 1.408553  [62400/100000]
Epoch 66 finished in 122.71 seconds

Test Error: 
 Accuracy: 48.4%, Avg loss: 2.345957 

Current Learning Rate: 0.0001
Epoch 67
-------------------------------
loss: 1.344653  [    0/100000]
loss: 1.323094  [ 2560/100000]
loss: 1.196501  [ 5120/100000]
loss: 1.287702  [ 7680/100000]
loss: 1.335896  [10240/100000]
loss: 1.570024  [12800/100000]
loss: 1.502038  [15360/100000]
loss: 1.325972  [17920/100000]
loss: 1.508815  [20480/100000]
loss: 1.337100  [23040/100000]
loss: 1.462052  [25600/100000]
loss: 1.397791  [28160/100000]
loss: 1.285322  [30720/100000]
loss: 1.219778  [33280/100000]
loss: 1.565852  [35840/100000]
loss: 1.353576  [38400/100000]
loss: 1.325902  [40960/100000]
loss: 1.366056  [43520/100000]
loss: 1.179717  [46080/100000]
loss: 1.528133  [48640/100000]
loss: 1.380880  [51200/100000]
loss: 1.368758  [53760/100000]
loss: 1.233763  [56320/100000]
loss: 1.159058  [58880/100000]
loss: 1.251288  [61440/100000]
loss: 1.356587  [64000/100000]
loss: 1.252779  [66560/100000]
loss: 1.465681  [69120/100000]
loss: 1.310048  [71680/100000]
loss: 1.452857  [74240/100000]
loss: 1.194812  [76800/100000]
loss: 1.168911  [79360/100000]
loss: 1.335140  [81920/100000]
loss: 1.211396  [84480/100000]
loss: 1.417179  [87040/100000]
loss: 1.382863  [89600/100000]
loss: 1.448133  [92160/100000]
loss: 1.533494  [94720/100000]
loss: 1.302107  [97280/100000]
loss: 1.325442  [62400/100000]
Epoch 67 finished in 122.68 seconds

Test Error: 
 Accuracy: 48.1%, Avg loss: 2.375644 

Current Learning Rate: 0.0001
Epoch 68
-------------------------------
loss: 1.301813  [    0/100000]
loss: 1.188637  [ 2560/100000]
loss: 1.360333  [ 5120/100000]
loss: 1.500668  [ 7680/100000]
loss: 1.334938  [10240/100000]
loss: 1.438203  [12800/100000]
loss: 1.306390  [15360/100000]
loss: 1.251330  [17920/100000]
loss: 1.351460  [20480/100000]
loss: 1.248700  [23040/100000]
loss: 1.397120  [25600/100000]
loss: 1.411733  [28160/100000]
loss: 1.090786  [30720/100000]
loss: 1.402871  [33280/100000]
loss: 1.075337  [35840/100000]
loss: 1.375124  [38400/100000]
loss: 1.319000  [40960/100000]
loss: 1.188918  [43520/100000]
loss: 1.250453  [46080/100000]
loss: 1.405000  [48640/100000]
loss: 1.132803  [51200/100000]
loss: 1.272029  [53760/100000]
loss: 1.646877  [56320/100000]
loss: 1.235174  [58880/100000]
loss: 1.292719  [61440/100000]
loss: 1.569299  [64000/100000]
loss: 1.339489  [66560/100000]
loss: 1.493198  [69120/100000]
loss: 1.420930  [71680/100000]
loss: 1.457416  [74240/100000]
loss: 1.306014  [76800/100000]
loss: 1.445732  [79360/100000]
loss: 1.384045  [81920/100000]
loss: 1.395737  [84480/100000]
loss: 1.602987  [87040/100000]
loss: 1.487794  [89600/100000]
loss: 1.501527  [92160/100000]
loss: 1.325818  [94720/100000]
loss: 1.335895  [97280/100000]
loss: 1.400346  [62400/100000]
Epoch 68 finished in 122.67 seconds

Test Error: 
 Accuracy: 48.2%, Avg loss: 2.384830 

Current Learning Rate: 0.0001
Epoch 69
-------------------------------
loss: 1.212020  [    0/100000]
loss: 1.435062  [ 2560/100000]
loss: 1.404226  [ 5120/100000]
loss: 1.531883  [ 7680/100000]
loss: 1.562210  [10240/100000]
loss: 1.145166  [12800/100000]
loss: 1.492672  [15360/100000]
loss: 1.385319  [17920/100000]
loss: 1.285640  [20480/100000]
loss: 1.233448  [23040/100000]
loss: 1.391420  [25600/100000]
loss: 1.250804  [28160/100000]
loss: 1.540606  [30720/100000]
loss: 1.389791  [33280/100000]
loss: 1.396109  [35840/100000]
loss: 1.490319  [38400/100000]
loss: 1.223354  [40960/100000]
loss: 1.342906  [43520/100000]
loss: 1.314656  [46080/100000]
loss: 1.205498  [48640/100000]
loss: 1.437968  [51200/100000]
loss: 1.230615  [53760/100000]
loss: 1.306793  [56320/100000]
loss: 1.294463  [58880/100000]
loss: 1.370112  [61440/100000]
loss: 1.340644  [64000/100000]
loss: 1.292093  [66560/100000]
loss: 1.366742  [69120/100000]
loss: 1.258036  [71680/100000]
loss: 1.511073  [74240/100000]
loss: 1.506106  [76800/100000]
loss: 1.458249  [79360/100000]
loss: 1.273050  [81920/100000]
loss: 1.228865  [84480/100000]
loss: 1.433101  [87040/100000]
loss: 1.500534  [89600/100000]
loss: 1.362359  [92160/100000]
loss: 1.312507  [94720/100000]
loss: 1.354135  [97280/100000]
loss: 1.296732  [62400/100000]
Epoch 69 finished in 122.65 seconds

Test Error: 
 Accuracy: 48.0%, Avg loss: 2.382471 

Current Learning Rate: 0.0001
Epoch 70
-------------------------------
loss: 1.292672  [    0/100000]
loss: 1.171468  [ 2560/100000]
loss: 1.474453  [ 5120/100000]
loss: 1.406784  [ 7680/100000]
loss: 1.361259  [10240/100000]
loss: 1.254212  [12800/100000]
loss: 1.343920  [15360/100000]
loss: 1.212342  [17920/100000]
loss: 1.230191  [20480/100000]
loss: 1.277421  [23040/100000]
loss: 1.364194  [25600/100000]
loss: 1.225565  [28160/100000]
loss: 1.390762  [30720/100000]
loss: 1.293201  [33280/100000]
loss: 1.416874  [35840/100000]
loss: 1.242592  [38400/100000]
loss: 1.366758  [40960/100000]
loss: 1.287279  [43520/100000]
loss: 1.232859  [46080/100000]
loss: 1.365434  [48640/100000]
loss: 1.177977  [51200/100000]
loss: 1.328369  [53760/100000]
loss: 1.282638  [56320/100000]
loss: 1.370131  [58880/100000]
loss: 1.462473  [61440/100000]
loss: 1.301065  [64000/100000]
loss: 1.512106  [66560/100000]
loss: 1.227142  [69120/100000]
loss: 1.454835  [71680/100000]
loss: 1.236899  [74240/100000]
loss: 1.260770  [76800/100000]
loss: 1.240525  [79360/100000]
loss: 1.517485  [81920/100000]
loss: 1.509439  [84480/100000]
loss: 1.360654  [87040/100000]
loss: 1.435472  [89600/100000]
loss: 1.508343  [92160/100000]
loss: 1.365434  [94720/100000]
loss: 1.308892  [97280/100000]
loss: 1.457058  [62400/100000]
Epoch 70 finished in 122.74 seconds

Test Error: 
 Accuracy: 48.4%, Avg loss: 2.384562 

Current Learning Rate: 1e-05
Epoch 71
-------------------------------
loss: 1.286137  [    0/100000]
loss: 1.287596  [ 2560/100000]
loss: 1.320173  [ 5120/100000]
loss: 1.264020  [ 7680/100000]
loss: 1.207257  [10240/100000]
loss: 1.227324  [12800/100000]
loss: 1.426355  [15360/100000]
loss: 1.439979  [17920/100000]
loss: 1.457579  [20480/100000]
loss: 1.286566  [23040/100000]
loss: 1.209613  [25600/100000]
loss: 1.504396  [28160/100000]
loss: 1.637137  [30720/100000]
loss: 1.338088  [33280/100000]
loss: 1.453496  [35840/100000]
loss: 1.568445  [38400/100000]
loss: 1.358086  [40960/100000]
loss: 1.392561  [43520/100000]
loss: 1.276130  [46080/100000]
loss: 1.213845  [48640/100000]
loss: 1.361544  [51200/100000]
loss: 1.442997  [53760/100000]
loss: 1.431516  [56320/100000]
loss: 1.467078  [58880/100000]
loss: 1.456499  [61440/100000]
loss: 1.408225  [64000/100000]
loss: 1.222510  [66560/100000]
loss: 1.313849  [69120/100000]
loss: 1.534507  [71680/100000]
loss: 1.401991  [74240/100000]
loss: 1.205138  [76800/100000]
loss: 1.238978  [79360/100000]
loss: 1.233252  [81920/100000]
loss: 1.240093  [84480/100000]
loss: 1.317524  [87040/100000]
loss: 1.685806  [89600/100000]
loss: 1.372442  [92160/100000]
loss: 1.280576  [94720/100000]
loss: 1.346008  [97280/100000]
loss: 1.109365  [62400/100000]
Epoch 71 finished in 122.73 seconds

Test Error: 
 Accuracy: 48.4%, Avg loss: 2.352648 

Current Learning Rate: 1e-05
Epoch 72
-------------------------------
loss: 1.438339  [    0/100000]
loss: 1.414694  [ 2560/100000]
loss: 1.349416  [ 5120/100000]
loss: 1.382940  [ 7680/100000]
loss: 1.329870  [10240/100000]
loss: 1.465091  [12800/100000]
loss: 1.502252  [15360/100000]
loss: 1.359924  [17920/100000]
loss: 1.330016  [20480/100000]
loss: 1.184909  [23040/100000]
loss: 1.229673  [25600/100000]
loss: 1.284585  [28160/100000]
loss: 1.137530  [30720/100000]
loss: 1.246913  [33280/100000]
loss: 1.309924  [35840/100000]
loss: 1.402172  [38400/100000]
loss: 1.436742  [40960/100000]
loss: 1.210150  [43520/100000]
loss: 1.227569  [46080/100000]
loss: 1.211694  [48640/100000]
loss: 1.302791  [51200/100000]
loss: 1.176152  [53760/100000]
loss: 1.402737  [56320/100000]
loss: 1.506640  [58880/100000]
loss: 1.338565  [61440/100000]
loss: 1.538758  [64000/100000]
loss: 1.262860  [66560/100000]
loss: 1.393724  [69120/100000]
loss: 1.312919  [71680/100000]
loss: 1.232467  [74240/100000]
loss: 1.284418  [76800/100000]
loss: 1.445044  [79360/100000]
loss: 1.231980  [81920/100000]
loss: 1.306380  [84480/100000]
loss: 1.113271  [87040/100000]
loss: 1.204745  [89600/100000]
loss: 1.518562  [92160/100000]
loss: 1.187038  [94720/100000]
loss: 1.286975  [97280/100000]
loss: 1.434214  [62400/100000]
Epoch 72 finished in 122.77 seconds

Test Error: 
 Accuracy: 48.5%, Avg loss: 2.354906 

Current Learning Rate: 1e-05
Epoch 73
-------------------------------
loss: 1.489159  [    0/100000]
loss: 1.185131  [ 2560/100000]
loss: 1.215907  [ 5120/100000]
loss: 1.289743  [ 7680/100000]
loss: 1.286437  [10240/100000]
loss: 1.377214  [12800/100000]
loss: 1.272187  [15360/100000]
loss: 1.280004  [17920/100000]
loss: 1.407921  [20480/100000]
loss: 1.105663  [23040/100000]
loss: 1.575271  [25600/100000]
loss: 1.344277  [28160/100000]
loss: 1.326534  [30720/100000]
loss: 1.222434  [33280/100000]
loss: 1.314611  [35840/100000]
loss: 1.314284  [38400/100000]
loss: 1.448275  [40960/100000]
loss: 1.136531  [43520/100000]
loss: 1.589866  [46080/100000]
loss: 1.612267  [48640/100000]
loss: 1.374984  [51200/100000]
loss: 1.456226  [53760/100000]
loss: 1.219663  [56320/100000]
loss: 1.324234  [58880/100000]
loss: 1.256136  [61440/100000]
loss: 1.360930  [64000/100000]
loss: 1.341564  [66560/100000]
loss: 1.241327  [69120/100000]
loss: 1.377811  [71680/100000]
loss: 1.176767  [74240/100000]
loss: 1.315745  [76800/100000]
loss: 1.284553  [79360/100000]
loss: 1.329102  [81920/100000]
loss: 1.358308  [84480/100000]
loss: 1.327241  [87040/100000]
loss: 1.330127  [89600/100000]
loss: 1.407410  [92160/100000]
loss: 1.216959  [94720/100000]
loss: 1.309839  [97280/100000]
loss: 1.573289  [62400/100000]
Epoch 73 finished in 122.75 seconds

Test Error: 
 Accuracy: 48.4%, Avg loss: 2.366363 

Current Learning Rate: 1e-05
Epoch 74
-------------------------------
loss: 1.335774  [    0/100000]
loss: 1.221198  [ 2560/100000]
loss: 1.323356  [ 5120/100000]
loss: 1.255090  [ 7680/100000]
loss: 1.254337  [10240/100000]
loss: 1.366321  [12800/100000]
loss: 1.471443  [15360/100000]
loss: 1.372609  [17920/100000]
loss: 1.358251  [20480/100000]
loss: 1.242396  [23040/100000]
loss: 1.145684  [25600/100000]
loss: 1.335884  [28160/100000]
loss: 1.363106  [30720/100000]
loss: 1.359179  [33280/100000]
loss: 1.404783  [35840/100000]
loss: 1.518353  [38400/100000]
loss: 1.306773  [40960/100000]
loss: 1.194813  [43520/100000]
loss: 1.393678  [46080/100000]
loss: 1.281655  [48640/100000]
loss: 1.418901  [51200/100000]
loss: 1.380885  [53760/100000]
loss: 1.563334  [56320/100000]
loss: 1.419078  [58880/100000]
loss: 1.346580  [61440/100000]
loss: 1.401639  [64000/100000]
loss: 1.442862  [66560/100000]
loss: 1.359332  [69120/100000]
loss: 1.247234  [71680/100000]
loss: 1.289509  [74240/100000]
loss: 1.504067  [76800/100000]
loss: 1.268946  [79360/100000]
loss: 1.449334  [81920/100000]
loss: 1.365021  [84480/100000]
loss: 1.309558  [87040/100000]
loss: 1.318220  [89600/100000]
loss: 1.407987  [92160/100000]
loss: 1.328341  [94720/100000]
loss: 1.330197  [97280/100000]
loss: 1.449149  [62400/100000]
Epoch 74 finished in 122.74 seconds

Test Error: 
 Accuracy: 48.3%, Avg loss: 2.372873 

Current Learning Rate: 1e-05
Epoch 75
-------------------------------
loss: 1.137748  [    0/100000]
loss: 1.272167  [ 2560/100000]
loss: 1.506647  [ 5120/100000]
loss: 1.301037  [ 7680/100000]
loss: 1.503096  [10240/100000]
loss: 1.229128  [12800/100000]
loss: 1.207928  [15360/100000]
loss: 1.371005  [17920/100000]
loss: 1.273866  [20480/100000]
loss: 1.458088  [23040/100000]
loss: 1.402935  [25600/100000]
loss: 1.020157  [28160/100000]
loss: 1.523517  [30720/100000]
loss: 1.191333  [33280/100000]
loss: 1.127470  [35840/100000]
loss: 1.584793  [38400/100000]
loss: 1.355349  [40960/100000]
loss: 1.289194  [43520/100000]
loss: 1.158661  [46080/100000]
loss: 1.147039  [48640/100000]
loss: 1.339033  [51200/100000]
loss: 1.151597  [53760/100000]
loss: 1.362855  [56320/100000]
loss: 1.239702  [58880/100000]
loss: 1.370054  [61440/100000]
loss: 1.531374  [64000/100000]
loss: 1.189301  [66560/100000]
loss: 1.275118  [69120/100000]
loss: 1.484110  [71680/100000]
loss: 1.305850  [74240/100000]
loss: 1.243255  [76800/100000]
loss: 1.455217  [79360/100000]
loss: 1.063550  [81920/100000]
loss: 1.358791  [84480/100000]
loss: 1.297947  [87040/100000]
loss: 1.340486  [89600/100000]
loss: 1.425047  [92160/100000]
loss: 1.304062  [94720/100000]
loss: 1.543086  [97280/100000]
loss: 1.294379  [62400/100000]
Epoch 75 finished in 122.75 seconds

Test Error: 
 Accuracy: 48.3%, Avg loss: 2.384814 

Current Learning Rate: 1e-05
Epoch 76
-------------------------------
loss: 1.092752  [    0/100000]
loss: 1.264062  [ 2560/100000]
loss: 1.318421  [ 5120/100000]
loss: 1.369335  [ 7680/100000]
loss: 1.493886  [10240/100000]
loss: 1.321998  [12800/100000]
loss: 1.214763  [15360/100000]
loss: 1.369432  [17920/100000]
loss: 1.399385  [20480/100000]
loss: 1.319443  [23040/100000]
loss: 1.095676  [25600/100000]
loss: 1.354975  [28160/100000]
loss: 1.301178  [30720/100000]
loss: 1.193590  [33280/100000]
loss: 1.128293  [35840/100000]
loss: 1.350940  [38400/100000]
loss: 1.324450  [40960/100000]
loss: 1.216341  [43520/100000]
loss: 1.314994  [46080/100000]
loss: 1.243556  [48640/100000]
loss: 1.319805  [51200/100000]
loss: 1.279951  [53760/100000]
loss: 1.367515  [56320/100000]
loss: 1.277816  [58880/100000]
loss: 1.224708  [61440/100000]
loss: 1.430970  [64000/100000]
loss: 1.506574  [66560/100000]
loss: 1.102059  [69120/100000]
loss: 1.285487  [71680/100000]
loss: 1.369544  [74240/100000]
loss: 1.236003  [76800/100000]
loss: 1.403580  [79360/100000]
loss: 1.282701  [81920/100000]
loss: 1.299143  [84480/100000]
loss: 1.328628  [87040/100000]
loss: 1.337811  [89600/100000]
loss: 1.252147  [92160/100000]
loss: 1.333524  [94720/100000]
loss: 1.269677  [97280/100000]
loss: 1.257085  [62400/100000]
Epoch 76 finished in 122.75 seconds

Test Error: 
 Accuracy: 48.4%, Avg loss: 2.393036 

Current Learning Rate: 1e-05
Epoch 77
-------------------------------
loss: 1.276580  [    0/100000]
loss: 1.422574  [ 2560/100000]
loss: 1.300531  [ 5120/100000]
loss: 1.237089  [ 7680/100000]
loss: 1.536909  [10240/100000]
loss: 1.339781  [12800/100000]
loss: 1.270227  [15360/100000]
loss: 1.370371  [17920/100000]
loss: 1.247294  [20480/100000]
loss: 1.134441  [23040/100000]
loss: 1.373851  [25600/100000]
loss: 1.233567  [28160/100000]
loss: 1.256146  [30720/100000]
loss: 1.615091  [33280/100000]
loss: 1.132339  [35840/100000]
loss: 1.248317  [38400/100000]
loss: 1.193239  [40960/100000]
loss: 1.200783  [43520/100000]
loss: 1.347133  [46080/100000]
loss: 1.389744  [48640/100000]
loss: 1.208634  [51200/100000]
loss: 1.415494  [53760/100000]
loss: 1.420941  [56320/100000]
loss: 1.527973  [58880/100000]
loss: 1.305662  [61440/100000]
loss: 1.361504  [64000/100000]
loss: 1.312855  [66560/100000]
loss: 1.152201  [69120/100000]
loss: 1.331090  [71680/100000]
loss: 1.214116  [74240/100000]
loss: 1.104240  [76800/100000]
loss: 1.657082  [79360/100000]
loss: 1.243095  [81920/100000]
loss: 1.559983  [84480/100000]
loss: 1.295078  [87040/100000]
loss: 1.170697  [89600/100000]
loss: 1.394943  [92160/100000]
loss: 1.481982  [94720/100000]
loss: 1.255375  [97280/100000]
loss: 1.318890  [62400/100000]
Epoch 77 finished in 122.79 seconds

Test Error: 
 Accuracy: 48.3%, Avg loss: 2.351415 

Current Learning Rate: 1e-05
Epoch 78
-------------------------------
loss: 1.243959  [    0/100000]
loss: 1.263216  [ 2560/100000]
loss: 1.474400  [ 5120/100000]
loss: 1.235578  [ 7680/100000]
loss: 1.255748  [10240/100000]
loss: 1.275524  [12800/100000]
loss: 1.420748  [15360/100000]
loss: 1.512458  [17920/100000]
loss: 1.246349  [20480/100000]
loss: 1.361614  [23040/100000]
loss: 1.236391  [25600/100000]
loss: 1.400042  [28160/100000]
loss: 1.351463  [30720/100000]
loss: 1.287318  [33280/100000]
loss: 1.383324  [35840/100000]
loss: 1.301240  [38400/100000]
loss: 1.475260  [40960/100000]
loss: 1.403747  [43520/100000]
loss: 1.243411  [46080/100000]
loss: 1.189967  [48640/100000]
loss: 1.311109  [51200/100000]
loss: 1.265079  [53760/100000]
loss: 1.251373  [56320/100000]
loss: 1.331736  [58880/100000]
loss: 1.491181  [61440/100000]
loss: 1.220326  [64000/100000]
loss: 1.334521  [66560/100000]
loss: 1.192999  [69120/100000]
loss: 1.444051  [71680/100000]
loss: 1.427663  [74240/100000]
loss: 1.389155  [76800/100000]
loss: 1.304317  [79360/100000]
loss: 1.434450  [81920/100000]
loss: 1.362237  [84480/100000]
loss: 1.350788  [87040/100000]
loss: 1.297792  [89600/100000]
loss: 1.313116  [92160/100000]
loss: 1.302095  [94720/100000]
loss: 1.320522  [97280/100000]
loss: 1.597746  [62400/100000]
Epoch 78 finished in 122.78 seconds

Test Error: 
 Accuracy: 48.3%, Avg loss: 2.364249 

Current Learning Rate: 1e-05
Epoch 79
-------------------------------
loss: 1.292933  [    0/100000]
loss: 1.128847  [ 2560/100000]
loss: 1.193285  [ 5120/100000]
loss: 1.398768  [ 7680/100000]
loss: 1.505168  [10240/100000]
loss: 1.235387  [12800/100000]
loss: 1.402066  [15360/100000]
loss: 1.201776  [17920/100000]
loss: 1.224082  [20480/100000]
loss: 1.440444  [23040/100000]
loss: 1.276188  [25600/100000]
loss: 1.422708  [28160/100000]
loss: 1.044093  [30720/100000]
loss: 1.583768  [33280/100000]
loss: 1.386458  [35840/100000]
loss: 1.360994  [38400/100000]
loss: 1.396627  [40960/100000]
loss: 1.322913  [43520/100000]
loss: 1.245285  [46080/100000]
loss: 1.315958  [48640/100000]
loss: 1.205206  [51200/100000]
loss: 1.372499  [53760/100000]
loss: 1.362981  [56320/100000]
loss: 1.486266  [58880/100000]
loss: 1.327495  [61440/100000]
loss: 1.500328  [64000/100000]
loss: 1.451990  [66560/100000]
loss: 1.401842  [69120/100000]
loss: 1.280362  [71680/100000]
loss: 1.436140  [74240/100000]
loss: 1.296680  [76800/100000]
loss: 1.300490  [79360/100000]
loss: 1.318766  [81920/100000]
loss: 1.426133  [84480/100000]
loss: 1.140028  [87040/100000]
loss: 1.255393  [89600/100000]
loss: 1.502599  [92160/100000]
loss: 1.480696  [94720/100000]
loss: 1.316937  [97280/100000]
loss: 1.386725  [62400/100000]
Epoch 79 finished in 122.76 seconds

Test Error: 
 Accuracy: 48.2%, Avg loss: 2.349488 

Current Learning Rate: 1e-05
Epoch 80
-------------------------------
loss: 1.453614  [    0/100000]
loss: 1.219109  [ 2560/100000]
loss: 1.318862  [ 5120/100000]
loss: 1.219336  [ 7680/100000]
loss: 1.376449  [10240/100000]
loss: 1.062245  [12800/100000]
loss: 1.203744  [15360/100000]
loss: 1.472447  [17920/100000]
loss: 1.292553  [20480/100000]
loss: 1.218256  [23040/100000]
loss: 1.210109  [25600/100000]
loss: 1.324324  [28160/100000]
loss: 1.136317  [30720/100000]
loss: 1.206616  [33280/100000]
loss: 1.406596  [35840/100000]
loss: 1.381850  [38400/100000]
loss: 1.338644  [40960/100000]
loss: 1.268658  [43520/100000]
loss: 1.237391  [46080/100000]
loss: 1.392076  [48640/100000]
loss: 1.236325  [51200/100000]
loss: 1.349074  [53760/100000]
loss: 1.445583  [56320/100000]
loss: 1.389815  [58880/100000]
loss: 1.366705  [61440/100000]
loss: 1.373330  [64000/100000]
loss: 1.248329  [66560/100000]
loss: 1.243985  [69120/100000]
loss: 1.343153  [71680/100000]
loss: 1.329185  [74240/100000]
loss: 1.114603  [76800/100000]
loss: 1.282699  [79360/100000]
loss: 1.381098  [81920/100000]
loss: 1.286732  [84480/100000]
loss: 1.390626  [87040/100000]
loss: 1.268771  [89600/100000]
loss: 1.192505  [92160/100000]
loss: 1.280581  [94720/100000]
loss: 1.238303  [97280/100000]
loss: 1.195853  [62400/100000]
Epoch 80 finished in 122.84 seconds

Test Error: 
 Accuracy: 48.4%, Avg loss: 2.364672 

Training Finished. Best Accuracy: 48.67%
