nohup: ignoring input
--- Train Data ---
Shape of X [N, C, H, W]: torch.Size([256, 3, 64, 64])
Shape of y: torch.Size([256]) torch.int64

--- Test Data ---
Shape of X [N, C, H, W]: torch.Size([256, 10, 3, 64, 64])
Shape of y: torch.Size([256]) torch.int64
Using device: cuda
VGGNet_D(
  (features): Sequential(
    (0): Conv2d(3, 64, kernel_size=(3, 3), stride=(1, 1), padding=(1, 1))
    (1): ReLU(inplace=True)
    (2): Conv2d(64, 64, kernel_size=(3, 3), stride=(1, 1), padding=(1, 1))
    (3): ReLU(inplace=True)
    (4): MaxPool2d(kernel_size=2, stride=2, padding=0, dilation=1, ceil_mode=False)
    (5): Conv2d(64, 128, kernel_size=(3, 3), stride=(1, 1), padding=(1, 1))
    (6): ReLU(inplace=True)
    (7): Conv2d(128, 128, kernel_size=(3, 3), stride=(1, 1), padding=(1, 1))
    (8): ReLU(inplace=True)
    (9): MaxPool2d(kernel_size=2, stride=2, padding=0, dilation=1, ceil_mode=False)
    (10): Conv2d(128, 256, kernel_size=(3, 3), stride=(1, 1), padding=(1, 1))
    (11): ReLU(inplace=True)
    (12): Conv2d(256, 256, kernel_size=(3, 3), stride=(1, 1), padding=(1, 1))
    (13): ReLU(inplace=True)
    (14): Conv2d(256, 256, kernel_size=(3, 3), stride=(1, 1), padding=(1, 1))
    (15): ReLU(inplace=True)
    (16): MaxPool2d(kernel_size=2, stride=2, padding=0, dilation=1, ceil_mode=False)
    (17): Conv2d(256, 512, kernel_size=(3, 3), stride=(1, 1), padding=(1, 1))
    (18): ReLU(inplace=True)
    (19): Conv2d(512, 512, kernel_size=(3, 3), stride=(1, 1), padding=(1, 1))
    (20): ReLU(inplace=True)
    (21): Conv2d(512, 512, kernel_size=(3, 3), stride=(1, 1), padding=(1, 1))
    (22): ReLU(inplace=True)
    (23): MaxPool2d(kernel_size=2, stride=2, padding=0, dilation=1, ceil_mode=False)
    (24): Conv2d(512, 512, kernel_size=(3, 3), stride=(1, 1), padding=(1, 1))
    (25): ReLU(inplace=True)
    (26): Conv2d(512, 512, kernel_size=(3, 3), stride=(1, 1), padding=(1, 1))
    (27): ReLU(inplace=True)
    (28): Conv2d(512, 512, kernel_size=(3, 3), stride=(1, 1), padding=(1, 1))
    (29): ReLU(inplace=True)
    (30): MaxPool2d(kernel_size=2, stride=2, padding=0, dilation=1, ceil_mode=False)
  )
  (classifier): Sequential(
    (0): Conv2d(512, 4096, kernel_size=(2, 2), stride=(1, 1))
    (1): ReLU(inplace=True)
    (2): Dropout2d(p=0.5, inplace=False)
    (3): Conv2d(4096, 4096, kernel_size=(1, 1), stride=(1, 1))
    (4): ReLU(inplace=True)
    (5): Dropout2d(p=0.5, inplace=False)
    (6): Conv2d(4096, 200, kernel_size=(1, 1), stride=(1, 1))
  )
)
Epoch 1
-------------------------------
loss: 5.490891  [    0/100000]
loss: 5.299037  [ 2560/100000]
loss: 5.300415  [ 5120/100000]
loss: 5.312621  [ 7680/100000]
loss: 5.304734  [10240/100000]
loss: 5.302902  [12800/100000]
loss: 5.302680  [15360/100000]
loss: 5.303683  [17920/100000]
loss: 5.298505  [20480/100000]
loss: 5.303752  [23040/100000]
loss: 5.307716  [25600/100000]
loss: 5.304355  [28160/100000]
loss: 5.304042  [30720/100000]
loss: 5.300097  [33280/100000]
loss: 5.299820  [35840/100000]
loss: 5.292606  [38400/100000]
loss: 5.296860  [40960/100000]
loss: 5.302660  [43520/100000]
loss: 5.294311  [46080/100000]
loss: 5.295601  [48640/100000]
loss: 5.313012  [51200/100000]
loss: 5.300642  [53760/100000]
loss: 5.293013  [56320/100000]
loss: 5.306821  [58880/100000]
loss: 5.276768  [61440/100000]
loss: 5.270119  [64000/100000]
loss: 5.277085  [66560/100000]
loss: 5.248728  [69120/100000]
loss: 5.254027  [71680/100000]
loss: 5.241745  [74240/100000]
loss: 5.247226  [76800/100000]
loss: 5.247206  [79360/100000]
loss: 5.235342  [81920/100000]
loss: 5.228629  [84480/100000]
loss: 5.253910  [87040/100000]
loss: 5.217845  [89600/100000]
loss: 5.236155  [92160/100000]
loss: 5.223979  [94720/100000]
loss: 5.214421  [97280/100000]
loss: 5.229564  [62400/100000]
Epoch 1 finished in 121.71 seconds

Epoch 2
-------------------------------
loss: 5.252916  [    0/100000]
loss: 5.212645  [ 2560/100000]
loss: 5.208898  [ 5120/100000]
loss: 5.176583  [ 7680/100000]
loss: 5.216780  [10240/100000]
loss: 5.164158  [12800/100000]
loss: 5.196690  [15360/100000]
loss: 5.217849  [17920/100000]
loss: 5.202252  [20480/100000]
loss: 5.236012  [23040/100000]
loss: 5.182794  [25600/100000]
loss: 5.178640  [28160/100000]
loss: 5.168490  [30720/100000]
loss: 5.174974  [33280/100000]
loss: 5.147415  [35840/100000]
loss: 5.127358  [38400/100000]
loss: 5.176192  [40960/100000]
loss: 5.169478  [43520/100000]
loss: 5.194937  [46080/100000]
loss: 5.230564  [48640/100000]
loss: 5.238614  [51200/100000]
loss: 5.158579  [53760/100000]
loss: 5.166378  [56320/100000]
loss: 5.198102  [58880/100000]
loss: 5.181819  [61440/100000]
loss: 5.189879  [64000/100000]
loss: 5.165503  [66560/100000]
loss: 5.199162  [69120/100000]
loss: 5.157316  [71680/100000]
loss: 5.115385  [74240/100000]
loss: 5.162161  [76800/100000]
loss: 5.153232  [79360/100000]
loss: 5.163720  [81920/100000]
loss: 5.168474  [84480/100000]
loss: 5.165612  [87040/100000]
loss: 5.131725  [89600/100000]
loss: 5.129860  [92160/100000]
loss: 5.220060  [94720/100000]
loss: 5.215732  [97280/100000]
loss: 5.110513  [62400/100000]
Epoch 2 finished in 121.69 seconds

Epoch 3
-------------------------------
loss: 5.186121  [    0/100000]
loss: 5.149981  [ 2560/100000]
loss: 5.183799  [ 5120/100000]
loss: 5.165555  [ 7680/100000]
loss: 5.148945  [10240/100000]
loss: 5.149704  [12800/100000]
loss: 5.117291  [15360/100000]
loss: 5.232990  [17920/100000]
loss: 5.133494  [20480/100000]
loss: 5.092956  [23040/100000]
loss: 5.125638  [25600/100000]
loss: 5.095046  [28160/100000]
loss: 5.171369  [30720/100000]
loss: 5.092129  [33280/100000]
loss: 5.167004  [35840/100000]
loss: 5.097886  [38400/100000]
loss: 5.143977  [40960/100000]
loss: 5.070535  [43520/100000]
loss: 5.046196  [46080/100000]
loss: 5.090447  [48640/100000]
loss: 5.074898  [51200/100000]
loss: 5.092386  [53760/100000]
loss: 5.080707  [56320/100000]
loss: 5.068943  [58880/100000]
loss: 5.097817  [61440/100000]
loss: 5.010356  [64000/100000]
loss: 5.023538  [66560/100000]
loss: 5.044548  [69120/100000]
loss: 5.091010  [71680/100000]
loss: 5.017658  [74240/100000]
loss: 4.987137  [76800/100000]
loss: 4.986102  [79360/100000]
loss: 5.092538  [81920/100000]
loss: 5.039617  [84480/100000]
loss: 5.008675  [87040/100000]
loss: 5.015810  [89600/100000]
loss: 5.054647  [92160/100000]
loss: 5.038851  [94720/100000]
loss: 4.981589  [97280/100000]
loss: 5.024697  [62400/100000]
Epoch 3 finished in 121.62 seconds

Epoch 4
-------------------------------
loss: 4.985215  [    0/100000]
loss: 5.031967  [ 2560/100000]
loss: 5.023221  [ 5120/100000]
loss: 4.997638  [ 7680/100000]
loss: 4.949243  [10240/100000]
loss: 4.883091  [12800/100000]
loss: 5.019372  [15360/100000]
loss: 5.033213  [17920/100000]
loss: 5.008085  [20480/100000]
loss: 4.929476  [23040/100000]
loss: 4.915445  [25600/100000]
loss: 4.980663  [28160/100000]
loss: 4.876435  [30720/100000]
loss: 4.901387  [33280/100000]
loss: 4.976417  [35840/100000]
loss: 4.997915  [38400/100000]
loss: 4.952927  [40960/100000]
loss: 4.985714  [43520/100000]
loss: 4.981133  [46080/100000]
loss: 4.959059  [48640/100000]
loss: 4.909928  [51200/100000]
loss: 4.966714  [53760/100000]
loss: 4.899664  [56320/100000]
loss: 4.796756  [58880/100000]
loss: 4.900339  [61440/100000]
loss: 4.895627  [64000/100000]
loss: 4.837711  [66560/100000]
loss: 4.927352  [69120/100000]
loss: 4.843179  [71680/100000]
loss: 4.942655  [74240/100000]
loss: 4.791597  [76800/100000]
loss: 4.820027  [79360/100000]
loss: 4.875183  [81920/100000]
loss: 4.835443  [84480/100000]
loss: 4.850523  [87040/100000]
loss: 4.825726  [89600/100000]
loss: 4.984828  [92160/100000]
loss: 4.904761  [94720/100000]
loss: 4.755541  [97280/100000]
loss: 4.810490  [62400/100000]
Epoch 4 finished in 121.77 seconds

Epoch 5
-------------------------------
loss: 4.789921  [    0/100000]
loss: 4.852529  [ 2560/100000]
loss: 4.930832  [ 5120/100000]
loss: 4.984539  [ 7680/100000]
loss: 4.793768  [10240/100000]
loss: 4.900702  [12800/100000]
loss: 4.887106  [15360/100000]
loss: 4.789196  [17920/100000]
loss: 4.851601  [20480/100000]
loss: 4.771897  [23040/100000]
loss: 4.811257  [25600/100000]
loss: 4.755681  [28160/100000]
loss: 4.893755  [30720/100000]
loss: 4.806099  [33280/100000]
loss: 4.785461  [35840/100000]
loss: 4.799918  [38400/100000]
loss: 4.746949  [40960/100000]
loss: 4.751973  [43520/100000]
loss: 4.638362  [46080/100000]
loss: 4.738060  [48640/100000]
loss: 4.742264  [51200/100000]
loss: 4.812357  [53760/100000]
loss: 4.629158  [56320/100000]
loss: 4.618502  [58880/100000]
loss: 4.695735  [61440/100000]
loss: 4.666643  [64000/100000]
loss: 4.723760  [66560/100000]
loss: 4.756717  [69120/100000]
loss: 4.724846  [71680/100000]
loss: 4.679311  [74240/100000]
loss: 4.707368  [76800/100000]
loss: 4.734681  [79360/100000]
loss: 4.597642  [81920/100000]
loss: 4.687010  [84480/100000]
loss: 4.613639  [87040/100000]
loss: 4.630453  [89600/100000]
loss: 4.721900  [92160/100000]
loss: 4.643306  [94720/100000]
loss: 4.705583  [97280/100000]
loss: 4.628323  [62400/100000]
Epoch 5 finished in 121.71 seconds

Epoch 6
-------------------------------
loss: 4.668508  [    0/100000]
loss: 4.887741  [ 2560/100000]
loss: 4.496354  [ 5120/100000]
loss: 4.567523  [ 7680/100000]
loss: 4.637451  [10240/100000]
loss: 4.601157  [12800/100000]
loss: 4.578196  [15360/100000]
loss: 4.532367  [17920/100000]
loss: 4.479942  [20480/100000]
loss: 4.672009  [23040/100000]
loss: 4.606391  [25600/100000]
loss: 4.608365  [28160/100000]
loss: 4.647870  [30720/100000]
loss: 4.640918  [33280/100000]
loss: 4.567262  [35840/100000]
loss: 4.568607  [38400/100000]
loss: 4.614140  [40960/100000]
loss: 4.524079  [43520/100000]
loss: 4.558323  [46080/100000]
loss: 4.641294  [48640/100000]
loss: 4.643983  [51200/100000]
loss: 4.626348  [53760/100000]
loss: 4.588034  [56320/100000]
loss: 4.524494  [58880/100000]
loss: 4.515537  [61440/100000]
loss: 4.870265  [64000/100000]
loss: 4.534431  [66560/100000]
loss: 4.493060  [69120/100000]
loss: 4.491823  [71680/100000]
loss: 4.469798  [74240/100000]
loss: 4.582686  [76800/100000]
loss: 4.539586  [79360/100000]
loss: 4.585693  [81920/100000]
loss: 4.472610  [84480/100000]
loss: 4.558189  [87040/100000]
loss: 4.463993  [89600/100000]
loss: 4.366561  [92160/100000]
loss: 4.506699  [94720/100000]
loss: 4.569256  [97280/100000]
loss: 4.415065  [62400/100000]
Epoch 6 finished in 121.75 seconds

Epoch 7
-------------------------------
loss: 4.565022  [    0/100000]
loss: 4.563268  [ 2560/100000]
loss: 4.479090  [ 5120/100000]
loss: 4.452942  [ 7680/100000]
loss: 4.418634  [10240/100000]
loss: 4.244726  [12800/100000]
loss: 4.421289  [15360/100000]
loss: 4.484522  [17920/100000]
loss: 4.353628  [20480/100000]
loss: 4.616661  [23040/100000]
loss: 4.459482  [25600/100000]
loss: 4.419774  [28160/100000]
loss: 4.398491  [30720/100000]
loss: 4.510573  [33280/100000]
loss: 4.501008  [35840/100000]
loss: 4.486140  [38400/100000]
loss: 4.285510  [40960/100000]
loss: 4.531419  [43520/100000]
loss: 4.403280  [46080/100000]
loss: 4.434301  [48640/100000]
loss: 4.337694  [51200/100000]
loss: 4.331914  [53760/100000]
loss: 4.393706  [56320/100000]
loss: 4.543207  [58880/100000]
loss: 4.405636  [61440/100000]
loss: 4.338289  [64000/100000]
loss: 4.373796  [66560/100000]
loss: 4.203446  [69120/100000]
loss: 4.523954  [71680/100000]
loss: 4.417532  [74240/100000]
loss: 4.413782  [76800/100000]
loss: 4.295306  [79360/100000]
loss: 4.440674  [81920/100000]
loss: 4.227833  [84480/100000]
loss: 4.458074  [87040/100000]
loss: 4.378888  [89600/100000]
loss: 4.358718  [92160/100000]
loss: 4.260957  [94720/100000]
loss: 4.417082  [97280/100000]
loss: 4.117463  [62400/100000]
Epoch 7 finished in 121.93 seconds

Epoch 8
-------------------------------
loss: 4.291685  [    0/100000]
loss: 4.348909  [ 2560/100000]
loss: 4.401230  [ 5120/100000]
loss: 4.160081  [ 7680/100000]
loss: 4.279119  [10240/100000]
loss: 4.225387  [12800/100000]
loss: 4.164329  [15360/100000]
loss: 4.258363  [17920/100000]
loss: 4.418828  [20480/100000]
loss: 4.161658  [23040/100000]
loss: 4.127872  [25600/100000]
loss: 4.266848  [28160/100000]
loss: 4.263006  [30720/100000]
loss: 4.301679  [33280/100000]
loss: 4.140116  [35840/100000]
loss: 4.181700  [38400/100000]
loss: 4.371367  [40960/100000]
loss: 4.334545  [43520/100000]
loss: 4.243667  [46080/100000]
loss: 4.221198  [48640/100000]
loss: 4.318404  [51200/100000]
loss: 4.315501  [53760/100000]
loss: 4.057735  [56320/100000]
loss: 4.124236  [58880/100000]
loss: 4.334252  [61440/100000]
loss: 4.211795  [64000/100000]
loss: 4.033649  [66560/100000]
loss: 4.302275  [69120/100000]
loss: 4.241291  [71680/100000]
loss: 4.167655  [74240/100000]
loss: 4.250415  [76800/100000]
loss: 4.164785  [79360/100000]
loss: 4.111046  [81920/100000]
loss: 4.315083  [84480/100000]
loss: 4.258472  [87040/100000]
loss: 4.023050  [89600/100000]
loss: 4.265558  [92160/100000]
loss: 4.329222  [94720/100000]
loss: 3.994656  [97280/100000]
loss: 4.201184  [62400/100000]
Epoch 8 finished in 121.66 seconds

Epoch 9
-------------------------------
loss: 4.193459  [    0/100000]
loss: 4.319829  [ 2560/100000]
loss: 4.112761  [ 5120/100000]
loss: 4.030855  [ 7680/100000]
loss: 4.002685  [10240/100000]
loss: 4.060483  [12800/100000]
loss: 4.200692  [15360/100000]
loss: 4.344959  [17920/100000]
loss: 4.162764  [20480/100000]
loss: 4.018017  [23040/100000]
loss: 4.101042  [25600/100000]
loss: 4.065381  [28160/100000]
loss: 4.179469  [30720/100000]
loss: 4.125956  [33280/100000]
loss: 3.901475  [35840/100000]
loss: 4.143424  [38400/100000]
loss: 4.138191  [40960/100000]
loss: 3.911328  [43520/100000]
loss: 4.049308  [46080/100000]
loss: 4.045875  [48640/100000]
loss: 4.141293  [51200/100000]
loss: 3.994648  [53760/100000]
loss: 3.934615  [56320/100000]
loss: 3.980175  [58880/100000]
loss: 3.932417  [61440/100000]
loss: 3.996411  [64000/100000]
loss: 3.917392  [66560/100000]
loss: 3.947719  [69120/100000]
loss: 3.990111  [71680/100000]
loss: 3.850864  [74240/100000]
loss: 3.928879  [76800/100000]
loss: 3.861510  [79360/100000]
loss: 3.932503  [81920/100000]
loss: 4.061944  [84480/100000]
loss: 3.962439  [87040/100000]
loss: 4.102224  [89600/100000]
loss: 4.192288  [92160/100000]
loss: 3.982914  [94720/100000]
loss: 3.941035  [97280/100000]
loss: 4.032892  [62400/100000]
Epoch 9 finished in 121.70 seconds

Epoch 10
-------------------------------
loss: 3.862371  [    0/100000]
loss: 3.741285  [ 2560/100000]
loss: 4.136611  [ 5120/100000]
loss: 3.794622  [ 7680/100000]
loss: 4.096207  [10240/100000]
loss: 3.894140  [12800/100000]
loss: 4.080173  [15360/100000]
loss: 3.870945  [17920/100000]
loss: 4.054753  [20480/100000]
loss: 3.885492  [23040/100000]
loss: 3.887203  [25600/100000]
loss: 3.892561  [28160/100000]
loss: 3.773170  [30720/100000]
loss: 3.997329  [33280/100000]
loss: 3.919604  [35840/100000]
loss: 4.039261  [38400/100000]
loss: 3.943804  [40960/100000]
loss: 3.977256  [43520/100000]
loss: 3.785283  [46080/100000]
loss: 3.900001  [48640/100000]
loss: 3.689649  [51200/100000]
loss: 3.962185  [53760/100000]
loss: 3.887832  [56320/100000]
loss: 3.954561  [58880/100000]
loss: 3.917070  [61440/100000]
loss: 3.776259  [64000/100000]
loss: 3.834617  [66560/100000]
loss: 3.981348  [69120/100000]
loss: 3.842802  [71680/100000]
loss: 3.974057  [74240/100000]
loss: 3.951915  [76800/100000]
loss: 3.920905  [79360/100000]
loss: 4.081218  [81920/100000]
loss: 3.825448  [84480/100000]
loss: 3.845314  [87040/100000]
loss: 3.993405  [89600/100000]
loss: 3.748423  [92160/100000]
loss: 3.898354  [94720/100000]
loss: 3.938631  [97280/100000]
loss: 3.693690  [62400/100000]
Epoch 10 finished in 121.94 seconds

Epoch 11
-------------------------------
loss: 3.737633  [    0/100000]
loss: 3.852614  [ 2560/100000]
loss: 3.766949  [ 5120/100000]
loss: 3.948405  [ 7680/100000]
loss: 3.672294  [10240/100000]
loss: 3.715460  [12800/100000]
loss: 4.024332  [15360/100000]
loss: 3.825925  [17920/100000]
loss: 3.961668  [20480/100000]
loss: 3.620151  [23040/100000]
loss: 3.834669  [25600/100000]
loss: 4.175710  [28160/100000]
loss: 3.834033  [30720/100000]
loss: 4.040104  [33280/100000]
loss: 3.772003  [35840/100000]
loss: 3.967986  [38400/100000]
loss: 3.918566  [40960/100000]
loss: 3.780147  [43520/100000]
loss: 3.916226  [46080/100000]
loss: 3.826347  [48640/100000]
loss: 3.709037  [51200/100000]
loss: 3.743408  [53760/100000]
loss: 3.915722  [56320/100000]
loss: 3.972763  [58880/100000]
loss: 3.867288  [61440/100000]
loss: 3.790838  [64000/100000]
loss: 3.790884  [66560/100000]
loss: 3.940413  [69120/100000]
loss: 3.852839  [71680/100000]
loss: 3.929863  [74240/100000]
loss: 3.837483  [76800/100000]
loss: 3.891315  [79360/100000]
loss: 3.715369  [81920/100000]
loss: 3.564002  [84480/100000]
loss: 3.799694  [87040/100000]
loss: 3.829331  [89600/100000]
loss: 3.802911  [92160/100000]
loss: 3.786973  [94720/100000]
loss: 3.867271  [97280/100000]
loss: 3.906659  [62400/100000]
Epoch 11 finished in 121.84 seconds

Epoch 12
-------------------------------
loss: 3.546834  [    0/100000]
loss: 3.795104  [ 2560/100000]
loss: 3.867567  [ 5120/100000]
loss: 3.798866  [ 7680/100000]
loss: 3.596966  [10240/100000]
loss: 3.808299  [12800/100000]
loss: 3.353085  [15360/100000]
loss: 3.523380  [17920/100000]
loss: 3.657662  [20480/100000]
loss: 3.585964  [23040/100000]
loss: 3.814899  [25600/100000]
loss: 3.725201  [28160/100000]
loss: 3.772827  [30720/100000]
loss: 3.619955  [33280/100000]
loss: 3.531658  [35840/100000]
loss: 3.768038  [38400/100000]
loss: 3.679576  [40960/100000]
loss: 3.693928  [43520/100000]
loss: 3.797086  [46080/100000]
loss: 3.571600  [48640/100000]
loss: 3.812763  [51200/100000]
loss: 3.658005  [53760/100000]
loss: 3.658369  [56320/100000]
loss: 3.915332  [58880/100000]
loss: 3.651382  [61440/100000]
loss: 3.698683  [64000/100000]
loss: 3.520812  [66560/100000]
loss: 3.673708  [69120/100000]
loss: 3.707345  [71680/100000]
loss: 3.493591  [74240/100000]
loss: 3.633892  [76800/100000]
loss: 3.408037  [79360/100000]
loss: 3.537829  [81920/100000]
loss: 3.529643  [84480/100000]
loss: 3.553071  [87040/100000]
loss: 3.575393  [89600/100000]
loss: 3.635885  [92160/100000]
loss: 3.643720  [94720/100000]
loss: 3.611721  [97280/100000]
loss: 3.704459  [62400/100000]
Epoch 12 finished in 121.70 seconds

Epoch 13
-------------------------------
loss: 3.555675  [    0/100000]
loss: 3.567929  [ 2560/100000]
loss: 3.605834  [ 5120/100000]
loss: 3.798721  [ 7680/100000]
loss: 3.580285  [10240/100000]
loss: 3.517267  [12800/100000]
loss: 3.646299  [15360/100000]
loss: 3.531325  [17920/100000]
loss: 3.571066  [20480/100000]
loss: 3.723880  [23040/100000]
loss: 3.397030  [25600/100000]
loss: 3.702658  [28160/100000]
loss: 3.493574  [30720/100000]
loss: 3.703812  [33280/100000]
loss: 3.393505  [35840/100000]
loss: 3.611794  [38400/100000]
loss: 3.624466  [40960/100000]
loss: 3.685184  [43520/100000]
loss: 3.511965  [46080/100000]
loss: 3.317334  [48640/100000]
loss: 3.686681  [51200/100000]
loss: 3.682464  [53760/100000]
loss: 3.591172  [56320/100000]
loss: 3.650762  [58880/100000]
loss: 3.474202  [61440/100000]
loss: 3.404383  [64000/100000]
loss: 3.400583  [66560/100000]
loss: 3.496185  [69120/100000]
loss: 3.463169  [71680/100000]
loss: 3.656664  [74240/100000]
loss: 3.679941  [76800/100000]
loss: 3.250202  [79360/100000]
loss: 3.577426  [81920/100000]
loss: 3.656128  [84480/100000]
loss: 3.501603  [87040/100000]
loss: 3.528248  [89600/100000]
loss: 3.686652  [92160/100000]
loss: 3.604350  [94720/100000]
loss: 3.514889  [97280/100000]
loss: 3.186001  [62400/100000]
Epoch 13 finished in 121.78 seconds

Epoch 14
-------------------------------
loss: 3.746274  [    0/100000]
loss: 3.577173  [ 2560/100000]
loss: 3.516473  [ 5120/100000]
loss: 3.461823  [ 7680/100000]
loss: 3.504158  [10240/100000]
loss: 3.274024  [12800/100000]
loss: 3.543981  [15360/100000]
loss: 3.266071  [17920/100000]
loss: 3.322052  [20480/100000]
loss: 3.332425  [23040/100000]
loss: 3.420668  [25600/100000]
loss: 3.525922  [28160/100000]
loss: 3.494860  [30720/100000]
loss: 3.608839  [33280/100000]
loss: 3.433342  [35840/100000]
loss: 3.519097  [38400/100000]
loss: 3.585342  [40960/100000]
loss: 3.569832  [43520/100000]
loss: 3.421207  [46080/100000]
loss: 3.481857  [48640/100000]
loss: 3.408420  [51200/100000]
loss: 3.510677  [53760/100000]
loss: 3.701791  [56320/100000]
loss: 3.440395  [58880/100000]
loss: 3.399127  [61440/100000]
loss: 3.409369  [64000/100000]
loss: 3.460213  [66560/100000]
loss: 3.430696  [69120/100000]
loss: 3.302634  [71680/100000]
loss: 3.642479  [74240/100000]
loss: 3.378413  [76800/100000]
loss: 3.427043  [79360/100000]
loss: 3.406898  [81920/100000]
loss: 3.540881  [84480/100000]
loss: 3.233797  [87040/100000]
loss: 3.603480  [89600/100000]
loss: 3.403424  [92160/100000]
loss: 3.460922  [94720/100000]
loss: 3.463229  [97280/100000]
loss: 3.401859  [62400/100000]
Epoch 14 finished in 121.90 seconds

Epoch 15
-------------------------------
loss: 3.491871  [    0/100000]
loss: 3.362497  [ 2560/100000]
loss: 3.137230  [ 5120/100000]
loss: 3.490565  [ 7680/100000]
loss: 3.344753  [10240/100000]
loss: 3.403721  [12800/100000]
loss: 3.550297  [15360/100000]
loss: 3.213433  [17920/100000]
loss: 3.337127  [20480/100000]
loss: 3.327780  [23040/100000]
loss: 3.466083  [25600/100000]
loss: 3.233227  [28160/100000]
loss: 3.482986  [30720/100000]
loss: 3.379397  [33280/100000]
loss: 3.423603  [35840/100000]
loss: 3.336648  [38400/100000]
loss: 3.175259  [40960/100000]
loss: 3.128779  [43520/100000]
loss: 3.386772  [46080/100000]
loss: 3.310986  [48640/100000]
loss: 3.197152  [51200/100000]
loss: 3.542302  [53760/100000]
loss: 3.323261  [56320/100000]
loss: 3.365004  [58880/100000]
loss: 3.248645  [61440/100000]
loss: 3.281644  [64000/100000]
loss: 3.208634  [66560/100000]
loss: 3.339490  [69120/100000]
loss: 3.425497  [71680/100000]
loss: 3.162649  [74240/100000]
loss: 3.217845  [76800/100000]
loss: 3.463673  [79360/100000]
loss: 3.328850  [81920/100000]
loss: 3.167710  [84480/100000]
loss: 3.171189  [87040/100000]
loss: 3.198857  [89600/100000]
loss: 3.404262  [92160/100000]
loss: 3.668916  [94720/100000]
loss: 3.438936  [97280/100000]
loss: 3.345551  [62400/100000]
Epoch 15 finished in 121.85 seconds

Epoch 16
-------------------------------
loss: 3.323241  [    0/100000]
loss: 3.166315  [ 2560/100000]
loss: 3.271688  [ 5120/100000]
loss: 3.299025  [ 7680/100000]
loss: 3.184501  [10240/100000]
loss: 3.277925  [12800/100000]
loss: 3.215990  [15360/100000]
loss: 3.292922  [17920/100000]
loss: 3.393151  [20480/100000]
loss: 3.299292  [23040/100000]
loss: 3.162650  [25600/100000]
loss: 3.307731  [28160/100000]
loss: 3.238571  [30720/100000]
loss: 3.332458  [33280/100000]
loss: 3.264401  [35840/100000]
loss: 3.341757  [38400/100000]
loss: 3.314862  [40960/100000]
loss: 3.072027  [43520/100000]
loss: 3.357396  [46080/100000]
loss: 3.414352  [48640/100000]
loss: 3.254184  [51200/100000]
loss: 3.124834  [53760/100000]
loss: 3.378014  [56320/100000]
loss: 3.249634  [58880/100000]
loss: 3.306228  [61440/100000]
loss: 3.130548  [64000/100000]
loss: 3.331343  [66560/100000]
loss: 3.256292  [69120/100000]
loss: 3.057856  [71680/100000]
loss: 2.962257  [74240/100000]
loss: 3.188357  [76800/100000]
loss: 3.149279  [79360/100000]
loss: 3.212251  [81920/100000]
loss: 3.187532  [84480/100000]
loss: 2.990412  [87040/100000]
loss: 3.193805  [89600/100000]
loss: 3.216120  [92160/100000]
loss: 3.310848  [94720/100000]
loss: 3.077374  [97280/100000]
loss: 3.086964  [62400/100000]
Epoch 16 finished in 121.94 seconds

Epoch 17
-------------------------------
loss: 3.043488  [    0/100000]
loss: 3.191805  [ 2560/100000]
loss: 3.248292  [ 5120/100000]
loss: 3.035949  [ 7680/100000]
loss: 3.238944  [10240/100000]
loss: 3.025483  [12800/100000]
loss: 3.210537  [15360/100000]
loss: 3.309694  [17920/100000]
loss: 3.225556  [20480/100000]
loss: 2.980914  [23040/100000]
loss: 3.139438  [25600/100000]
loss: 3.051893  [28160/100000]
loss: 3.058484  [30720/100000]
loss: 3.111828  [33280/100000]
loss: 2.976350  [35840/100000]
loss: 3.028078  [38400/100000]
loss: 3.018641  [40960/100000]
loss: 3.226977  [43520/100000]
loss: 2.969950  [46080/100000]
loss: 3.325781  [48640/100000]
loss: 3.212281  [51200/100000]
loss: 2.960645  [53760/100000]
loss: 3.419750  [56320/100000]
loss: 2.988032  [58880/100000]
loss: 3.236456  [61440/100000]
loss: 3.100629  [64000/100000]
loss: 2.934287  [66560/100000]
loss: 3.256104  [69120/100000]
loss: 3.147335  [71680/100000]
loss: 3.183424  [74240/100000]
loss: 3.117927  [76800/100000]
loss: 3.372043  [79360/100000]
loss: 3.218054  [81920/100000]
loss: 3.131200  [84480/100000]
loss: 3.287183  [87040/100000]
loss: 3.073489  [89600/100000]
loss: 3.184134  [92160/100000]
loss: 3.034483  [94720/100000]
loss: 3.071800  [97280/100000]
loss: 2.910635  [62400/100000]
Epoch 17 finished in 137.70 seconds

Epoch 18
-------------------------------
loss: 3.126421  [    0/100000]
loss: 3.228315  [ 2560/100000]
loss: 3.009567  [ 5120/100000]
loss: 3.126079  [ 7680/100000]
loss: 2.875464  [10240/100000]
loss: 3.124943  [12800/100000]
loss: 3.135205  [15360/100000]
loss: 2.890076  [17920/100000]
loss: 2.924732  [20480/100000]
loss: 3.084477  [23040/100000]
loss: 3.001424  [25600/100000]
loss: 3.127400  [28160/100000]
loss: 3.340827  [30720/100000]
loss: 3.020055  [33280/100000]
loss: 3.032084  [35840/100000]
loss: 3.258882  [38400/100000]
loss: 3.051342  [40960/100000]
loss: 3.245233  [43520/100000]
loss: 3.037433  [46080/100000]
loss: 3.195995  [48640/100000]
loss: 3.050078  [51200/100000]
loss: 3.137813  [53760/100000]
loss: 2.966306  [56320/100000]
loss: 3.086648  [58880/100000]
loss: 3.008287  [61440/100000]
loss: 2.777919  [64000/100000]
loss: 3.144753  [66560/100000]
loss: 3.007951  [69120/100000]
loss: 3.189108  [71680/100000]
loss: 3.036590  [74240/100000]
loss: 3.107722  [76800/100000]
loss: 3.167741  [79360/100000]
loss: 3.037526  [81920/100000]
loss: 3.181395  [84480/100000]
loss: 3.026190  [87040/100000]
loss: 3.178567  [89600/100000]
loss: 2.955606  [92160/100000]
loss: 2.844225  [94720/100000]
loss: 3.098305  [97280/100000]
loss: 3.141381  [62400/100000]
Epoch 18 finished in 122.06 seconds

Epoch 19
-------------------------------
loss: 3.108104  [    0/100000]
loss: 2.867950  [ 2560/100000]
loss: 3.216355  [ 5120/100000]
loss: 3.180681  [ 7680/100000]
loss: 2.829473  [10240/100000]
loss: 3.058971  [12800/100000]
loss: 2.921995  [15360/100000]
loss: 3.001074  [17920/100000]
loss: 2.905272  [20480/100000]
loss: 3.064723  [23040/100000]
loss: 3.130187  [25600/100000]
loss: 2.941491  [28160/100000]
loss: 3.054900  [30720/100000]
loss: 2.947752  [33280/100000]
loss: 2.945995  [35840/100000]
loss: 3.001825  [38400/100000]
loss: 2.995093  [40960/100000]
loss: 2.986403  [43520/100000]
loss: 2.660917  [46080/100000]
loss: 3.139019  [48640/100000]
loss: 3.015079  [51200/100000]
loss: 3.028963  [53760/100000]
loss: 3.268564  [56320/100000]
loss: 3.223893  [58880/100000]
loss: 2.938492  [61440/100000]
loss: 3.071977  [64000/100000]
loss: 2.788018  [66560/100000]
loss: 2.831712  [69120/100000]
loss: 2.561000  [71680/100000]
loss: 2.953876  [74240/100000]
loss: 2.829481  [76800/100000]
loss: 3.022894  [79360/100000]
loss: 2.781708  [81920/100000]
loss: 3.166085  [84480/100000]
loss: 3.001734  [87040/100000]
loss: 3.069629  [89600/100000]
loss: 2.963204  [92160/100000]
loss: 3.057074  [94720/100000]
loss: 2.934316  [97280/100000]
loss: 2.955730  [62400/100000]
Epoch 19 finished in 122.11 seconds

Epoch 20
-------------------------------
loss: 2.797397  [    0/100000]
loss: 3.144561  [ 2560/100000]
loss: 2.895203  [ 5120/100000]
loss: 2.849532  [ 7680/100000]
loss: 2.997445  [10240/100000]
loss: 2.817695  [12800/100000]
loss: 2.905072  [15360/100000]
loss: 2.975392  [17920/100000]
loss: 3.016592  [20480/100000]
loss: 3.060245  [23040/100000]
loss: 3.151189  [25600/100000]
loss: 2.945214  [28160/100000]
loss: 2.973737  [30720/100000]
loss: 2.858674  [33280/100000]
loss: 2.860367  [35840/100000]
loss: 2.871688  [38400/100000]
loss: 2.902232  [40960/100000]
loss: 2.719542  [43520/100000]
loss: 2.931812  [46080/100000]
loss: 2.948174  [48640/100000]
loss: 3.090027  [51200/100000]
loss: 2.868771  [53760/100000]
loss: 2.774585  [56320/100000]
loss: 2.990295  [58880/100000]
loss: 3.228404  [61440/100000]
loss: 2.845904  [64000/100000]
loss: 2.841865  [66560/100000]
loss: 2.781428  [69120/100000]
loss: 2.915265  [71680/100000]
loss: 3.088262  [74240/100000]
loss: 2.732304  [76800/100000]
loss: 2.898417  [79360/100000]
loss: 2.986667  [81920/100000]
loss: 2.952182  [84480/100000]
loss: 3.057311  [87040/100000]
loss: 2.881846  [89600/100000]
loss: 3.098005  [92160/100000]
loss: 2.811369  [94720/100000]
loss: 3.070067  [97280/100000]
loss: 2.826561  [62400/100000]
Epoch 20 finished in 122.08 seconds

Epoch 21
-------------------------------
loss: 2.787137  [    0/100000]
loss: 2.791091  [ 2560/100000]
loss: 3.205381  [ 5120/100000]
loss: 2.622301  [ 7680/100000]
loss: 2.896996  [10240/100000]
loss: 2.591054  [12800/100000]
loss: 3.001763  [15360/100000]
loss: 2.911675  [17920/100000]
loss: 2.891001  [20480/100000]
loss: 3.028579  [23040/100000]
loss: 2.992219  [25600/100000]
loss: 2.961971  [28160/100000]
loss: 2.806757  [30720/100000]
loss: 2.742453  [33280/100000]
loss: 2.837472  [35840/100000]
loss: 2.868914  [38400/100000]
loss: 2.896625  [40960/100000]
loss: 2.946448  [43520/100000]
loss: 2.881440  [46080/100000]
loss: 2.895880  [48640/100000]
loss: 2.741888  [51200/100000]
loss: 2.865377  [53760/100000]
loss: 2.908193  [56320/100000]
loss: 2.646661  [58880/100000]
loss: 2.564726  [61440/100000]
loss: 2.752020  [64000/100000]
loss: 2.957809  [66560/100000]
loss: 3.052145  [69120/100000]
loss: 2.885585  [71680/100000]
loss: 2.854020  [74240/100000]
loss: 2.637312  [76800/100000]
loss: 3.065906  [79360/100000]
loss: 2.819519  [81920/100000]
loss: 2.624218  [84480/100000]
loss: 2.938699  [87040/100000]
loss: 2.805599  [89600/100000]
loss: 2.899763  [92160/100000]
loss: 2.820253  [94720/100000]
loss: 2.722645  [97280/100000]
loss: 3.094830  [62400/100000]
Epoch 21 finished in 122.29 seconds

Epoch 22
-------------------------------
loss: 2.679465  [    0/100000]
loss: 2.575785  [ 2560/100000]
loss: 2.859724  [ 5120/100000]
loss: 2.561910  [ 7680/100000]
loss: 2.903314  [10240/100000]
loss: 2.620804  [12800/100000]
loss: 2.645895  [15360/100000]
loss: 2.581510  [17920/100000]
loss: 2.853666  [20480/100000]
loss: 2.703877  [23040/100000]
loss: 2.797401  [25600/100000]
loss: 2.738818  [28160/100000]
loss: 2.702452  [30720/100000]
loss: 2.624807  [33280/100000]
loss: 2.749650  [35840/100000]
loss: 2.413585  [38400/100000]
loss: 2.291362  [40960/100000]
loss: 2.750504  [43520/100000]
loss: 2.541972  [46080/100000]
loss: 2.711296  [48640/100000]
loss: 2.947777  [51200/100000]
loss: 2.623317  [53760/100000]
loss: 2.831074  [56320/100000]
loss: 2.885989  [58880/100000]
loss: 2.715276  [61440/100000]
loss: 2.739224  [64000/100000]
loss: 2.656683  [66560/100000]
loss: 2.603385  [69120/100000]
loss: 3.021744  [71680/100000]
loss: 2.878234  [74240/100000]
loss: 2.831922  [76800/100000]
loss: 2.991792  [79360/100000]
loss: 2.751019  [81920/100000]
loss: 2.739547  [84480/100000]
loss: 2.892866  [87040/100000]
loss: 2.680797  [89600/100000]
loss: 2.754499  [92160/100000]
loss: 2.703584  [94720/100000]
loss: 2.768476  [97280/100000]
loss: 2.401424  [62400/100000]
Epoch 22 finished in 121.99 seconds

Epoch 23
-------------------------------
loss: 2.692125  [    0/100000]
loss: 2.500951  [ 2560/100000]
loss: 2.657682  [ 5120/100000]
loss: 2.687163  [ 7680/100000]
loss: 2.644686  [10240/100000]
loss: 2.820459  [12800/100000]
loss: 2.632662  [15360/100000]
loss: 2.512192  [17920/100000]
loss: 2.577479  [20480/100000]
loss: 2.669660  [23040/100000]
loss: 2.617927  [25600/100000]
loss: 2.576325  [28160/100000]
loss: 2.598051  [30720/100000]
loss: 2.963715  [33280/100000]
loss: 2.792641  [35840/100000]
loss: 2.458146  [38400/100000]
loss: 2.760572  [40960/100000]
loss: 2.804980  [43520/100000]
loss: 2.480754  [46080/100000]
loss: 2.559705  [48640/100000]
loss: 2.578815  [51200/100000]
loss: 2.725493  [53760/100000]
loss: 2.578633  [56320/100000]
loss: 2.532309  [58880/100000]
loss: 2.629397  [61440/100000]
loss: 2.868549  [64000/100000]
loss: 2.711426  [66560/100000]
loss: 2.801069  [69120/100000]
loss: 2.629643  [71680/100000]
loss: 2.768496  [74240/100000]
loss: 2.661229  [76800/100000]
loss: 2.680946  [79360/100000]
loss: 2.753054  [81920/100000]
loss: 2.582065  [84480/100000]
loss: 2.794837  [87040/100000]
loss: 2.721552  [89600/100000]
loss: 2.646603  [92160/100000]
loss: 2.800125  [94720/100000]
loss: 2.863717  [97280/100000]
loss: 2.759612  [62400/100000]
Epoch 23 finished in 122.00 seconds

Epoch 24
-------------------------------
loss: 2.587521  [    0/100000]
loss: 2.541573  [ 2560/100000]
loss: 2.677266  [ 5120/100000]
loss: 2.608127  [ 7680/100000]
loss: 2.527777  [10240/100000]
loss: 2.738976  [12800/100000]
loss: 2.394196  [15360/100000]
loss: 2.394906  [17920/100000]
loss: 2.540836  [20480/100000]
loss: 2.600502  [23040/100000]
loss: 2.379624  [25600/100000]
loss: 2.469066  [28160/100000]
loss: 2.641624  [30720/100000]
loss: 2.473433  [33280/100000]
loss: 2.507381  [35840/100000]
loss: 2.623397  [38400/100000]
loss: 2.576388  [40960/100000]
loss: 2.434541  [43520/100000]
loss: 2.720264  [46080/100000]
loss: 2.622840  [48640/100000]
loss: 2.582244  [51200/100000]
loss: 2.816596  [53760/100000]
loss: 2.590781  [56320/100000]
loss: 2.788729  [58880/100000]
loss: 2.771720  [61440/100000]
loss: 2.646470  [64000/100000]
loss: 2.814960  [66560/100000]
loss: 2.409185  [69120/100000]
loss: 2.937874  [71680/100000]
loss: 2.425283  [74240/100000]
loss: 2.421362  [76800/100000]
loss: 2.652409  [79360/100000]
loss: 2.504876  [81920/100000]
loss: 2.574659  [84480/100000]
loss: 2.651355  [87040/100000]
loss: 2.479324  [89600/100000]
loss: 2.624030  [92160/100000]
loss: 2.473718  [94720/100000]
loss: 2.492470  [97280/100000]
loss: 2.676161  [62400/100000]
Epoch 24 finished in 121.97 seconds

Epoch 25
-------------------------------
loss: 2.436905  [    0/100000]
loss: 2.487843  [ 2560/100000]
loss: 2.626775  [ 5120/100000]
loss: 2.490701  [ 7680/100000]
loss: 2.591659  [10240/100000]
loss: 2.501696  [12800/100000]
loss: 2.735871  [15360/100000]
loss: 2.711244  [17920/100000]
loss: 2.654161  [20480/100000]
loss: 2.661682  [23040/100000]
loss: 2.583030  [25600/100000]
loss: 2.605693  [28160/100000]
loss: 2.649880  [30720/100000]
loss: 2.742886  [33280/100000]
loss: 2.739755  [35840/100000]
loss: 2.691090  [38400/100000]
loss: 2.508504  [40960/100000]
loss: 2.648230  [43520/100000]
loss: 2.636705  [46080/100000]
loss: 2.361945  [48640/100000]
loss: 2.371089  [51200/100000]
loss: 2.687930  [53760/100000]
loss: 2.403562  [56320/100000]
loss: 2.865508  [58880/100000]
loss: 2.453001  [61440/100000]
loss: 2.417680  [64000/100000]
loss: 2.431992  [66560/100000]
loss: 2.521538  [69120/100000]
loss: 2.527249  [71680/100000]
loss: 2.685387  [74240/100000]
loss: 2.628669  [76800/100000]
loss: 2.434712  [79360/100000]
loss: 2.597022  [81920/100000]
loss: 2.562216  [84480/100000]
loss: 2.760685  [87040/100000]
loss: 2.534118  [89600/100000]
loss: 2.796950  [92160/100000]
loss: 2.588633  [94720/100000]
loss: 2.628919  [97280/100000]
loss: 2.438875  [62400/100000]
Epoch 25 finished in 122.13 seconds

Epoch 26
-------------------------------
loss: 2.258093  [    0/100000]
loss: 2.401906  [ 2560/100000]
loss: 2.542231  [ 5120/100000]
loss: 2.658288  [ 7680/100000]
loss: 2.414555  [10240/100000]
loss: 2.360065  [12800/100000]
loss: 2.580933  [15360/100000]
loss: 2.451260  [17920/100000]
loss: 2.253226  [20480/100000]
loss: 2.524915  [23040/100000]
loss: 2.373789  [25600/100000]
loss: 2.730232  [28160/100000]
loss: 2.262207  [30720/100000]
loss: 2.572772  [33280/100000]
loss: 2.550755  [35840/100000]
loss: 2.517089  [38400/100000]
loss: 2.403484  [40960/100000]
loss: 2.339468  [43520/100000]
loss: 2.493053  [46080/100000]
loss: 2.599096  [48640/100000]
loss: 2.581580  [51200/100000]
loss: 2.456212  [53760/100000]
loss: 2.620294  [56320/100000]
loss: 2.661563  [58880/100000]
loss: 2.348214  [61440/100000]
loss: 2.427136  [64000/100000]
loss: 2.855452  [66560/100000]
loss: 2.527452  [69120/100000]
loss: 2.603720  [71680/100000]
loss: 2.463508  [74240/100000]
loss: 2.439826  [76800/100000]
loss: 2.415580  [79360/100000]
loss: 2.748640  [81920/100000]
loss: 2.414630  [84480/100000]
loss: 2.450703  [87040/100000]
loss: 2.438897  [89600/100000]
loss: 2.494492  [92160/100000]
loss: 2.711123  [94720/100000]
loss: 2.760169  [97280/100000]
loss: 2.410869  [62400/100000]
Epoch 26 finished in 122.15 seconds

Epoch 27
-------------------------------
loss: 2.280841  [    0/100000]
loss: 2.286913  [ 2560/100000]
loss: 2.360924  [ 5120/100000]
loss: 2.445597  [ 7680/100000]
loss: 2.539774  [10240/100000]
loss: 2.488702  [12800/100000]
loss: 2.241938  [15360/100000]
loss: 2.437162  [17920/100000]
loss: 2.476109  [20480/100000]
loss: 2.510269  [23040/100000]
loss: 2.485234  [25600/100000]
loss: 2.634645  [28160/100000]
loss: 2.351948  [30720/100000]
loss: 2.431554  [33280/100000]
loss: 2.709781  [35840/100000]
loss: 2.612783  [38400/100000]
loss: 2.308708  [40960/100000]
loss: 2.632749  [43520/100000]
loss: 2.521159  [46080/100000]
loss: 2.451802  [48640/100000]
loss: 2.323511  [51200/100000]
loss: 2.595053  [53760/100000]
loss: 2.398102  [56320/100000]
loss: 2.558382  [58880/100000]
loss: 2.239316  [61440/100000]
loss: 2.404923  [64000/100000]
loss: 2.484445  [66560/100000]
loss: 2.381152  [69120/100000]
loss: 2.222328  [71680/100000]
loss: 2.287520  [74240/100000]
loss: 2.611381  [76800/100000]
loss: 2.531832  [79360/100000]
loss: 2.262875  [81920/100000]
loss: 2.449060  [84480/100000]
loss: 2.395266  [87040/100000]
loss: 2.351827  [89600/100000]
loss: 2.476998  [92160/100000]
loss: 2.440063  [94720/100000]
loss: 2.353571  [97280/100000]
loss: 2.438365  [62400/100000]
Epoch 27 finished in 122.02 seconds

Epoch 28
-------------------------------
loss: 2.142641  [    0/100000]
loss: 2.279022  [ 2560/100000]
loss: 2.290655  [ 5120/100000]
loss: 2.368287  [ 7680/100000]
loss: 2.485160  [10240/100000]
loss: 2.552692  [12800/100000]
loss: 2.280449  [15360/100000]
loss: 2.355160  [17920/100000]
loss: 2.574371  [20480/100000]
loss: 2.383095  [23040/100000]
loss: 2.168497  [25600/100000]
loss: 2.417500  [28160/100000]
loss: 2.569068  [30720/100000]
loss: 2.363843  [33280/100000]
loss: 2.434406  [35840/100000]
loss: 2.537629  [38400/100000]
loss: 2.555711  [40960/100000]
loss: 2.481813  [43520/100000]
loss: 2.267002  [46080/100000]
loss: 2.215439  [48640/100000]
loss: 1.987870  [51200/100000]
loss: 2.246041  [53760/100000]
loss: 2.361856  [56320/100000]
loss: 2.570176  [58880/100000]
loss: 2.149022  [61440/100000]
loss: 2.485787  [64000/100000]
loss: 2.201463  [66560/100000]
loss: 2.260016  [69120/100000]
loss: 2.392900  [71680/100000]
loss: 2.601734  [74240/100000]
loss: 2.511022  [76800/100000]
loss: 2.399087  [79360/100000]
loss: 2.373719  [81920/100000]
loss: 2.290797  [84480/100000]
loss: 2.283329  [87040/100000]
loss: 2.353377  [89600/100000]
loss: 2.438474  [92160/100000]
loss: 2.433461  [94720/100000]
loss: 2.284729  [97280/100000]
loss: 2.311789  [62400/100000]
Epoch 28 finished in 122.07 seconds

Epoch 29
-------------------------------
loss: 2.286752  [    0/100000]
loss: 2.254024  [ 2560/100000]
loss: 2.256762  [ 5120/100000]
loss: 2.158535  [ 7680/100000]
loss: 2.254934  [10240/100000]
loss: 2.389311  [12800/100000]
loss: 2.366327  [15360/100000]
loss: 2.327585  [17920/100000]
loss: 2.060006  [20480/100000]
loss: 2.287265  [23040/100000]
loss: 2.244889  [25600/100000]
loss: 2.195894  [28160/100000]
loss: 2.402350  [30720/100000]
loss: 2.369295  [33280/100000]
loss: 2.335035  [35840/100000]
loss: 2.429503  [38400/100000]
loss: 2.281312  [40960/100000]
loss: 2.377390  [43520/100000]
loss: 2.143811  [46080/100000]
loss: 2.396454  [48640/100000]
loss: 2.419567  [51200/100000]
loss: 2.180107  [53760/100000]
loss: 2.303535  [56320/100000]
loss: 2.215872  [58880/100000]
loss: 2.256130  [61440/100000]
loss: 2.302768  [64000/100000]
loss: 2.503279  [66560/100000]
loss: 2.133473  [69120/100000]
loss: 2.507197  [71680/100000]
loss: 2.555555  [74240/100000]
loss: 2.477928  [76800/100000]
loss: 2.239393  [79360/100000]
loss: 2.248887  [81920/100000]
loss: 2.287957  [84480/100000]
loss: 2.558770  [87040/100000]
loss: 2.311366  [89600/100000]
loss: 2.156122  [92160/100000]
loss: 2.181417  [94720/100000]
loss: 2.238591  [97280/100000]
loss: 2.184937  [62400/100000]
Epoch 29 finished in 122.10 seconds

Epoch 30
-------------------------------
loss: 2.430399  [    0/100000]
loss: 2.146399  [ 2560/100000]
loss: 2.230180  [ 5120/100000]
loss: 2.350408  [ 7680/100000]
loss: 2.242319  [10240/100000]
loss: 2.454268  [12800/100000]
loss: 2.244538  [15360/100000]
loss: 2.233334  [17920/100000]
loss: 2.497439  [20480/100000]
loss: 1.964612  [23040/100000]
loss: 2.243210  [25600/100000]
loss: 2.407929  [28160/100000]
loss: 2.229156  [30720/100000]
loss: 2.212985  [33280/100000]
loss: 2.375375  [35840/100000]
loss: 2.121593  [38400/100000]
loss: 2.348613  [40960/100000]
loss: 2.175539  [43520/100000]
loss: 2.355938  [46080/100000]
loss: 2.137929  [48640/100000]
loss: 2.667185  [51200/100000]
loss: 2.257706  [53760/100000]
loss: 2.076526  [56320/100000]
loss: 2.400308  [58880/100000]
loss: 2.320381  [61440/100000]
loss: 2.112321  [64000/100000]
loss: 2.131278  [66560/100000]
loss: 2.206579  [69120/100000]
loss: 2.177904  [71680/100000]
loss: 2.173210  [74240/100000]
loss: 2.222696  [76800/100000]
loss: 2.181518  [79360/100000]
loss: 2.334624  [81920/100000]
loss: 2.239640  [84480/100000]
loss: 2.252092  [87040/100000]
loss: 2.372175  [89600/100000]
loss: 2.096786  [92160/100000]
loss: 2.392747  [94720/100000]
loss: 2.241428  [97280/100000]
loss: 2.077465  [62400/100000]
Epoch 30 finished in 122.05 seconds

Epoch 31
-------------------------------
loss: 2.285546  [    0/100000]
loss: 2.148234  [ 2560/100000]
loss: 2.482254  [ 5120/100000]
loss: 2.202152  [ 7680/100000]
loss: 2.041556  [10240/100000]
loss: 2.331377  [12800/100000]
loss: 2.394693  [15360/100000]
loss: 2.106520  [17920/100000]
loss: 2.189971  [20480/100000]
loss: 2.196335  [23040/100000]
loss: 2.447453  [25600/100000]
loss: 2.189996  [28160/100000]
loss: 2.290118  [30720/100000]
loss: 2.353795  [33280/100000]
loss: 2.189677  [35840/100000]
loss: 2.423602  [38400/100000]
loss: 2.276292  [40960/100000]
loss: 2.272111  [43520/100000]
loss: 2.303311  [46080/100000]
loss: 2.140501  [48640/100000]
loss: 2.135389  [51200/100000]
loss: 2.153581  [53760/100000]
loss: 2.116491  [56320/100000]
loss: 2.031049  [58880/100000]
loss: 2.221878  [61440/100000]
loss: 2.201253  [64000/100000]
loss: 2.335917  [66560/100000]
loss: 2.170801  [69120/100000]
loss: 2.280942  [71680/100000]
loss: 2.133330  [74240/100000]
loss: 2.191100  [76800/100000]
loss: 2.218977  [79360/100000]
loss: 2.209458  [81920/100000]
loss: 2.555125  [84480/100000]
loss: 1.982732  [87040/100000]
loss: 2.157788  [89600/100000]
loss: 2.235287  [92160/100000]
loss: 2.117260  [94720/100000]
loss: 2.198983  [97280/100000]
loss: 2.106439  [62400/100000]
Epoch 31 finished in 122.01 seconds

Epoch 32
-------------------------------
loss: 1.898892  [    0/100000]
loss: 2.136988  [ 2560/100000]
loss: 2.254033  [ 5120/100000]
loss: 2.099486  [ 7680/100000]
loss: 2.111038  [10240/100000]
loss: 2.129218  [12800/100000]
loss: 2.136670  [15360/100000]
loss: 2.021091  [17920/100000]
loss: 2.011742  [20480/100000]
loss: 2.386262  [23040/100000]
loss: 2.003187  [25600/100000]
loss: 2.200908  [28160/100000]
loss: 1.975209  [30720/100000]
loss: 2.061481  [33280/100000]
loss: 2.262928  [35840/100000]
loss: 1.973072  [38400/100000]
loss: 1.989430  [40960/100000]
loss: 2.326780  [43520/100000]
loss: 1.989139  [46080/100000]
loss: 2.316542  [48640/100000]
loss: 2.410771  [51200/100000]
loss: 2.194436  [53760/100000]
loss: 2.465648  [56320/100000]
loss: 2.383113  [58880/100000]
loss: 2.002210  [61440/100000]
loss: 2.292520  [64000/100000]
loss: 1.979630  [66560/100000]
loss: 2.184517  [69120/100000]
loss: 2.083317  [71680/100000]
loss: 1.987702  [74240/100000]
loss: 1.969559  [76800/100000]
loss: 1.985111  [79360/100000]
loss: 2.315360  [81920/100000]
loss: 2.202814  [84480/100000]
loss: 2.225739  [87040/100000]
loss: 2.263101  [89600/100000]
loss: 2.242613  [92160/100000]
loss: 2.080869  [94720/100000]
loss: 2.099839  [97280/100000]
loss: 1.981142  [62400/100000]
Epoch 32 finished in 122.03 seconds

Epoch 33
-------------------------------
loss: 1.991632  [    0/100000]
loss: 1.974833  [ 2560/100000]
loss: 1.963044  [ 5120/100000]
loss: 2.123926  [ 7680/100000]
loss: 2.376787  [10240/100000]
loss: 2.200220  [12800/100000]
loss: 2.247190  [15360/100000]
loss: 2.346524  [17920/100000]
loss: 1.966676  [20480/100000]
loss: 1.858902  [23040/100000]
loss: 2.065040  [25600/100000]
loss: 2.150089  [28160/100000]
loss: 1.898807  [30720/100000]
loss: 2.097706  [33280/100000]
loss: 2.247505  [35840/100000]
loss: 2.003095  [38400/100000]
loss: 1.937437  [40960/100000]
loss: 1.957418  [43520/100000]
loss: 1.946906  [46080/100000]
loss: 2.180096  [48640/100000]
loss: 2.116128  [51200/100000]
loss: 2.228404  [53760/100000]
loss: 2.207660  [56320/100000]
loss: 2.004670  [58880/100000]
loss: 2.171627  [61440/100000]
loss: 2.298902  [64000/100000]
loss: 2.315242  [66560/100000]
loss: 2.170385  [69120/100000]
loss: 2.170507  [71680/100000]
loss: 2.098478  [74240/100000]
loss: 2.123290  [76800/100000]
loss: 1.799445  [79360/100000]
loss: 2.044320  [81920/100000]
loss: 2.054828  [84480/100000]
loss: 2.027088  [87040/100000]
loss: 2.504356  [89600/100000]
loss: 2.205958  [92160/100000]
loss: 2.362949  [94720/100000]
loss: 2.049046  [97280/100000]
loss: 1.888972  [62400/100000]
Epoch 33 finished in 122.03 seconds

Epoch 34
-------------------------------
loss: 2.102963  [    0/100000]
loss: 1.870888  [ 2560/100000]
loss: 1.920209  [ 5120/100000]
loss: 2.043191  [ 7680/100000]
loss: 2.091335  [10240/100000]
loss: 2.071064  [12800/100000]
loss: 1.909157  [15360/100000]
loss: 2.033847  [17920/100000]
loss: 2.122933  [20480/100000]
loss: 1.874695  [23040/100000]
loss: 1.852128  [25600/100000]
loss: 1.955124  [28160/100000]
loss: 2.273654  [30720/100000]
loss: 2.077202  [33280/100000]
loss: 2.189423  [35840/100000]
loss: 2.203680  [38400/100000]
loss: 1.945096  [40960/100000]
loss: 2.177481  [43520/100000]
loss: 2.135681  [46080/100000]
loss: 2.468393  [48640/100000]
loss: 2.041148  [51200/100000]
loss: 1.947346  [53760/100000]
loss: 2.160082  [56320/100000]
loss: 2.092386  [58880/100000]
loss: 2.052417  [61440/100000]
loss: 2.078617  [64000/100000]
loss: 2.108330  [66560/100000]
loss: 1.955108  [69120/100000]
loss: 2.171769  [71680/100000]
loss: 1.942639  [74240/100000]
loss: 2.130423  [76800/100000]
loss: 2.065411  [79360/100000]
loss: 2.105309  [81920/100000]
loss: 2.040241  [84480/100000]
loss: 2.211557  [87040/100000]
loss: 1.984011  [89600/100000]
loss: 2.099987  [92160/100000]
loss: 2.273261  [94720/100000]
loss: 2.088883  [97280/100000]
loss: 2.171809  [62400/100000]
Epoch 34 finished in 122.02 seconds

Epoch 35
-------------------------------
loss: 1.932891  [    0/100000]
loss: 2.019091  [ 2560/100000]
loss: 1.977175  [ 5120/100000]
loss: 1.834705  [ 7680/100000]
loss: 1.770360  [10240/100000]
loss: 1.922432  [12800/100000]
loss: 1.700371  [15360/100000]
loss: 2.011196  [17920/100000]
loss: 1.845332  [20480/100000]
loss: 2.010973  [23040/100000]
loss: 2.073192  [25600/100000]
loss: 1.931637  [28160/100000]
loss: 1.915640  [30720/100000]
loss: 1.905660  [33280/100000]
loss: 2.015995  [35840/100000]
loss: 1.831042  [38400/100000]
loss: 1.834821  [40960/100000]
loss: 2.080792  [43520/100000]
loss: 1.849251  [46080/100000]
loss: 2.136529  [48640/100000]
loss: 1.674047  [51200/100000]
loss: 2.090803  [53760/100000]
loss: 2.180055  [56320/100000]
loss: 2.165137  [58880/100000]
loss: 1.932757  [61440/100000]
loss: 2.119533  [64000/100000]
loss: 2.198893  [66560/100000]
loss: 2.177337  [69120/100000]
loss: 2.007858  [71680/100000]
loss: 2.009385  [74240/100000]
loss: 2.198222  [76800/100000]
loss: 1.869068  [79360/100000]
loss: 1.982376  [81920/100000]
loss: 2.100953  [84480/100000]
loss: 2.212685  [87040/100000]
loss: 2.331619  [89600/100000]
loss: 2.050500  [92160/100000]
loss: 1.976143  [94720/100000]
loss: 2.041035  [97280/100000]
loss: 1.783996  [62400/100000]
Epoch 35 finished in 122.09 seconds

Epoch 36
-------------------------------
loss: 1.713553  [    0/100000]
loss: 1.696000  [ 2560/100000]
loss: 1.751275  [ 5120/100000]
loss: 1.838754  [ 7680/100000]
loss: 1.911716  [10240/100000]
loss: 1.828610  [12800/100000]
loss: 1.897051  [15360/100000]
loss: 1.887520  [17920/100000]
loss: 2.053400  [20480/100000]
loss: 2.132745  [23040/100000]
loss: 2.082188  [25600/100000]
loss: 2.174477  [28160/100000]
loss: 2.179471  [30720/100000]
loss: 1.903433  [33280/100000]
loss: 2.147699  [35840/100000]
loss: 1.964818  [38400/100000]
loss: 2.152907  [40960/100000]
loss: 1.826685  [43520/100000]
loss: 2.044709  [46080/100000]
loss: 1.976234  [48640/100000]
loss: 1.971362  [51200/100000]
loss: 1.720943  [53760/100000]
loss: 2.153000  [56320/100000]
loss: 2.115717  [58880/100000]
loss: 1.811889  [61440/100000]
loss: 1.984497  [64000/100000]
loss: 2.105363  [66560/100000]
loss: 1.802731  [69120/100000]
loss: 1.972451  [71680/100000]
loss: 2.230566  [74240/100000]
loss: 1.991815  [76800/100000]
loss: 2.137870  [79360/100000]
loss: 1.987448  [81920/100000]
loss: 1.776190  [84480/100000]
loss: 2.150408  [87040/100000]
loss: 2.059663  [89600/100000]
loss: 2.156708  [92160/100000]
loss: 1.929669  [94720/100000]
loss: 1.969135  [97280/100000]
loss: 1.825053  [62400/100000]
Epoch 36 finished in 122.08 seconds

Epoch 37
-------------------------------
loss: 1.920218  [    0/100000]
loss: 1.786972  [ 2560/100000]
loss: 1.904589  [ 5120/100000]
loss: 1.683444  [ 7680/100000]
loss: 1.716948  [10240/100000]
loss: 1.845829  [12800/100000]
loss: 2.008160  [15360/100000]
loss: 2.064140  [17920/100000]
loss: 2.106947  [20480/100000]
loss: 1.816941  [23040/100000]
loss: 1.982207  [25600/100000]
loss: 1.955573  [28160/100000]
loss: 2.057582  [30720/100000]
loss: 2.006325  [33280/100000]
loss: 1.991883  [35840/100000]
loss: 1.965450  [38400/100000]
loss: 1.883537  [40960/100000]
loss: 1.828073  [43520/100000]
loss: 1.550535  [46080/100000]
loss: 1.952730  [48640/100000]
loss: 1.959280  [51200/100000]
loss: 1.888780  [53760/100000]
loss: 1.812855  [56320/100000]
loss: 1.902961  [58880/100000]
loss: 1.918686  [61440/100000]
loss: 1.752325  [64000/100000]
loss: 1.842800  [66560/100000]
loss: 1.960082  [69120/100000]
loss: 1.841795  [71680/100000]
loss: 1.881188  [74240/100000]
loss: 2.067749  [76800/100000]
loss: 1.837774  [79360/100000]
loss: 1.890390  [81920/100000]
loss: 2.002774  [84480/100000]
loss: 1.900395  [87040/100000]
loss: 1.984315  [89600/100000]
loss: 2.017190  [92160/100000]
loss: 1.844279  [94720/100000]
loss: 2.178635  [97280/100000]
loss: 1.983565  [62400/100000]
Epoch 37 finished in 122.09 seconds

Epoch 38
-------------------------------
loss: 1.757902  [    0/100000]
loss: 1.697555  [ 2560/100000]
loss: 1.906155  [ 5120/100000]
loss: 1.766112  [ 7680/100000]
loss: 1.873944  [10240/100000]
loss: 1.922895  [12800/100000]
loss: 1.781458  [15360/100000]
loss: 2.064468  [17920/100000]
loss: 1.964139  [20480/100000]
loss: 1.960306  [23040/100000]
loss: 1.963471  [25600/100000]
loss: 1.865669  [28160/100000]
loss: 1.942970  [30720/100000]
loss: 1.915171  [33280/100000]
loss: 2.059740  [35840/100000]
loss: 1.957522  [38400/100000]
loss: 1.826177  [40960/100000]
loss: 1.851170  [43520/100000]
loss: 1.902000  [46080/100000]
loss: 1.745246  [48640/100000]
loss: 1.787099  [51200/100000]
loss: 1.980088  [53760/100000]
loss: 1.910589  [56320/100000]
loss: 1.869121  [58880/100000]
loss: 1.829267  [61440/100000]
loss: 1.982560  [64000/100000]
loss: 2.052173  [66560/100000]
loss: 1.905446  [69120/100000]
loss: 1.987001  [71680/100000]
loss: 1.980865  [74240/100000]
loss: 1.770069  [76800/100000]
loss: 1.855802  [79360/100000]
loss: 1.671389  [81920/100000]
loss: 1.944470  [84480/100000]
loss: 1.791733  [87040/100000]
loss: 2.350628  [89600/100000]
loss: 1.811988  [92160/100000]
loss: 1.988460  [94720/100000]
loss: 1.962726  [97280/100000]
loss: 1.657425  [62400/100000]
Epoch 38 finished in 122.08 seconds

Epoch 39
-------------------------------
loss: 1.577799  [    0/100000]
loss: 1.826430  [ 2560/100000]
loss: 1.966617  [ 5120/100000]
loss: 1.726208  [ 7680/100000]
loss: 1.701633  [10240/100000]
loss: 1.808524  [12800/100000]
loss: 1.668192  [15360/100000]
loss: 1.712142  [17920/100000]
loss: 1.846968  [20480/100000]
loss: 1.804295  [23040/100000]
loss: 1.870934  [25600/100000]
loss: 2.006638  [28160/100000]
loss: 1.960963  [30720/100000]
loss: 1.841473  [33280/100000]
loss: 1.848296  [35840/100000]
loss: 1.734406  [38400/100000]
loss: 1.766818  [40960/100000]
loss: 2.121711  [43520/100000]
loss: 1.762208  [46080/100000]
loss: 1.883512  [48640/100000]
loss: 1.799967  [51200/100000]
loss: 1.651799  [53760/100000]
loss: 1.985277  [56320/100000]
loss: 1.959980  [58880/100000]
loss: 1.603830  [61440/100000]
loss: 1.638485  [64000/100000]
loss: 1.968347  [66560/100000]
loss: 1.817310  [69120/100000]
loss: 1.770702  [71680/100000]
loss: 1.990821  [74240/100000]
loss: 1.988306  [76800/100000]
loss: 1.877979  [79360/100000]
loss: 1.906651  [81920/100000]
loss: 1.945811  [84480/100000]
loss: 1.931071  [87040/100000]
loss: 1.789759  [89600/100000]
loss: 1.928686  [92160/100000]
loss: 1.917835  [94720/100000]
loss: 1.802737  [97280/100000]
loss: 1.859573  [62400/100000]
Epoch 39 finished in 122.11 seconds

Epoch 40
-------------------------------
loss: 1.646924  [    0/100000]
loss: 1.575932  [ 2560/100000]
loss: 1.824030  [ 5120/100000]
loss: 1.900967  [ 7680/100000]
loss: 1.743553  [10240/100000]
loss: 1.546141  [12800/100000]
loss: 1.943468  [15360/100000]
loss: 1.787505  [17920/100000]
loss: 1.946028  [20480/100000]
loss: 1.912922  [23040/100000]
loss: 1.525162  [25600/100000]
loss: 1.937175  [28160/100000]
loss: 1.816465  [30720/100000]
loss: 1.737821  [33280/100000]
loss: 1.831696  [35840/100000]
loss: 1.940940  [38400/100000]
loss: 1.838340  [40960/100000]
loss: 1.727596  [43520/100000]
loss: 1.766829  [46080/100000]
loss: 1.731727  [48640/100000]
loss: 1.755343  [51200/100000]
loss: 1.761780  [53760/100000]
loss: 1.997826  [56320/100000]
loss: 1.807598  [58880/100000]
loss: 1.823386  [61440/100000]
loss: 1.859570  [64000/100000]
loss: 1.606317  [66560/100000]
loss: 1.824423  [69120/100000]
loss: 1.543573  [71680/100000]
loss: 1.932643  [74240/100000]
loss: 1.786945  [76800/100000]
loss: 1.795277  [79360/100000]
loss: 1.903562  [81920/100000]
loss: 1.725291  [84480/100000]
loss: 1.810639  [87040/100000]
loss: 1.900380  [89600/100000]
loss: 1.910658  [92160/100000]
loss: 2.047418  [94720/100000]
loss: 1.832474  [97280/100000]
loss: 1.690172  [62400/100000]
Epoch 40 finished in 122.07 seconds

Epoch 41
-------------------------------
loss: 1.760209  [    0/100000]
loss: 1.500709  [ 2560/100000]
loss: 1.755851  [ 5120/100000]
loss: 1.796162  [ 7680/100000]
loss: 1.738696  [10240/100000]
loss: 1.671689  [12800/100000]
loss: 1.736153  [15360/100000]
loss: 1.871264  [17920/100000]
loss: 1.965472  [20480/100000]
loss: 1.780742  [23040/100000]
loss: 1.835800  [25600/100000]
loss: 1.985351  [28160/100000]
loss: 1.752360  [30720/100000]
loss: 1.641344  [33280/100000]
loss: 1.838927  [35840/100000]
loss: 1.694196  [38400/100000]
loss: 1.756915  [40960/100000]
loss: 1.985408  [43520/100000]
loss: 1.749679  [46080/100000]
loss: 2.061019  [48640/100000]
loss: 1.756908  [51200/100000]
loss: 1.942618  [53760/100000]
loss: 1.629068  [56320/100000]
loss: 1.686389  [58880/100000]
loss: 1.640633  [61440/100000]
loss: 1.812392  [64000/100000]
loss: 1.855885  [66560/100000]
loss: 1.951800  [69120/100000]
loss: 1.836680  [71680/100000]
loss: 1.964493  [74240/100000]
loss: 1.974100  [76800/100000]
loss: 1.534360  [79360/100000]
loss: 1.912851  [81920/100000]
loss: 1.918224  [84480/100000]
loss: 1.512818  [87040/100000]
loss: 1.733316  [89600/100000]
loss: 2.016021  [92160/100000]
loss: 1.657150  [94720/100000]
loss: 1.634112  [97280/100000]
loss: 1.793825  [62400/100000]
Epoch 41 finished in 122.26 seconds

Epoch 42
-------------------------------
loss: 1.619898  [    0/100000]
loss: 1.795747  [ 2560/100000]
loss: 1.699897  [ 5120/100000]
loss: 1.534331  [ 7680/100000]
loss: 1.938100  [10240/100000]
loss: 1.473038  [12800/100000]
loss: 1.812259  [15360/100000]
loss: 1.732286  [17920/100000]
loss: 1.722579  [20480/100000]
loss: 1.600273  [23040/100000]
loss: 1.683061  [25600/100000]
loss: 1.861045  [28160/100000]
loss: 1.540119  [30720/100000]
loss: 1.760934  [33280/100000]
loss: 1.808017  [35840/100000]
loss: 1.696119  [38400/100000]
loss: 1.808037  [40960/100000]
loss: 1.561579  [43520/100000]
loss: 1.884308  [46080/100000]
loss: 1.849541  [48640/100000]
loss: 1.819559  [51200/100000]
loss: 1.672456  [53760/100000]
loss: 1.682468  [56320/100000]
loss: 1.854670  [58880/100000]
loss: 1.912697  [61440/100000]
loss: 1.894747  [64000/100000]
loss: 1.550269  [66560/100000]
loss: 1.891726  [69120/100000]
loss: 1.609431  [71680/100000]
loss: 1.831732  [74240/100000]
loss: 1.798445  [76800/100000]
loss: 1.707434  [79360/100000]
loss: 1.760960  [81920/100000]
loss: 1.817065  [84480/100000]
loss: 1.761811  [87040/100000]
loss: 1.556521  [89600/100000]
loss: 1.713915  [92160/100000]
loss: 1.681682  [94720/100000]
loss: 1.772555  [97280/100000]
loss: 1.655404  [62400/100000]
Epoch 42 finished in 122.04 seconds

Epoch 43
-------------------------------
loss: 1.692029  [    0/100000]
loss: 1.701518  [ 2560/100000]
loss: 1.552022  [ 5120/100000]
loss: 1.449147  [ 7680/100000]
loss: 1.705571  [10240/100000]
loss: 1.933656  [12800/100000]
loss: 1.521412  [15360/100000]
loss: 1.652547  [17920/100000]
loss: 1.522796  [20480/100000]
loss: 1.539927  [23040/100000]
loss: 1.755870  [25600/100000]
loss: 1.522021  [28160/100000]
loss: 1.619428  [30720/100000]
loss: 1.641797  [33280/100000]
loss: 1.579937  [35840/100000]
loss: 1.537252  [38400/100000]
loss: 1.772493  [40960/100000]
loss: 1.813776  [43520/100000]
loss: 1.686818  [46080/100000]
loss: 1.671052  [48640/100000]
loss: 1.687969  [51200/100000]
loss: 1.679228  [53760/100000]
loss: 1.574285  [56320/100000]
loss: 1.722427  [58880/100000]
loss: 1.680883  [61440/100000]
loss: 1.543062  [64000/100000]
loss: 1.560033  [66560/100000]
loss: 1.858187  [69120/100000]
loss: 1.682225  [71680/100000]
loss: 1.628679  [74240/100000]
loss: 1.595129  [76800/100000]
loss: 1.733912  [79360/100000]
loss: 1.694948  [81920/100000]
loss: 1.718378  [84480/100000]
loss: 1.668873  [87040/100000]
loss: 1.734726  [89600/100000]
loss: 1.747810  [92160/100000]
loss: 1.866509  [94720/100000]
loss: 1.698140  [97280/100000]
loss: 1.929901  [62400/100000]
Epoch 43 finished in 122.17 seconds

Epoch 44
-------------------------------
loss: 1.416142  [    0/100000]
loss: 1.562145  [ 2560/100000]
loss: 1.664047  [ 5120/100000]
loss: 1.572837  [ 7680/100000]
loss: 1.821795  [10240/100000]
loss: 1.633715  [12800/100000]
loss: 1.588889  [15360/100000]
loss: 1.659756  [17920/100000]
loss: 1.538237  [20480/100000]
loss: 1.544749  [23040/100000]
loss: 1.805045  [25600/100000]
loss: 1.655450  [28160/100000]
loss: 1.587476  [30720/100000]
loss: 1.577399  [33280/100000]
loss: 1.810457  [35840/100000]
loss: 1.439946  [38400/100000]
loss: 1.564299  [40960/100000]
loss: 1.742253  [43520/100000]
loss: 1.512866  [46080/100000]
loss: 1.640846  [48640/100000]
loss: 1.755243  [51200/100000]
loss: 1.698474  [53760/100000]
loss: 1.764099  [56320/100000]
loss: 1.787685  [58880/100000]
loss: 1.571680  [61440/100000]
loss: 1.612821  [64000/100000]
loss: 1.699093  [66560/100000]
loss: 1.661411  [69120/100000]
loss: 1.678760  [71680/100000]
loss: 1.581681  [74240/100000]
loss: 1.491756  [76800/100000]
loss: 1.730111  [79360/100000]
loss: 1.626136  [81920/100000]
loss: 1.754309  [84480/100000]
loss: 1.662650  [87040/100000]
loss: 1.573631  [89600/100000]
loss: 1.624110  [92160/100000]
loss: 1.758429  [94720/100000]
loss: 1.486176  [97280/100000]
loss: 1.356874  [62400/100000]
Epoch 44 finished in 121.74 seconds

Epoch 45
-------------------------------
loss: 1.509312  [    0/100000]
loss: 1.534195  [ 2560/100000]
loss: 1.541503  [ 5120/100000]
loss: 1.773158  [ 7680/100000]
loss: 1.507582  [10240/100000]
loss: 1.434280  [12800/100000]
loss: 1.494802  [15360/100000]
loss: 1.648600  [17920/100000]
loss: 1.408037  [20480/100000]
loss: 1.503449  [23040/100000]
loss: 1.512864  [25600/100000]
loss: 1.798938  [28160/100000]
loss: 1.910379  [30720/100000]
loss: 1.701414  [33280/100000]
loss: 1.816154  [35840/100000]
loss: 1.734199  [38400/100000]
loss: 1.720971  [40960/100000]
loss: 1.564915  [43520/100000]
loss: 1.825486  [46080/100000]
loss: 1.598951  [48640/100000]
loss: 1.642662  [51200/100000]
loss: 1.561199  [53760/100000]
loss: 1.907589  [56320/100000]
loss: 1.675672  [58880/100000]
loss: 1.538508  [61440/100000]
loss: 1.604266  [64000/100000]
loss: 1.602414  [66560/100000]
loss: 1.547638  [69120/100000]
loss: 1.621137  [71680/100000]
loss: 1.669146  [74240/100000]
loss: 1.589439  [76800/100000]
loss: 1.596835  [79360/100000]
loss: 1.779685  [81920/100000]
loss: 1.613961  [84480/100000]
loss: 1.593657  [87040/100000]
loss: 1.614104  [89600/100000]
loss: 1.730470  [92160/100000]
loss: 1.603964  [94720/100000]
loss: 1.684525  [97280/100000]
loss: 1.665997  [62400/100000]
Epoch 45 finished in 121.53 seconds

Epoch 46
-------------------------------
loss: 1.379398  [    0/100000]
loss: 1.584219  [ 2560/100000]
loss: 1.440237  [ 5120/100000]
loss: 1.423262  [ 7680/100000]
loss: 1.386769  [10240/100000]
loss: 1.498005  [12800/100000]
loss: 1.472942  [15360/100000]
loss: 1.402481  [17920/100000]
loss: 1.579900  [20480/100000]
loss: 1.668851  [23040/100000]
loss: 1.812478  [25600/100000]
loss: 2.029624  [28160/100000]
loss: 1.572264  [30720/100000]
loss: 1.580443  [33280/100000]
loss: 1.664722  [35840/100000]
loss: 1.586123  [38400/100000]
loss: 1.432822  [40960/100000]
loss: 1.676569  [43520/100000]
loss: 1.383170  [46080/100000]
loss: 1.659040  [48640/100000]
loss: 1.500810  [51200/100000]
loss: 1.426041  [53760/100000]
loss: 1.642997  [56320/100000]
loss: 1.475766  [58880/100000]
loss: 1.582423  [61440/100000]
loss: 1.733137  [64000/100000]
loss: 1.452906  [66560/100000]
loss: 1.570893  [69120/100000]
loss: 1.445197  [71680/100000]
loss: 1.711852  [74240/100000]
loss: 1.678907  [76800/100000]
loss: 1.497870  [79360/100000]
loss: 1.400744  [81920/100000]
loss: 1.647901  [84480/100000]
loss: 1.565648  [87040/100000]
loss: 1.555274  [89600/100000]
loss: 1.627585  [92160/100000]
loss: 1.636523  [94720/100000]
loss: 1.737620  [97280/100000]
loss: 1.620316  [62400/100000]
Epoch 46 finished in 121.51 seconds

Epoch 47
-------------------------------
loss: 1.412488  [    0/100000]
loss: 1.415445  [ 2560/100000]
loss: 1.559301  [ 5120/100000]
loss: 1.574018  [ 7680/100000]
loss: 1.479202  [10240/100000]
loss: 1.443859  [12800/100000]
loss: 1.338529  [15360/100000]
loss: 1.672748  [17920/100000]
loss: 1.439097  [20480/100000]
loss: 1.662766  [23040/100000]
loss: 1.663458  [25600/100000]
loss: 1.313094  [28160/100000]
loss: 1.444493  [30720/100000]
loss: 1.659409  [33280/100000]
loss: 1.392232  [35840/100000]
loss: 1.662749  [38400/100000]
loss: 1.586373  [40960/100000]
loss: 1.740244  [43520/100000]
loss: 1.433651  [46080/100000]
loss: 1.721049  [48640/100000]
loss: 1.583488  [51200/100000]
loss: 1.508005  [53760/100000]
loss: 1.571356  [56320/100000]
loss: 1.433292  [58880/100000]
loss: 1.796803  [61440/100000]
loss: 1.688855  [64000/100000]
loss: 1.382027  [66560/100000]
loss: 1.567688  [69120/100000]
loss: 1.512435  [71680/100000]
loss: 1.420917  [74240/100000]
loss: 1.759315  [76800/100000]
loss: 1.407963  [79360/100000]
loss: 1.596087  [81920/100000]
loss: 1.608038  [84480/100000]
loss: 1.529157  [87040/100000]
loss: 1.856089  [89600/100000]
loss: 1.442491  [92160/100000]
loss: 1.451668  [94720/100000]
loss: 1.658151  [97280/100000]
loss: 1.566765  [62400/100000]
Epoch 47 finished in 121.49 seconds

Epoch 48
-------------------------------
loss: 1.641032  [    0/100000]
loss: 1.223001  [ 2560/100000]
loss: 1.508116  [ 5120/100000]
loss: 1.279055  [ 7680/100000]
loss: 1.532109  [10240/100000]
loss: 1.533470  [12800/100000]
loss: 1.428408  [15360/100000]
loss: 1.548365  [17920/100000]
loss: 1.704822  [20480/100000]
loss: 1.654041  [23040/100000]
loss: 1.480444  [25600/100000]
loss: 1.261148  [28160/100000]
loss: 1.584246  [30720/100000]
loss: 1.488371  [33280/100000]
loss: 1.267529  [35840/100000]
loss: 1.784386  [38400/100000]
loss: 1.340113  [40960/100000]
loss: 1.217894  [43520/100000]
loss: 1.432559  [46080/100000]
loss: 1.530264  [48640/100000]
loss: 1.318179  [51200/100000]
loss: 1.616115  [53760/100000]
loss: 1.650191  [56320/100000]
loss: 1.446468  [58880/100000]
loss: 1.423301  [61440/100000]
loss: 1.565157  [64000/100000]
loss: 1.547746  [66560/100000]
loss: 1.434783  [69120/100000]
loss: 1.428141  [71680/100000]
loss: 1.629193  [74240/100000]
loss: 1.478303  [76800/100000]
loss: 1.548493  [79360/100000]
loss: 1.521100  [81920/100000]
loss: 1.354788  [84480/100000]
loss: 1.743093  [87040/100000]
loss: 1.573448  [89600/100000]
loss: 1.469183  [92160/100000]
loss: 1.597171  [94720/100000]
loss: 1.607306  [97280/100000]
loss: 1.783089  [62400/100000]
Epoch 48 finished in 121.45 seconds

Epoch 49
-------------------------------
loss: 1.587802  [    0/100000]
loss: 1.389712  [ 2560/100000]
loss: 1.488392  [ 5120/100000]
loss: 1.700825  [ 7680/100000]
loss: 1.758353  [10240/100000]
loss: 1.546159  [12800/100000]
loss: 1.693637  [15360/100000]
loss: 1.513765  [17920/100000]
loss: 1.364957  [20480/100000]
loss: 1.499545  [23040/100000]
loss: 1.642018  [25600/100000]
loss: 1.503742  [28160/100000]
loss: 1.525078  [30720/100000]
loss: 1.471443  [33280/100000]
loss: 1.460125  [35840/100000]
loss: 1.540854  [38400/100000]
loss: 1.777422  [40960/100000]
loss: 1.683280  [43520/100000]
loss: 1.529062  [46080/100000]
loss: 1.494185  [48640/100000]
loss: 1.422932  [51200/100000]
loss: 1.505181  [53760/100000]
loss: 1.436519  [56320/100000]
loss: 1.353714  [58880/100000]
loss: 1.429491  [61440/100000]
loss: 1.342258  [64000/100000]
loss: 1.547733  [66560/100000]
loss: 1.766778  [69120/100000]
loss: 1.517870  [71680/100000]
loss: 1.492581  [74240/100000]
loss: 1.459677  [76800/100000]
loss: 1.635847  [79360/100000]
loss: 1.700458  [81920/100000]
loss: 1.546045  [84480/100000]
loss: 1.589168  [87040/100000]
loss: 1.493041  [89600/100000]
loss: 1.482845  [92160/100000]
loss: 1.389853  [94720/100000]
loss: 1.721787  [97280/100000]
loss: 1.471353  [62400/100000]
Epoch 49 finished in 121.46 seconds

Epoch 50
-------------------------------
loss: 1.117038  [    0/100000]
loss: 1.497948  [ 2560/100000]
loss: 1.340648  [ 5120/100000]
loss: 1.349599  [ 7680/100000]
loss: 1.359957  [10240/100000]
loss: 1.477052  [12800/100000]
loss: 1.495222  [15360/100000]
loss: 1.382346  [17920/100000]
loss: 1.298004  [20480/100000]
loss: 1.362400  [23040/100000]
loss: 1.482790  [25600/100000]
loss: 1.500896  [28160/100000]
loss: 1.241550  [30720/100000]
loss: 1.409702  [33280/100000]
loss: 1.393426  [35840/100000]
loss: 1.415764  [38400/100000]
loss: 1.406432  [40960/100000]
loss: 1.433471  [43520/100000]
loss: 1.405782  [46080/100000]
loss: 1.467283  [48640/100000]
loss: 1.396075  [51200/100000]
loss: 1.379550  [53760/100000]
loss: 1.478701  [56320/100000]
loss: 1.462397  [58880/100000]
loss: 1.486225  [61440/100000]
loss: 1.335012  [64000/100000]
loss: 1.701723  [66560/100000]
loss: 1.382936  [69120/100000]
loss: 1.640671  [71680/100000]
loss: 1.610558  [74240/100000]
loss: 1.597052  [76800/100000]
loss: 1.408892  [79360/100000]
loss: 1.715199  [81920/100000]
loss: 1.516398  [84480/100000]
loss: 1.691334  [87040/100000]
loss: 1.435174  [89600/100000]
loss: 1.206342  [92160/100000]
loss: 1.558456  [94720/100000]
loss: 1.474534  [97280/100000]
loss: 1.643972  [62400/100000]
Epoch 50 finished in 121.39 seconds

Epoch 51
-------------------------------
loss: 1.387010  [    0/100000]
loss: 1.490556  [ 2560/100000]
loss: 1.472289  [ 5120/100000]
loss: 1.438296  [ 7680/100000]
loss: 1.319630  [10240/100000]
loss: 1.205094  [12800/100000]
loss: 1.362189  [15360/100000]
loss: 1.453243  [17920/100000]
loss: 1.326421  [20480/100000]
loss: 1.402557  [23040/100000]
loss: 1.644486  [25600/100000]
loss: 1.495814  [28160/100000]
loss: 1.593157  [30720/100000]
loss: 1.541801  [33280/100000]
loss: 1.259697  [35840/100000]
loss: 1.394683  [38400/100000]
loss: 1.429992  [40960/100000]
loss: 1.662698  [43520/100000]
loss: 1.486526  [46080/100000]
loss: 1.584809  [48640/100000]
loss: 1.333367  [51200/100000]
loss: 1.589072  [53760/100000]
loss: 1.513979  [56320/100000]
loss: 1.583725  [58880/100000]
loss: 1.501703  [61440/100000]
loss: 1.328038  [64000/100000]
loss: 1.309757  [66560/100000]
loss: 1.372350  [69120/100000]
loss: 1.550953  [71680/100000]
loss: 1.293373  [74240/100000]
loss: 1.436219  [76800/100000]
loss: 1.302268  [79360/100000]
loss: 1.459811  [81920/100000]
loss: 1.699663  [84480/100000]
loss: 1.414838  [87040/100000]
loss: 1.598676  [89600/100000]
loss: 1.352081  [92160/100000]
loss: 1.461380  [94720/100000]
loss: 1.481101  [97280/100000]
loss: 1.296543  [62400/100000]
Epoch 51 finished in 121.39 seconds

Epoch 52
-------------------------------
loss: 1.232603  [    0/100000]
loss: 1.140078  [ 2560/100000]
loss: 1.598298  [ 5120/100000]
loss: 1.454858  [ 7680/100000]
loss: 1.311347  [10240/100000]
loss: 1.121545  [12800/100000]
loss: 1.387083  [15360/100000]
loss: 1.267225  [17920/100000]
loss: 1.480075  [20480/100000]
loss: 1.472695  [23040/100000]
loss: 1.363071  [25600/100000]
loss: 1.322181  [28160/100000]
loss: 1.572502  [30720/100000]
loss: 1.484334  [33280/100000]
loss: 1.447734  [35840/100000]
loss: 1.577140  [38400/100000]
loss: 1.374860  [40960/100000]
loss: 1.439950  [43520/100000]
loss: 1.448241  [46080/100000]
loss: 1.515152  [48640/100000]
loss: 1.363018  [51200/100000]
loss: 1.505847  [53760/100000]
loss: 1.352706  [56320/100000]
loss: 1.510613  [58880/100000]
loss: 1.432206  [61440/100000]
loss: 1.571147  [64000/100000]
loss: 1.370101  [66560/100000]
loss: 1.329917  [69120/100000]
loss: 1.523267  [71680/100000]
loss: 1.360635  [74240/100000]
loss: 1.356712  [76800/100000]
loss: 1.257103  [79360/100000]
loss: 1.554058  [81920/100000]
loss: 1.446787  [84480/100000]
loss: 1.546155  [87040/100000]
loss: 1.203277  [89600/100000]
loss: 1.617205  [92160/100000]
loss: 1.431413  [94720/100000]
loss: 1.430452  [97280/100000]
loss: 1.517093  [62400/100000]
Epoch 52 finished in 121.41 seconds

Epoch 53
-------------------------------
loss: 1.235598  [    0/100000]
loss: 1.158307  [ 2560/100000]
loss: 1.287796  [ 5120/100000]
loss: 1.418150  [ 7680/100000]
loss: 1.408629  [10240/100000]
loss: 1.401558  [12800/100000]
loss: 1.570120  [15360/100000]
loss: 1.223077  [17920/100000]
loss: 1.334672  [20480/100000]
loss: 1.334851  [23040/100000]
loss: 1.372953  [25600/100000]
loss: 1.387186  [28160/100000]
loss: 1.278851  [30720/100000]
loss: 1.282140  [33280/100000]
loss: 1.517865  [35840/100000]
loss: 1.404064  [38400/100000]
loss: 1.269307  [40960/100000]
loss: 1.523965  [43520/100000]
loss: 1.358416  [46080/100000]
loss: 1.334767  [48640/100000]
loss: 1.641562  [51200/100000]
loss: 1.336916  [53760/100000]
loss: 1.230386  [56320/100000]
loss: 1.220286  [58880/100000]
loss: 1.714550  [61440/100000]
loss: 1.466534  [64000/100000]
loss: 1.354860  [66560/100000]
loss: 1.423256  [69120/100000]
loss: 1.163306  [71680/100000]
loss: 1.384866  [74240/100000]
loss: 1.241138  [76800/100000]
loss: 1.686568  [79360/100000]
loss: 1.404520  [81920/100000]
loss: 1.476057  [84480/100000]
loss: 1.642315  [87040/100000]
loss: 1.436968  [89600/100000]
loss: 1.514005  [92160/100000]
loss: 1.525889  [94720/100000]
loss: 1.362936  [97280/100000]
loss: 1.487848  [62400/100000]
Epoch 53 finished in 121.38 seconds

Epoch 54
-------------------------------
loss: 1.310489  [    0/100000]
loss: 1.184917  [ 2560/100000]
loss: 1.197334  [ 5120/100000]
loss: 1.519198  [ 7680/100000]
loss: 1.183361  [10240/100000]
loss: 1.309244  [12800/100000]
loss: 1.493111  [15360/100000]
loss: 1.424681  [17920/100000]
loss: 1.233694  [20480/100000]
loss: 1.485116  [23040/100000]
loss: 1.383161  [25600/100000]
loss: 1.403040  [28160/100000]
loss: 1.467322  [30720/100000]
loss: 1.308493  [33280/100000]
loss: 1.395610  [35840/100000]
loss: 1.415239  [38400/100000]
loss: 1.137527  [40960/100000]
loss: 1.435966  [43520/100000]
loss: 1.377994  [46080/100000]
loss: 1.478191  [48640/100000]
loss: 1.600700  [51200/100000]
loss: 1.391841  [53760/100000]
loss: 1.570859  [56320/100000]
loss: 1.316822  [58880/100000]
loss: 1.411395  [61440/100000]
loss: 1.367166  [64000/100000]
loss: 1.325794  [66560/100000]
loss: 1.400570  [69120/100000]
loss: 1.388525  [71680/100000]
loss: 1.628017  [74240/100000]
loss: 1.408991  [76800/100000]
loss: 1.444508  [79360/100000]
loss: 1.372299  [81920/100000]
loss: 1.496208  [84480/100000]
loss: 1.226113  [87040/100000]
loss: 1.398284  [89600/100000]
loss: 1.396759  [92160/100000]
loss: 1.505226  [94720/100000]
loss: 1.353174  [97280/100000]
loss: 1.284869  [62400/100000]
Epoch 54 finished in 121.44 seconds

Epoch 55
-------------------------------
loss: 1.317608  [    0/100000]
loss: 1.184073  [ 2560/100000]
loss: 1.316894  [ 5120/100000]
loss: 1.225263  [ 7680/100000]
loss: 1.206120  [10240/100000]
loss: 1.249308  [12800/100000]
loss: 1.397361  [15360/100000]
loss: 1.282192  [17920/100000]
loss: 1.211117  [20480/100000]
loss: 1.444397  [23040/100000]
loss: 1.272019  [25600/100000]
loss: 1.298794  [28160/100000]
loss: 1.227913  [30720/100000]
loss: 1.252512  [33280/100000]
loss: 1.250670  [35840/100000]
loss: 1.156067  [38400/100000]
loss: 1.128120  [40960/100000]
loss: 1.394829  [43520/100000]
loss: 1.184054  [46080/100000]
loss: 1.532288  [48640/100000]
loss: 1.146985  [51200/100000]
loss: 1.400055  [53760/100000]
loss: 1.460413  [56320/100000]
loss: 1.466253  [58880/100000]
loss: 1.747597  [61440/100000]
loss: 1.483203  [64000/100000]
loss: 1.347154  [66560/100000]
loss: 1.257010  [69120/100000]
loss: 1.396517  [71680/100000]
loss: 1.208709  [74240/100000]
loss: 1.371662  [76800/100000]
loss: 1.378109  [79360/100000]
loss: 1.277897  [81920/100000]
loss: 1.283319  [84480/100000]
loss: 1.377683  [87040/100000]
loss: 1.297607  [89600/100000]
loss: 1.320489  [92160/100000]
loss: 1.455561  [94720/100000]
loss: 1.325526  [97280/100000]
loss: 1.696700  [62400/100000]
Epoch 55 finished in 121.39 seconds

Epoch 56
-------------------------------
loss: 1.205211  [    0/100000]
loss: 1.218590  [ 2560/100000]
loss: 1.233316  [ 5120/100000]
loss: 1.062074  [ 7680/100000]
loss: 1.060602  [10240/100000]
loss: 1.169925  [12800/100000]
loss: 1.362097  [15360/100000]
loss: 1.324610  [17920/100000]
loss: 1.010836  [20480/100000]
loss: 1.273810  [23040/100000]
loss: 1.177865  [25600/100000]
loss: 1.208784  [28160/100000]
loss: 1.265872  [30720/100000]
loss: 1.459564  [33280/100000]
loss: 1.164304  [35840/100000]
loss: 1.256363  [38400/100000]
loss: 1.208675  [40960/100000]
loss: 1.486595  [43520/100000]
loss: 1.230913  [46080/100000]
loss: 1.464282  [48640/100000]
loss: 1.356858  [51200/100000]
loss: 1.217483  [53760/100000]
loss: 1.326055  [56320/100000]
loss: 1.122524  [58880/100000]
loss: 1.074339  [61440/100000]
loss: 1.346584  [64000/100000]
loss: 1.571741  [66560/100000]
loss: 1.307198  [69120/100000]
loss: 1.321863  [71680/100000]
loss: 1.216784  [74240/100000]
loss: 1.299205  [76800/100000]
loss: 1.197877  [79360/100000]
loss: 1.427675  [81920/100000]
loss: 1.650033  [84480/100000]
loss: 1.482505  [87040/100000]
loss: 1.328781  [89600/100000]
loss: 1.437319  [92160/100000]
loss: 1.229890  [94720/100000]
loss: 1.202450  [97280/100000]
loss: 1.339925  [62400/100000]
Epoch 56 finished in 121.62 seconds

Epoch 57
-------------------------------
loss: 1.005884  [    0/100000]
loss: 1.191514  [ 2560/100000]
loss: 1.265386  [ 5120/100000]
loss: 1.112916  [ 7680/100000]
loss: 1.034637  [10240/100000]
loss: 1.344742  [12800/100000]
loss: 1.028454  [15360/100000]
loss: 1.092261  [17920/100000]
loss: 1.246500  [20480/100000]
loss: 1.010659  [23040/100000]
loss: 1.405928  [25600/100000]
loss: 1.055192  [28160/100000]
loss: 1.342741  [30720/100000]
loss: 1.184862  [33280/100000]
loss: 1.382138  [35840/100000]
loss: 1.151244  [38400/100000]
loss: 1.341245  [40960/100000]
loss: 1.325190  [43520/100000]
loss: 1.410214  [46080/100000]
loss: 1.227808  [48640/100000]
loss: 1.141128  [51200/100000]
loss: 1.251963  [53760/100000]
loss: 1.083203  [56320/100000]
loss: 1.151885  [58880/100000]
loss: 1.217119  [61440/100000]
loss: 1.257694  [64000/100000]
loss: 1.328409  [66560/100000]
loss: 1.244091  [69120/100000]
loss: 1.272719  [71680/100000]
loss: 1.212994  [74240/100000]
loss: 1.244049  [76800/100000]
loss: 1.167573  [79360/100000]
loss: 1.239521  [81920/100000]
loss: 1.204463  [84480/100000]
loss: 1.427988  [87040/100000]
loss: 1.326679  [89600/100000]
loss: 1.114074  [92160/100000]
loss: 1.224287  [94720/100000]
loss: 1.430101  [97280/100000]
loss: 1.199607  [62400/100000]
Epoch 57 finished in 121.63 seconds

Epoch 58
-------------------------------
loss: 1.353672  [    0/100000]
loss: 1.213655  [ 2560/100000]
loss: 1.236388  [ 5120/100000]
loss: 1.024612  [ 7680/100000]
loss: 1.056312  [10240/100000]
loss: 1.255886  [12800/100000]
loss: 1.293924  [15360/100000]
loss: 1.297334  [17920/100000]
loss: 1.080149  [20480/100000]
loss: 1.226226  [23040/100000]
loss: 1.226608  [25600/100000]
loss: 0.937662  [28160/100000]
loss: 1.281411  [30720/100000]
loss: 1.136855  [33280/100000]
loss: 1.353218  [35840/100000]
loss: 1.343437  [38400/100000]
loss: 1.341603  [40960/100000]
loss: 1.177644  [43520/100000]
loss: 1.314521  [46080/100000]
loss: 1.206380  [48640/100000]
loss: 1.364213  [51200/100000]
loss: 1.128761  [53760/100000]
loss: 1.254090  [56320/100000]
loss: 1.198100  [58880/100000]
loss: 1.272486  [61440/100000]
loss: 1.196885  [64000/100000]
loss: 1.124411  [66560/100000]
loss: 1.167805  [69120/100000]
loss: 1.329110  [71680/100000]
loss: 1.327559  [74240/100000]
loss: 1.462007  [76800/100000]
loss: 1.116662  [79360/100000]
loss: 1.290366  [81920/100000]
loss: 1.320626  [84480/100000]
loss: 1.416050  [87040/100000]
loss: 1.268390  [89600/100000]
loss: 1.444431  [92160/100000]
loss: 1.330021  [94720/100000]
loss: 1.129851  [97280/100000]
loss: 1.308885  [62400/100000]
Epoch 58 finished in 121.46 seconds

Epoch 59
-------------------------------
loss: 1.292022  [    0/100000]
loss: 1.218459  [ 2560/100000]
loss: 0.949889  [ 5120/100000]
loss: 1.218629  [ 7680/100000]
loss: 1.233018  [10240/100000]
loss: 1.161529  [12800/100000]
loss: 1.215036  [15360/100000]
loss: 1.277836  [17920/100000]
loss: 0.935576  [20480/100000]
loss: 1.209232  [23040/100000]
loss: 1.271965  [25600/100000]
loss: 1.090627  [28160/100000]
loss: 0.995121  [30720/100000]
loss: 1.084116  [33280/100000]
loss: 1.341810  [35840/100000]
loss: 1.090188  [38400/100000]
loss: 1.260926  [40960/100000]
loss: 1.302368  [43520/100000]
loss: 1.176255  [46080/100000]
loss: 1.477657  [48640/100000]
loss: 1.140660  [51200/100000]
loss: 1.204592  [53760/100000]
loss: 1.434242  [56320/100000]
loss: 1.089102  [58880/100000]
loss: 1.199907  [61440/100000]
loss: 1.194247  [64000/100000]
loss: 1.349318  [66560/100000]
loss: 1.173285  [69120/100000]
loss: 1.363336  [71680/100000]
loss: 1.203456  [74240/100000]
loss: 1.098834  [76800/100000]
loss: 1.167497  [79360/100000]
loss: 1.290516  [81920/100000]
loss: 1.119411  [84480/100000]
loss: 1.039468  [87040/100000]
loss: 1.237957  [89600/100000]
loss: 1.258997  [92160/100000]
loss: 1.353841  [94720/100000]
loss: 1.399061  [97280/100000]
loss: 1.236760  [62400/100000]
Epoch 59 finished in 121.46 seconds

Epoch 60
-------------------------------
loss: 1.187622  [    0/100000]
loss: 1.248084  [ 2560/100000]
loss: 1.110425  [ 5120/100000]
loss: 1.019818  [ 7680/100000]
loss: 1.184088  [10240/100000]
loss: 1.081783  [12800/100000]
loss: 1.197514  [15360/100000]
loss: 1.050963  [17920/100000]
loss: 1.291854  [20480/100000]
loss: 1.087874  [23040/100000]
loss: 1.210864  [25600/100000]
loss: 1.078584  [28160/100000]
loss: 1.209060  [30720/100000]
loss: 1.338940  [33280/100000]
loss: 1.123705  [35840/100000]
loss: 1.116021  [38400/100000]
loss: 1.277668  [40960/100000]
loss: 1.216900  [43520/100000]
loss: 1.112094  [46080/100000]
loss: 1.280196  [48640/100000]
loss: 1.178447  [51200/100000]
loss: 1.186533  [53760/100000]
loss: 1.456042  [56320/100000]
loss: 1.311422  [58880/100000]
loss: 1.055503  [61440/100000]
loss: 1.200431  [64000/100000]
loss: 1.316183  [66560/100000]
loss: 1.107697  [69120/100000]
loss: 1.349921  [71680/100000]
loss: 1.177358  [74240/100000]
loss: 1.461507  [76800/100000]
loss: 1.190777  [79360/100000]
loss: 1.132991  [81920/100000]
loss: 1.333834  [84480/100000]
loss: 1.265526  [87040/100000]
loss: 1.106783  [89600/100000]
loss: 1.153608  [92160/100000]
loss: 1.275101  [94720/100000]
loss: 1.315617  [97280/100000]
loss: 1.244370  [62400/100000]
Epoch 60 finished in 121.45 seconds

Epoch 61
-------------------------------
loss: 1.195590  [    0/100000]
loss: 1.150231  [ 2560/100000]
loss: 1.023143  [ 5120/100000]
loss: 0.839833  [ 7680/100000]
loss: 1.219144  [10240/100000]
loss: 1.093703  [12800/100000]
loss: 1.156682  [15360/100000]
loss: 1.002282  [17920/100000]
loss: 1.062571  [20480/100000]
loss: 1.123827  [23040/100000]
loss: 1.079343  [25600/100000]
loss: 1.135638  [28160/100000]
loss: 1.191477  [30720/100000]
loss: 1.290082  [33280/100000]
loss: 1.053884  [35840/100000]
loss: 1.215466  [38400/100000]
loss: 1.278076  [40960/100000]
loss: 1.183702  [43520/100000]
loss: 1.066096  [46080/100000]
loss: 1.301942  [48640/100000]
loss: 1.162313  [51200/100000]
loss: 1.326317  [53760/100000]
loss: 1.236355  [56320/100000]
loss: 1.197225  [58880/100000]
loss: 1.226196  [61440/100000]
loss: 1.279381  [64000/100000]
loss: 1.193102  [66560/100000]
loss: 1.177072  [69120/100000]
loss: 1.254308  [71680/100000]
loss: 1.051460  [74240/100000]
loss: 1.431455  [76800/100000]
loss: 1.250174  [79360/100000]
loss: 1.169360  [81920/100000]
loss: 1.343870  [84480/100000]
loss: 1.121946  [87040/100000]
loss: 1.151763  [89600/100000]
loss: 1.413382  [92160/100000]
loss: 1.204887  [94720/100000]
loss: 1.247835  [97280/100000]
loss: 1.320626  [62400/100000]
Epoch 61 finished in 121.42 seconds

Epoch 62
-------------------------------
loss: 1.135371  [    0/100000]
loss: 0.893449  [ 2560/100000]
loss: 0.970892  [ 5120/100000]
loss: 1.130968  [ 7680/100000]
loss: 1.105576  [10240/100000]
loss: 1.061388  [12800/100000]
loss: 1.331275  [15360/100000]
loss: 1.050205  [17920/100000]
loss: 1.090772  [20480/100000]
loss: 1.260305  [23040/100000]
loss: 1.142755  [25600/100000]
loss: 1.101236  [28160/100000]
loss: 1.194746  [30720/100000]
loss: 1.102886  [33280/100000]
loss: 1.287658  [35840/100000]
loss: 1.125442  [38400/100000]
loss: 0.972397  [40960/100000]
loss: 1.080829  [43520/100000]
loss: 1.102578  [46080/100000]
loss: 1.041816  [48640/100000]
loss: 1.054784  [51200/100000]
loss: 1.222127  [53760/100000]
loss: 1.151544  [56320/100000]
loss: 1.241982  [58880/100000]
loss: 1.198984  [61440/100000]
loss: 1.083181  [64000/100000]
loss: 1.169629  [66560/100000]
loss: 1.267818  [69120/100000]
loss: 1.124595  [71680/100000]
loss: 1.249078  [74240/100000]
loss: 1.365082  [76800/100000]
loss: 1.247218  [79360/100000]
loss: 1.152700  [81920/100000]
loss: 1.267606  [84480/100000]
loss: 1.353249  [87040/100000]
loss: 1.250150  [89600/100000]
loss: 1.252038  [92160/100000]
loss: 1.254550  [94720/100000]
loss: 1.202197  [97280/100000]
loss: 1.095041  [62400/100000]
Epoch 62 finished in 121.45 seconds

Epoch 63
-------------------------------
loss: 1.022944  [    0/100000]
loss: 1.095832  [ 2560/100000]
loss: 1.072022  [ 5120/100000]
loss: 1.339097  [ 7680/100000]
loss: 0.986957  [10240/100000]
loss: 0.969764  [12800/100000]
loss: 1.134949  [15360/100000]
loss: 1.086300  [17920/100000]
loss: 1.166010  [20480/100000]
loss: 1.100832  [23040/100000]
loss: 1.183069  [25600/100000]
loss: 1.007280  [28160/100000]
loss: 1.307838  [30720/100000]
loss: 1.132650  [33280/100000]
loss: 1.114474  [35840/100000]
loss: 0.875009  [38400/100000]
loss: 1.004396  [40960/100000]
loss: 1.078748  [43520/100000]
loss: 1.281590  [46080/100000]
loss: 1.083249  [48640/100000]
loss: 1.062816  [51200/100000]
loss: 1.037117  [53760/100000]
loss: 1.274341  [56320/100000]
loss: 1.356386  [58880/100000]
loss: 1.163690  [61440/100000]
loss: 1.051142  [64000/100000]
loss: 1.134596  [66560/100000]
loss: 1.013849  [69120/100000]
loss: 1.443508  [71680/100000]
loss: 0.950193  [74240/100000]
loss: 1.187237  [76800/100000]
loss: 1.166297  [79360/100000]
loss: 1.245707  [81920/100000]
loss: 1.243112  [84480/100000]
loss: 1.268946  [87040/100000]
loss: 1.192585  [89600/100000]
loss: 1.111692  [92160/100000]
loss: 1.275465  [94720/100000]
loss: 1.234725  [97280/100000]
loss: 0.984994  [62400/100000]
Epoch 63 finished in 121.47 seconds

Epoch 64
-------------------------------
loss: 0.799606  [    0/100000]
loss: 1.161547  [ 2560/100000]
loss: 0.959828  [ 5120/100000]
loss: 1.154230  [ 7680/100000]
loss: 1.061046  [10240/100000]
loss: 1.084320  [12800/100000]
loss: 1.015753  [15360/100000]
loss: 1.242700  [17920/100000]
loss: 0.986898  [20480/100000]
loss: 1.060648  [23040/100000]
loss: 1.072364  [25600/100000]
loss: 1.208649  [28160/100000]
loss: 1.238292  [30720/100000]
loss: 1.130157  [33280/100000]
loss: 1.001730  [35840/100000]
loss: 1.029649  [38400/100000]
loss: 1.029971  [40960/100000]
loss: 1.213359  [43520/100000]
loss: 1.251603  [46080/100000]
loss: 1.212150  [48640/100000]
loss: 1.130758  [51200/100000]
loss: 1.012703  [53760/100000]
loss: 0.966268  [56320/100000]
loss: 0.994419  [58880/100000]
loss: 0.969327  [61440/100000]
loss: 1.020894  [64000/100000]
loss: 1.207004  [66560/100000]
loss: 1.024101  [69120/100000]
loss: 1.140153  [71680/100000]
loss: 1.201629  [74240/100000]
loss: 1.216272  [76800/100000]
loss: 1.255046  [79360/100000]
loss: 1.140818  [81920/100000]
loss: 1.060835  [84480/100000]
loss: 1.160793  [87040/100000]
loss: 1.096638  [89600/100000]
loss: 1.297078  [92160/100000]
loss: 1.100480  [94720/100000]
loss: 1.289863  [97280/100000]
loss: 1.083887  [62400/100000]
Epoch 64 finished in 121.49 seconds

Epoch 65
-------------------------------
loss: 0.869953  [    0/100000]
loss: 1.085280  [ 2560/100000]
loss: 0.953212  [ 5120/100000]
loss: 1.063816  [ 7680/100000]
loss: 1.014475  [10240/100000]
loss: 1.144247  [12800/100000]
loss: 1.197809  [15360/100000]
loss: 0.992328  [17920/100000]
loss: 1.012297  [20480/100000]
loss: 1.106316  [23040/100000]
loss: 0.963855  [25600/100000]
loss: 1.170758  [28160/100000]
loss: 1.111388  [30720/100000]
loss: 1.089886  [33280/100000]
loss: 1.254583  [35840/100000]
loss: 1.073278  [38400/100000]
loss: 1.062185  [40960/100000]
loss: 0.983207  [43520/100000]
loss: 1.133309  [46080/100000]
loss: 1.283594  [48640/100000]
loss: 1.268103  [51200/100000]
loss: 1.021255  [53760/100000]
loss: 1.081660  [56320/100000]
loss: 1.098070  [58880/100000]
loss: 1.089059  [61440/100000]
loss: 1.142176  [64000/100000]
loss: 1.262201  [66560/100000]
loss: 1.237565  [69120/100000]
loss: 1.357166  [71680/100000]
loss: 1.094419  [74240/100000]
loss: 1.140405  [76800/100000]
loss: 1.169508  [79360/100000]
loss: 1.122707  [81920/100000]
loss: 1.196803  [84480/100000]
loss: 1.342019  [87040/100000]
loss: 1.086503  [89600/100000]
loss: 1.042559  [92160/100000]
loss: 1.172086  [94720/100000]
loss: 1.470869  [97280/100000]
loss: 1.258746  [62400/100000]
Epoch 65 finished in 121.43 seconds

Epoch 66
-------------------------------
loss: 1.069214  [    0/100000]
loss: 1.127889  [ 2560/100000]
loss: 0.795209  [ 5120/100000]
loss: 1.124174  [ 7680/100000]
loss: 1.262268  [10240/100000]
loss: 0.977260  [12800/100000]
loss: 1.039644  [15360/100000]
loss: 0.981081  [17920/100000]
loss: 1.069788  [20480/100000]
loss: 0.902762  [23040/100000]
loss: 1.110129  [25600/100000]
loss: 0.915835  [28160/100000]
loss: 1.008669  [30720/100000]
loss: 0.913997  [33280/100000]
loss: 0.940443  [35840/100000]
loss: 0.889863  [38400/100000]
loss: 1.165109  [40960/100000]
loss: 1.099514  [43520/100000]
loss: 1.273661  [46080/100000]
loss: 1.000422  [48640/100000]
loss: 1.212136  [51200/100000]
loss: 1.202370  [53760/100000]
loss: 0.992161  [56320/100000]
loss: 0.977224  [58880/100000]
loss: 0.913136  [61440/100000]
loss: 1.170014  [64000/100000]
loss: 1.186308  [66560/100000]
loss: 1.113808  [69120/100000]
loss: 1.101743  [71680/100000]
loss: 1.138362  [74240/100000]
loss: 1.266620  [76800/100000]
loss: 1.000580  [79360/100000]
loss: 1.044095  [81920/100000]
loss: 0.953301  [84480/100000]
loss: 1.134957  [87040/100000]
loss: 1.190775  [89600/100000]
loss: 1.318782  [92160/100000]
loss: 1.080979  [94720/100000]
loss: 1.266337  [97280/100000]
loss: 1.293771  [62400/100000]
Epoch 66 finished in 121.67 seconds

Epoch 67
-------------------------------
loss: 1.241175  [    0/100000]
loss: 0.964967  [ 2560/100000]
loss: 1.275434  [ 5120/100000]
loss: 1.036731  [ 7680/100000]
loss: 0.984032  [10240/100000]
loss: 1.018063  [12800/100000]
loss: 0.926366  [15360/100000]
loss: 1.073438  [17920/100000]
loss: 0.976335  [20480/100000]
loss: 1.133893  [23040/100000]
loss: 1.098251  [25600/100000]
loss: 0.985650  [28160/100000]
loss: 0.886302  [30720/100000]
loss: 0.964915  [33280/100000]
loss: 1.059745  [35840/100000]
loss: 1.043833  [38400/100000]
loss: 1.262773  [40960/100000]
loss: 1.136520  [43520/100000]
loss: 1.209639  [46080/100000]
loss: 1.027167  [48640/100000]
loss: 1.154588  [51200/100000]
loss: 1.048127  [53760/100000]
loss: 1.010800  [56320/100000]
loss: 1.223150  [58880/100000]
loss: 0.934890  [61440/100000]
loss: 0.937101  [64000/100000]
loss: 1.146283  [66560/100000]
loss: 1.116826  [69120/100000]
loss: 1.002386  [71680/100000]
loss: 1.089503  [74240/100000]
loss: 0.975692  [76800/100000]
loss: 1.255596  [79360/100000]
loss: 1.325693  [81920/100000]
loss: 1.151299  [84480/100000]
loss: 1.130449  [87040/100000]
loss: 1.187048  [89600/100000]
loss: 1.002400  [92160/100000]
loss: 1.083919  [94720/100000]
loss: 1.214394  [97280/100000]
loss: 1.126582  [62400/100000]
Epoch 67 finished in 121.39 seconds

Epoch 68
-------------------------------
loss: 0.995167  [    0/100000]
loss: 1.007273  [ 2560/100000]
loss: 1.034903  [ 5120/100000]
loss: 0.974800  [ 7680/100000]
loss: 0.860020  [10240/100000]
loss: 1.019252  [12800/100000]
loss: 0.951067  [15360/100000]
loss: 1.194289  [17920/100000]
loss: 0.929943  [20480/100000]
loss: 1.097909  [23040/100000]
loss: 1.148687  [25600/100000]
loss: 1.114220  [28160/100000]
loss: 1.018627  [30720/100000]
loss: 0.996214  [33280/100000]
loss: 0.980268  [35840/100000]
loss: 0.975217  [38400/100000]
loss: 1.205149  [40960/100000]
loss: 1.179538  [43520/100000]
loss: 1.139297  [46080/100000]
loss: 1.208613  [48640/100000]
loss: 1.143278  [51200/100000]
loss: 1.075067  [53760/100000]
loss: 1.111799  [56320/100000]
loss: 1.094791  [58880/100000]
loss: 1.020591  [61440/100000]
loss: 0.947258  [64000/100000]
loss: 0.996158  [66560/100000]
loss: 1.164572  [69120/100000]
loss: 1.059531  [71680/100000]
loss: 1.268114  [74240/100000]
loss: 1.250155  [76800/100000]
loss: 0.881601  [79360/100000]
loss: 1.225960  [81920/100000]
loss: 0.908315  [84480/100000]
loss: 0.901511  [87040/100000]
loss: 1.070831  [89600/100000]
loss: 1.088633  [92160/100000]
loss: 1.124315  [94720/100000]
loss: 1.003898  [97280/100000]
loss: 1.321063  [62400/100000]
Epoch 68 finished in 121.61 seconds

Epoch 69
-------------------------------
loss: 1.049246  [    0/100000]
loss: 0.916473  [ 2560/100000]
loss: 1.041424  [ 5120/100000]
loss: 0.941863  [ 7680/100000]
loss: 1.113552  [10240/100000]
loss: 0.995714  [12800/100000]
loss: 0.930335  [15360/100000]
loss: 1.076450  [17920/100000]
loss: 0.934245  [20480/100000]
loss: 1.169696  [23040/100000]
loss: 1.030642  [25600/100000]
loss: 1.046014  [28160/100000]
loss: 1.117625  [30720/100000]
loss: 1.053335  [33280/100000]
loss: 0.993064  [35840/100000]
loss: 1.039581  [38400/100000]
loss: 1.024394  [40960/100000]
loss: 0.976798  [43520/100000]
loss: 1.222459  [46080/100000]
loss: 0.999492  [48640/100000]
loss: 1.016760  [51200/100000]
loss: 1.153014  [53760/100000]
loss: 0.869797  [56320/100000]
loss: 0.994439  [58880/100000]
loss: 1.317517  [61440/100000]
loss: 1.182148  [64000/100000]
loss: 1.049265  [66560/100000]
loss: 0.929462  [69120/100000]
loss: 1.081172  [71680/100000]
loss: 1.085012  [74240/100000]
loss: 1.011868  [76800/100000]
loss: 1.187798  [79360/100000]
loss: 1.014060  [81920/100000]
loss: 1.174071  [84480/100000]
loss: 0.948888  [87040/100000]
loss: 1.051373  [89600/100000]
loss: 1.016644  [92160/100000]
loss: 1.070123  [94720/100000]
loss: 1.258774  [97280/100000]
loss: 0.982995  [62400/100000]
Epoch 69 finished in 121.40 seconds

Epoch 70
-------------------------------
loss: 1.041223  [    0/100000]
loss: 0.704394  [ 2560/100000]
loss: 0.822842  [ 5120/100000]
loss: 1.069160  [ 7680/100000]
loss: 0.923090  [10240/100000]
loss: 0.859004  [12800/100000]
loss: 0.900490  [15360/100000]
loss: 0.975301  [17920/100000]
loss: 1.041449  [20480/100000]
loss: 0.988974  [23040/100000]
loss: 0.952759  [25600/100000]
loss: 0.917572  [28160/100000]
loss: 0.961488  [30720/100000]
loss: 1.171981  [33280/100000]
loss: 1.200730  [35840/100000]
loss: 0.987917  [38400/100000]
loss: 0.885379  [40960/100000]
loss: 1.116481  [43520/100000]
loss: 1.035720  [46080/100000]
loss: 1.085192  [48640/100000]
loss: 1.129992  [51200/100000]
loss: 1.250345  [53760/100000]
loss: 0.878622  [56320/100000]
loss: 1.009230  [58880/100000]
loss: 0.919479  [61440/100000]
loss: 1.006510  [64000/100000]
loss: 1.113360  [66560/100000]
loss: 0.971303  [69120/100000]
loss: 0.786944  [71680/100000]
loss: 1.104538  [74240/100000]
loss: 0.924125  [76800/100000]
loss: 0.908137  [79360/100000]
loss: 1.079096  [81920/100000]
loss: 1.157751  [84480/100000]
loss: 1.099638  [87040/100000]
loss: 1.006210  [89600/100000]
loss: 1.077615  [92160/100000]
loss: 0.989089  [94720/100000]
loss: 1.051877  [97280/100000]
loss: 1.016748  [62400/100000]
Epoch 70 finished in 121.39 seconds

Epoch 71
-------------------------------
loss: 0.923750  [    0/100000]
loss: 0.881190  [ 2560/100000]
loss: 0.830446  [ 5120/100000]
loss: 0.890917  [ 7680/100000]
loss: 0.878336  [10240/100000]
loss: 0.844725  [12800/100000]
loss: 1.022511  [15360/100000]
loss: 0.952069  [17920/100000]
loss: 0.949695  [20480/100000]
loss: 1.122369  [23040/100000]
loss: 1.225185  [25600/100000]
loss: 1.080788  [28160/100000]
loss: 0.825490  [30720/100000]
loss: 0.863907  [33280/100000]
loss: 0.978779  [35840/100000]
loss: 0.881790  [38400/100000]
loss: 0.977514  [40960/100000]
loss: 0.988314  [43520/100000]
loss: 0.926088  [46080/100000]
loss: 0.997999  [48640/100000]
loss: 0.880275  [51200/100000]
loss: 0.955942  [53760/100000]
loss: 0.895061  [56320/100000]
loss: 1.037642  [58880/100000]
loss: 1.085647  [61440/100000]
loss: 1.096934  [64000/100000]
loss: 1.100775  [66560/100000]
loss: 1.117085  [69120/100000]
loss: 1.108808  [71680/100000]
loss: 0.974280  [74240/100000]
loss: 1.062056  [76800/100000]
loss: 1.039461  [79360/100000]
loss: 1.079088  [81920/100000]
loss: 1.032355  [84480/100000]
loss: 0.981687  [87040/100000]
loss: 1.152021  [89600/100000]
loss: 1.207883  [92160/100000]
loss: 1.050523  [94720/100000]
loss: 1.162054  [97280/100000]
loss: 1.121223  [62400/100000]
Epoch 71 finished in 121.41 seconds

Epoch 72
-------------------------------
loss: 1.029543  [    0/100000]
loss: 0.977719  [ 2560/100000]
loss: 0.842977  [ 5120/100000]
loss: 0.834463  [ 7680/100000]
loss: 0.909142  [10240/100000]
loss: 0.935111  [12800/100000]
loss: 0.871237  [15360/100000]
loss: 1.026926  [17920/100000]
loss: 1.015867  [20480/100000]
loss: 0.911698  [23040/100000]
loss: 0.898577  [25600/100000]
loss: 0.926048  [28160/100000]
loss: 1.022156  [30720/100000]
loss: 1.025314  [33280/100000]
loss: 0.903703  [35840/100000]
loss: 0.889036  [38400/100000]
loss: 0.983203  [40960/100000]
loss: 0.916139  [43520/100000]
loss: 0.883161  [46080/100000]
loss: 0.937978  [48640/100000]
loss: 0.996169  [51200/100000]
loss: 0.853128  [53760/100000]
loss: 1.150656  [56320/100000]
loss: 1.011252  [58880/100000]
loss: 1.056887  [61440/100000]
loss: 0.955622  [64000/100000]
loss: 0.900562  [66560/100000]
loss: 1.101798  [69120/100000]
loss: 1.047773  [71680/100000]
loss: 1.041388  [74240/100000]
loss: 1.017935  [76800/100000]
loss: 0.966051  [79360/100000]
loss: 0.940948  [81920/100000]
loss: 1.016554  [84480/100000]
loss: 1.023632  [87040/100000]
loss: 1.194387  [89600/100000]
loss: 0.857903  [92160/100000]
loss: 0.991732  [94720/100000]
loss: 1.064552  [97280/100000]
loss: 1.024589  [62400/100000]
Epoch 72 finished in 121.57 seconds

Epoch 73
-------------------------------
loss: 0.855222  [    0/100000]
loss: 0.897709  [ 2560/100000]
loss: 0.922550  [ 5120/100000]
loss: 0.921028  [ 7680/100000]
loss: 0.935795  [10240/100000]
loss: 1.053738  [12800/100000]
loss: 0.953470  [15360/100000]
loss: 0.803070  [17920/100000]
loss: 0.904658  [20480/100000]
loss: 1.102752  [23040/100000]
loss: 0.907538  [25600/100000]
loss: 1.058335  [28160/100000]
loss: 1.010242  [30720/100000]
loss: 1.004156  [33280/100000]
loss: 0.858988  [35840/100000]
loss: 0.919308  [38400/100000]
loss: 0.933022  [40960/100000]
loss: 0.964394  [43520/100000]
loss: 0.824343  [46080/100000]
loss: 1.001952  [48640/100000]
loss: 0.917033  [51200/100000]
loss: 0.878723  [53760/100000]
loss: 0.902618  [56320/100000]
loss: 0.788112  [58880/100000]
loss: 0.981263  [61440/100000]
loss: 1.042176  [64000/100000]
loss: 0.882102  [66560/100000]
loss: 1.027946  [69120/100000]
loss: 1.258341  [71680/100000]
loss: 1.187313  [74240/100000]
loss: 0.930894  [76800/100000]
loss: 1.099726  [79360/100000]
loss: 0.814837  [81920/100000]
loss: 1.224941  [84480/100000]
loss: 0.980666  [87040/100000]
loss: 1.054121  [89600/100000]
loss: 1.066882  [92160/100000]
loss: 1.123094  [94720/100000]
loss: 1.046103  [97280/100000]
loss: 0.869597  [62400/100000]
Epoch 73 finished in 121.43 seconds

Epoch 74
-------------------------------
loss: 0.931656  [    0/100000]
loss: 0.814588  [ 2560/100000]
loss: 0.906666  [ 5120/100000]
loss: 0.994729  [ 7680/100000]
loss: 0.926785  [10240/100000]
loss: 0.754844  [12800/100000]
loss: 0.831740  [15360/100000]
loss: 0.919455  [17920/100000]
loss: 0.881309  [20480/100000]
loss: 0.959645  [23040/100000]
loss: 0.969842  [25600/100000]
loss: 1.021725  [28160/100000]
loss: 0.984584  [30720/100000]
loss: 0.830592  [33280/100000]
loss: 0.837710  [35840/100000]
loss: 0.827751  [38400/100000]
loss: 0.963724  [40960/100000]
loss: 0.887171  [43520/100000]
loss: 1.016474  [46080/100000]
loss: 1.052918  [48640/100000]
loss: 0.936170  [51200/100000]
loss: 0.980712  [53760/100000]
loss: 1.041551  [56320/100000]
loss: 0.902204  [58880/100000]
loss: 1.007160  [61440/100000]
loss: 1.122869  [64000/100000]
loss: 1.084941  [66560/100000]
loss: 0.834783  [69120/100000]
loss: 1.086636  [71680/100000]
loss: 0.796718  [74240/100000]
loss: 1.035190  [76800/100000]
loss: 1.050429  [79360/100000]
loss: 0.998185  [81920/100000]
loss: 1.073603  [84480/100000]
loss: 0.960522  [87040/100000]
loss: 0.919460  [89600/100000]
loss: 1.090991  [92160/100000]
loss: 0.925709  [94720/100000]
loss: 1.061836  [97280/100000]
loss: 0.980556  [62400/100000]
Epoch 74 finished in 121.35 seconds

Saved Loss Plot as loss_plot.png
Saved PyTorchModel State
Test Error: 
 Accuracy: 48.6%, Avg loss: 2.549508 

