nohup: ignoring input
Current Learning Rate: 0.01
Epoch 1
-------------------------------
loss: 17.175789  [    0/100000]
loss: 10.158628  [ 2560/100000]
loss: 7.492976  [ 5120/100000]
loss: 8.208445  [ 7680/100000]
loss: 7.493727  [10240/100000]
loss: 7.735816  [12800/100000]
loss: 7.214019  [15360/100000]
loss: 7.155014  [17920/100000]
loss: 7.195213  [20480/100000]
loss: 6.442137  [23040/100000]
loss: 7.162679  [25600/100000]
loss: 7.506035  [28160/100000]
loss: 6.350475  [30720/100000]
loss: 6.377946  [33280/100000]
loss: 7.747213  [35840/100000]
loss: 7.236488  [38400/100000]
loss: 7.504927  [40960/100000]
loss: 6.130096  [43520/100000]
loss: 6.628017  [46080/100000]
loss: 6.915191  [48640/100000]
loss: 5.959744  [51200/100000]
loss: 6.560383  [53760/100000]
loss: 6.617747  [56320/100000]
loss: 8.240211  [58880/100000]
loss: 6.623064  [61440/100000]
loss: 6.045604  [64000/100000]
loss: 6.232583  [66560/100000]
loss: 5.725553  [69120/100000]
loss: 6.658161  [71680/100000]
loss: 6.998555  [74240/100000]
loss: 6.689430  [76800/100000]
loss: 6.188950  [79360/100000]
loss: 6.011155  [81920/100000]
loss: 6.860058  [84480/100000]
loss: 5.994490  [87040/100000]
loss: 8.233912  [89600/100000]
loss: 6.312816  [92160/100000]
loss: 6.162883  [94720/100000]
loss: 7.178385  [97280/100000]
loss: 7.394359  [62400/100000]
Epoch 1 finished in 132.88 seconds

Current Learning Rate: 0.01
Epoch 2
-------------------------------
loss: 6.872713  [    0/100000]
loss: 6.280583  [ 2560/100000]
loss: 5.974296  [ 5120/100000]
loss: 5.892458  [ 7680/100000]
loss: 7.149415  [10240/100000]
loss: 6.910699  [12800/100000]
loss: 6.242583  [15360/100000]
loss: 6.757440  [17920/100000]
loss: 6.625500  [20480/100000]
loss: 5.869083  [23040/100000]
loss: 5.817070  [25600/100000]
loss: 6.057049  [28160/100000]
loss: 6.394026  [30720/100000]
loss: 5.604751  [33280/100000]
loss: 6.473267  [35840/100000]
loss: 5.529900  [38400/100000]
loss: 6.176270  [40960/100000]
loss: 6.987109  [43520/100000]
loss: 6.455506  [46080/100000]
loss: 6.648241  [48640/100000]
loss: 5.431204  [51200/100000]
loss: 5.507658  [53760/100000]
loss: 6.583509  [56320/100000]
loss: 6.845451  [58880/100000]
loss: 5.734868  [61440/100000]
loss: 6.385341  [64000/100000]
loss: 6.531904  [66560/100000]
loss: 6.842965  [69120/100000]
loss: 6.162262  [71680/100000]
loss: 6.751153  [74240/100000]
loss: 5.739595  [76800/100000]
loss: 6.078212  [79360/100000]
loss: 6.788002  [81920/100000]
loss: 6.006608  [84480/100000]
loss: 6.514862  [87040/100000]
loss: 6.440660  [89600/100000]
loss: 5.948466  [92160/100000]
loss: 7.070853  [94720/100000]
loss: 5.816626  [97280/100000]
loss: 5.721800  [62400/100000]
Epoch 2 finished in 132.46 seconds

Current Learning Rate: 0.01
Epoch 3
-------------------------------
loss: 5.904694  [    0/100000]
loss: 6.172098  [ 2560/100000]
loss: 6.377395  [ 5120/100000]
loss: 6.629754  [ 7680/100000]
loss: 6.893738  [10240/100000]
loss: 5.519830  [12800/100000]
loss: 5.531992  [15360/100000]
loss: 5.340216  [17920/100000]
loss: 6.090448  [20480/100000]
loss: 5.654442  [23040/100000]
loss: 5.987468  [25600/100000]
loss: 7.070281  [28160/100000]
loss: 6.337024  [30720/100000]
loss: 5.727662  [33280/100000]
loss: 5.960095  [35840/100000]
loss: 6.028766  [38400/100000]
loss: 6.762242  [40960/100000]
loss: 6.896318  [43520/100000]
loss: 6.366329  [46080/100000]
loss: 5.938490  [48640/100000]
loss: 6.177423  [51200/100000]
loss: 5.993125  [53760/100000]
loss: 6.522263  [56320/100000]
loss: 6.358319  [58880/100000]
loss: 5.765584  [61440/100000]
loss: 6.198716  [64000/100000]
loss: 5.730676  [66560/100000]
loss: 7.000908  [69120/100000]
loss: 6.276690  [71680/100000]
loss: 5.920167  [74240/100000]
loss: 6.511422  [76800/100000]
loss: 6.544844  [79360/100000]
loss: 6.296687  [81920/100000]
loss: 6.506872  [84480/100000]
loss: 6.816075  [87040/100000]
loss: 5.805913  [89600/100000]
loss: 6.016077  [92160/100000]
loss: 6.521567  [94720/100000]
loss: 5.782453  [97280/100000]
loss: 6.430002  [62400/100000]
Epoch 3 finished in 132.46 seconds

Current Learning Rate: 0.01
Epoch 4
-------------------------------
loss: 5.952582  [    0/100000]
loss: 6.034026  [ 2560/100000]
loss: 5.576038  [ 5120/100000]
loss: 5.605384  [ 7680/100000]
loss: 6.357777  [10240/100000]
loss: 5.684081  [12800/100000]
loss: 6.285418  [15360/100000]
loss: 6.224889  [17920/100000]
loss: 5.481600  [20480/100000]
loss: 5.849790  [23040/100000]
loss: 5.271962  [25600/100000]
loss: 6.151093  [28160/100000]
loss: 6.160245  [30720/100000]
loss: 6.322027  [33280/100000]
loss: 5.990370  [35840/100000]
loss: 5.874776  [38400/100000]
loss: 5.875324  [40960/100000]
loss: 5.672374  [43520/100000]
loss: 6.324277  [46080/100000]
loss: 5.310047  [48640/100000]
loss: 5.837671  [51200/100000]
loss: 5.420813  [53760/100000]
loss: 5.661980  [56320/100000]
loss: 6.441911  [58880/100000]
loss: 6.904148  [61440/100000]
loss: 7.284537  [64000/100000]
loss: 5.990901  [66560/100000]
loss: 6.237206  [69120/100000]
loss: 5.555490  [71680/100000]
loss: 6.543798  [74240/100000]
loss: 6.040379  [76800/100000]
loss: 5.987442  [79360/100000]
loss: 5.844323  [81920/100000]
loss: 5.953525  [84480/100000]
loss: 5.971483  [87040/100000]
loss: 5.785572  [89600/100000]
loss: 5.602818  [92160/100000]
loss: 6.049529  [94720/100000]
loss: 6.528525  [97280/100000]
loss: 6.244083  [62400/100000]
Epoch 4 finished in 132.58 seconds

Current Learning Rate: 0.01
Epoch 5
-------------------------------
loss: 5.420497  [    0/100000]
loss: 6.268190  [ 2560/100000]
loss: 6.578237  [ 5120/100000]
loss: 5.667630  [ 7680/100000]
loss: 5.369054  [10240/100000]
loss: 6.009892  [12800/100000]
loss: 7.026531  [15360/100000]
loss: 6.389940  [17920/100000]
loss: 5.913426  [20480/100000]
loss: 5.609174  [23040/100000]
loss: 5.667585  [25600/100000]
loss: 5.645998  [28160/100000]
loss: 6.504840  [30720/100000]
loss: 5.694608  [33280/100000]
loss: 5.927298  [35840/100000]
loss: 6.269873  [38400/100000]
loss: 5.571477  [40960/100000]
loss: 6.283886  [43520/100000]
loss: 5.890689  [46080/100000]
loss: 6.333476  [48640/100000]
loss: 5.804118  [51200/100000]
loss: 5.863502  [53760/100000]
loss: 6.028492  [56320/100000]
loss: 5.896921  [58880/100000]
loss: 5.563687  [61440/100000]
loss: 5.873226  [64000/100000]
loss: 6.000474  [66560/100000]
loss: 6.079777  [69120/100000]
loss: 5.846622  [71680/100000]
loss: 5.677275  [74240/100000]
loss: 5.906826  [76800/100000]
loss: 5.811471  [79360/100000]
loss: 6.078748  [81920/100000]
loss: 6.205629  [84480/100000]
loss: 5.947415  [87040/100000]
loss: 5.626518  [89600/100000]
loss: 6.113242  [92160/100000]
loss: 5.956769  [94720/100000]
loss: 6.773014  [97280/100000]
loss: 6.133254  [62400/100000]
Epoch 5 finished in 132.58 seconds

Test Error: 
 Accuracy: 1.1%, Avg loss: 6.536292 

==> New Best Accuracy: 1.08%! Model Saved.
Current Learning Rate: 0.01
Epoch 6
-------------------------------
loss: 6.017118  [    0/100000]
loss: 6.044339  [ 2560/100000]
loss: 6.465898  [ 5120/100000]
loss: 5.287467  [ 7680/100000]
loss: 6.129310  [10240/100000]
loss: 5.953115  [12800/100000]
loss: 5.790298  [15360/100000]
loss: 6.164539  [17920/100000]
loss: 6.093668  [20480/100000]
loss: 5.663065  [23040/100000]
loss: 5.833000  [25600/100000]
loss: 5.571605  [28160/100000]
loss: 6.218599  [30720/100000]
loss: 5.824823  [33280/100000]
loss: 6.209104  [35840/100000]
loss: 5.758928  [38400/100000]
loss: 6.026713  [40960/100000]
loss: 5.258530  [43520/100000]
loss: 5.833585  [46080/100000]
loss: 5.183558  [48640/100000]
loss: 5.609057  [51200/100000]
loss: 5.485277  [53760/100000]
loss: 5.516686  [56320/100000]
loss: 5.922982  [58880/100000]
loss: 5.520735  [61440/100000]
loss: 5.872237  [64000/100000]
loss: 5.841806  [66560/100000]
loss: 6.258121  [69120/100000]
loss: 5.596139  [71680/100000]
loss: 5.794537  [74240/100000]
loss: 5.258239  [76800/100000]
loss: 5.812414  [79360/100000]
loss: 5.572426  [81920/100000]
loss: 6.188062  [84480/100000]
loss: 5.226077  [87040/100000]
loss: 5.207774  [89600/100000]
loss: 5.919471  [92160/100000]
loss: 6.031395  [94720/100000]
loss: 5.648942  [97280/100000]
loss: 5.915073  [62400/100000]
Epoch 6 finished in 132.33 seconds

Current Learning Rate: 0.01
Epoch 7
-------------------------------
loss: 5.974844  [    0/100000]
loss: 5.523502  [ 2560/100000]
loss: 5.133230  [ 5120/100000]
loss: 5.113482  [ 7680/100000]
loss: 5.547238  [10240/100000]
loss: 6.151045  [12800/100000]
loss: 5.099044  [15360/100000]
loss: 5.582213  [17920/100000]
loss: 5.863150  [20480/100000]
loss: 5.645452  [23040/100000]
loss: 5.881055  [25600/100000]
loss: 5.589627  [28160/100000]
loss: 5.979799  [30720/100000]
loss: 5.571453  [33280/100000]
loss: 5.150382  [35840/100000]
loss: 5.403575  [38400/100000]
loss: 5.136488  [40960/100000]
loss: 5.562078  [43520/100000]
loss: 5.886598  [46080/100000]
loss: 5.664979  [48640/100000]
loss: 6.020215  [51200/100000]
loss: 5.961506  [53760/100000]
loss: 5.452769  [56320/100000]
loss: 5.442124  [58880/100000]
loss: 5.223772  [61440/100000]
loss: 5.677109  [64000/100000]
loss: 6.817379  [66560/100000]
loss: 5.568973  [69120/100000]
loss: 6.029331  [71680/100000]
loss: 5.422321  [74240/100000]
loss: 5.733803  [76800/100000]
loss: 5.282147  [79360/100000]
loss: 5.673113  [81920/100000]
loss: 5.540585  [84480/100000]
loss: 6.145730  [87040/100000]
loss: 6.063065  [89600/100000]
loss: 6.516266  [92160/100000]
loss: 5.250311  [94720/100000]
loss: 5.814803  [97280/100000]
loss: 6.827751  [62400/100000]
Epoch 7 finished in 132.40 seconds

Current Learning Rate: 0.01
Epoch 8
-------------------------------
loss: 5.962275  [    0/100000]
loss: 5.155795  [ 2560/100000]
loss: 5.446516  [ 5120/100000]
loss: 5.952734  [ 7680/100000]
loss: 5.775817  [10240/100000]
loss: 5.943049  [12800/100000]
loss: 5.863277  [15360/100000]
loss: 5.236356  [17920/100000]
loss: 5.354983  [20480/100000]
loss: 5.978593  [23040/100000]
loss: 6.138052  [25600/100000]
loss: 6.096735  [28160/100000]
loss: 6.150200  [30720/100000]
loss: 5.757165  [33280/100000]
loss: 5.714768  [35840/100000]
loss: 5.508675  [38400/100000]
loss: 5.709988  [40960/100000]
loss: 5.889257  [43520/100000]
loss: 6.218713  [46080/100000]
loss: 5.658980  [48640/100000]
loss: 5.877749  [51200/100000]
loss: 5.549362  [53760/100000]
loss: 5.802476  [56320/100000]
loss: 5.871030  [58880/100000]
loss: 5.489291  [61440/100000]
loss: 5.974455  [64000/100000]
loss: 5.659477  [66560/100000]
loss: 5.494059  [69120/100000]
loss: 6.019066  [71680/100000]
loss: 5.344260  [74240/100000]
loss: 5.960750  [76800/100000]
loss: 5.706594  [79360/100000]
loss: 5.763737  [81920/100000]
loss: 5.667239  [84480/100000]
loss: 6.210197  [87040/100000]
loss: 5.208290  [89600/100000]
loss: 5.436294  [92160/100000]
loss: 5.595177  [94720/100000]
loss: 5.827061  [97280/100000]
loss: 5.223654  [62400/100000]
Epoch 8 finished in 132.40 seconds

Current Learning Rate: 0.01
Epoch 9
-------------------------------
loss: 5.614889  [    0/100000]
loss: 5.084322  [ 2560/100000]
loss: 5.763457  [ 5120/100000]
loss: 5.848403  [ 7680/100000]
loss: 5.912910  [10240/100000]
loss: 5.774335  [12800/100000]
loss: 5.068748  [15360/100000]
loss: 5.396910  [17920/100000]
loss: 5.424343  [20480/100000]
loss: 5.074628  [23040/100000]
loss: 5.386876  [25600/100000]
loss: 5.581838  [28160/100000]
loss: 5.194215  [30720/100000]
loss: 5.517582  [33280/100000]
loss: 5.429900  [35840/100000]
loss: 5.682670  [38400/100000]
loss: 5.605182  [40960/100000]
loss: 5.400776  [43520/100000]
loss: 6.206050  [46080/100000]
loss: 5.504911  [48640/100000]
loss: 6.339609  [51200/100000]
loss: 6.149526  [53760/100000]
loss: 5.649461  [56320/100000]
loss: 5.663505  [58880/100000]
loss: 5.558075  [61440/100000]
loss: 5.757092  [64000/100000]
loss: 5.968191  [66560/100000]
loss: 5.489589  [69120/100000]
loss: 5.433742  [71680/100000]
loss: 5.543214  [74240/100000]
loss: 5.287170  [76800/100000]
loss: 5.102145  [79360/100000]
loss: 5.219542  [81920/100000]
loss: 5.218361  [84480/100000]
loss: 5.255949  [87040/100000]
loss: 6.104871  [89600/100000]
loss: 5.595255  [92160/100000]
loss: 5.490705  [94720/100000]
loss: 5.716025  [97280/100000]
loss: 5.274665  [62400/100000]
Epoch 9 finished in 132.50 seconds

Current Learning Rate: 0.01
Epoch 10
-------------------------------
loss: 5.718158  [    0/100000]
loss: 5.264500  [ 2560/100000]
loss: 5.047858  [ 5120/100000]
loss: 5.575568  [ 7680/100000]
loss: 5.371427  [10240/100000]
loss: 5.589624  [12800/100000]
loss: 5.380752  [15360/100000]
loss: 5.851468  [17920/100000]
loss: 5.379196  [20480/100000]
loss: 5.418174  [23040/100000]
loss: 5.489763  [25600/100000]
loss: 5.278282  [28160/100000]
loss: 5.284084  [30720/100000]
loss: 5.540696  [33280/100000]
loss: 5.145919  [35840/100000]
loss: 5.687334  [38400/100000]
loss: 5.430404  [40960/100000]
loss: 5.703026  [43520/100000]
loss: 5.038824  [46080/100000]
loss: 5.648532  [48640/100000]
loss: 5.384669  [51200/100000]
loss: 5.612742  [53760/100000]
loss: 5.797495  [56320/100000]
loss: 5.629004  [58880/100000]
loss: 6.030072  [61440/100000]
loss: 5.760403  [64000/100000]
loss: 5.886843  [66560/100000]
loss: 5.104983  [69120/100000]
loss: 5.082836  [71680/100000]
loss: 5.631480  [74240/100000]
loss: 5.218837  [76800/100000]
loss: 5.469852  [79360/100000]
loss: 5.738345  [81920/100000]
loss: 5.153076  [84480/100000]
loss: 5.321764  [87040/100000]
loss: 5.879234  [89600/100000]
loss: 5.250830  [92160/100000]
loss: 5.581591  [94720/100000]
loss: 5.443115  [97280/100000]
loss: 5.806962  [62400/100000]
Epoch 10 finished in 132.77 seconds

Test Error: 
 Accuracy: 2.0%, Avg loss: 5.070085 

==> New Best Accuracy: 1.99%! Model Saved.
Current Learning Rate: 0.01
Epoch 11
-------------------------------
loss: 5.080729  [    0/100000]
loss: 5.472147  [ 2560/100000]
loss: 5.640677  [ 5120/100000]
loss: 5.431986  [ 7680/100000]
loss: 5.404168  [10240/100000]
loss: 5.652399  [12800/100000]
loss: 5.707018  [15360/100000]
loss: 5.581001  [17920/100000]
loss: 5.328964  [20480/100000]
loss: 5.595254  [23040/100000]
loss: 5.317737  [25600/100000]
loss: 5.567250  [28160/100000]
loss: 5.811132  [30720/100000]
loss: 5.224722  [33280/100000]
loss: 5.530005  [35840/100000]
loss: 5.224164  [38400/100000]
loss: 5.469441  [40960/100000]
loss: 5.174939  [43520/100000]
loss: 5.577577  [46080/100000]
loss: 5.845420  [48640/100000]
loss: 5.069468  [51200/100000]
loss: 5.473341  [53760/100000]
loss: 5.408084  [56320/100000]
loss: 5.160749  [58880/100000]
loss: 5.436835  [61440/100000]
loss: 5.165444  [64000/100000]
loss: 5.247828  [66560/100000]
loss: 5.688049  [69120/100000]
loss: 5.507780  [71680/100000]
loss: 5.245266  [74240/100000]
loss: 5.046459  [76800/100000]
loss: 5.173140  [79360/100000]
loss: 5.495237  [81920/100000]
loss: 5.305142  [84480/100000]
loss: 5.629229  [87040/100000]
loss: 5.716107  [89600/100000]
loss: 5.461739  [92160/100000]
loss: 5.269729  [94720/100000]
loss: 5.608599  [97280/100000]
loss: 5.689193  [62400/100000]
Epoch 11 finished in 132.70 seconds

Current Learning Rate: 0.01
Epoch 12
-------------------------------
loss: 5.208527  [    0/100000]
loss: 5.238512  [ 2560/100000]
loss: 5.525733  [ 5120/100000]
loss: 5.279521  [ 7680/100000]
loss: 5.513054  [10240/100000]
loss: 5.525698  [12800/100000]
loss: 5.263229  [15360/100000]
loss: 5.838397  [17920/100000]
loss: 5.074038  [20480/100000]
loss: 5.582882  [23040/100000]
loss: 5.507189  [25600/100000]
loss: 5.224050  [28160/100000]
loss: 5.429369  [30720/100000]
loss: 5.871212  [33280/100000]
loss: 5.511490  [35840/100000]
loss: 5.444015  [38400/100000]
loss: 5.689192  [40960/100000]
loss: 5.217030  [43520/100000]
loss: 5.588643  [46080/100000]
loss: 5.276175  [48640/100000]
loss: 5.176092  [51200/100000]
loss: 5.183271  [53760/100000]
loss: 5.395494  [56320/100000]
loss: 5.431874  [58880/100000]
loss: 5.867561  [61440/100000]
loss: 5.127041  [64000/100000]
loss: 5.310186  [66560/100000]
loss: 5.275339  [69120/100000]
loss: 5.215281  [71680/100000]
loss: 5.273630  [74240/100000]
loss: 5.002772  [76800/100000]
loss: 5.602981  [79360/100000]
loss: 4.966879  [81920/100000]
loss: 5.524671  [84480/100000]
loss: 5.002419  [87040/100000]
loss: 5.507232  [89600/100000]
loss: 5.409050  [92160/100000]
loss: 5.255466  [94720/100000]
loss: 5.084827  [97280/100000]
loss: 5.383313  [62400/100000]
Epoch 12 finished in 132.53 seconds

Current Learning Rate: 0.01
Epoch 13
-------------------------------
loss: 5.374103  [    0/100000]
loss: 5.354772  [ 2560/100000]
loss: 5.020278  [ 5120/100000]
loss: 5.152899  [ 7680/100000]
loss: 5.148498  [10240/100000]
loss: 5.419417  [12800/100000]
loss: 5.034281  [15360/100000]
loss: 5.545808  [17920/100000]
loss: 5.189509  [20480/100000]
loss: 5.280353  [23040/100000]
loss: 5.493619  [25600/100000]
loss: 5.049120  [28160/100000]
loss: 5.719604  [30720/100000]
loss: 5.471606  [33280/100000]
loss: 4.884816  [35840/100000]
loss: 5.057932  [38400/100000]
loss: 5.105639  [40960/100000]
loss: 5.121577  [43520/100000]
loss: 5.321855  [46080/100000]
loss: 5.062383  [48640/100000]
loss: 5.239202  [51200/100000]
loss: 4.861150  [53760/100000]
loss: 5.295501  [56320/100000]
loss: 5.007984  [58880/100000]
loss: 5.487336  [61440/100000]
loss: 5.482217  [64000/100000]
loss: 5.254406  [66560/100000]
loss: 5.408821  [69120/100000]
loss: 5.161407  [71680/100000]
loss: 5.525830  [74240/100000]
loss: 5.182042  [76800/100000]
loss: 5.390162  [79360/100000]
loss: 5.419881  [81920/100000]
loss: 5.293988  [84480/100000]
loss: 5.385812  [87040/100000]
loss: 5.091790  [89600/100000]
loss: 4.883880  [92160/100000]
loss: 5.107777  [94720/100000]
loss: 5.083336  [97280/100000]
loss: 5.799769  [62400/100000]
Epoch 13 finished in 132.62 seconds

Current Learning Rate: 0.01
Epoch 14
-------------------------------
loss: 5.044003  [    0/100000]
loss: 5.249576  [ 2560/100000]
loss: 5.802503  [ 5120/100000]
loss: 5.392340  [ 7680/100000]
loss: 4.887645  [10240/100000]
loss: 5.436508  [12800/100000]
loss: 5.120881  [15360/100000]
loss: 5.360157  [17920/100000]
loss: 4.979678  [20480/100000]
loss: 5.005057  [23040/100000]
loss: 5.290319  [25600/100000]
loss: 5.471464  [28160/100000]
loss: 5.359726  [30720/100000]
loss: 5.012706  [33280/100000]
loss: 5.164005  [35840/100000]
loss: 4.818172  [38400/100000]
loss: 4.976545  [40960/100000]
loss: 5.206730  [43520/100000]
loss: 4.950983  [46080/100000]
loss: 5.257740  [48640/100000]
loss: 5.192114  [51200/100000]
loss: 5.071750  [53760/100000]
loss: 5.738879  [56320/100000]
loss: 5.168084  [58880/100000]
loss: 4.904737  [61440/100000]
loss: 4.807601  [64000/100000]
loss: 5.091003  [66560/100000]
loss: 5.302746  [69120/100000]
loss: 5.071877  [71680/100000]
loss: 5.356630  [74240/100000]
loss: 5.351781  [76800/100000]
loss: 5.586831  [79360/100000]
loss: 5.351396  [81920/100000]
loss: 4.954443  [84480/100000]
loss: 4.888898  [87040/100000]
loss: 5.126119  [89600/100000]
loss: 5.397501  [92160/100000]
loss: 4.919315  [94720/100000]
loss: 5.013703  [97280/100000]
loss: 5.570704  [62400/100000]
Epoch 14 finished in 132.57 seconds

Current Learning Rate: 0.01
Epoch 15
-------------------------------
loss: 5.239086  [    0/100000]
loss: 5.309690  [ 2560/100000]
loss: 5.127423  [ 5120/100000]
loss: 5.137326  [ 7680/100000]
loss: 4.755459  [10240/100000]
loss: 5.510760  [12800/100000]
loss: 4.988674  [15360/100000]
loss: 4.808485  [17920/100000]
loss: 5.320806  [20480/100000]
loss: 5.051162  [23040/100000]
loss: 4.899597  [25600/100000]
loss: 4.921331  [28160/100000]
loss: 5.440588  [30720/100000]
loss: 5.290503  [33280/100000]
loss: 5.081348  [35840/100000]
loss: 5.079214  [38400/100000]
loss: 5.058347  [40960/100000]
loss: 5.418266  [43520/100000]
loss: 5.299328  [46080/100000]
loss: 5.178454  [48640/100000]
loss: 4.793601  [51200/100000]
loss: 4.955108  [53760/100000]
loss: 5.207870  [56320/100000]
loss: 4.826358  [58880/100000]
loss: 5.112306  [61440/100000]
loss: 4.858262  [64000/100000]
loss: 5.069627  [66560/100000]
loss: 4.776853  [69120/100000]
loss: 4.811512  [71680/100000]
loss: 5.021111  [74240/100000]
loss: 4.859690  [76800/100000]
loss: 5.243534  [79360/100000]
loss: 5.322759  [81920/100000]
loss: 4.932412  [84480/100000]
loss: 4.998350  [87040/100000]
loss: 4.919805  [89600/100000]
loss: 5.013215  [92160/100000]
loss: 4.721361  [94720/100000]
loss: 5.117881  [97280/100000]
loss: 4.737277  [62400/100000]
Epoch 15 finished in 132.70 seconds

Test Error: 
 Accuracy: 4.5%, Avg loss: 6.144023 

==> New Best Accuracy: 4.45%! Model Saved.
Current Learning Rate: 0.01
Epoch 16
-------------------------------
loss: 5.134604  [    0/100000]
loss: 4.850004  [ 2560/100000]
loss: 4.821950  [ 5120/100000]
loss: 4.963336  [ 7680/100000]
loss: 4.619984  [10240/100000]
loss: 5.104198  [12800/100000]
loss: 5.127655  [15360/100000]
loss: 4.779757  [17920/100000]
loss: 5.032544  [20480/100000]
loss: 5.056300  [23040/100000]
loss: 5.189726  [25600/100000]
loss: 4.928742  [28160/100000]
loss: 5.323297  [30720/100000]
loss: 5.053889  [33280/100000]
loss: 4.650599  [35840/100000]
loss: 4.870835  [38400/100000]
loss: 5.005679  [40960/100000]
loss: 4.821325  [43520/100000]
loss: 4.944762  [46080/100000]
loss: 4.952640  [48640/100000]
loss: 4.899233  [51200/100000]
loss: 5.307211  [53760/100000]
loss: 5.307008  [56320/100000]
loss: 4.794962  [58880/100000]
loss: 4.841244  [61440/100000]
loss: 4.702050  [64000/100000]
loss: 5.444568  [66560/100000]
loss: 5.011576  [69120/100000]
loss: 4.715728  [71680/100000]
loss: 4.739146  [74240/100000]
loss: 4.983510  [76800/100000]
loss: 5.421277  [79360/100000]
loss: 5.096060  [81920/100000]
loss: 5.208942  [84480/100000]
loss: 5.113274  [87040/100000]
loss: 5.082216  [89600/100000]
loss: 4.923151  [92160/100000]
loss: 4.874853  [94720/100000]
loss: 4.982379  [97280/100000]
loss: 4.847249  [62400/100000]
Epoch 16 finished in 132.75 seconds

Current Learning Rate: 0.01
Epoch 17
-------------------------------
loss: 4.953102  [    0/100000]
loss: 5.024695  [ 2560/100000]
loss: 4.603610  [ 5120/100000]
loss: 5.102682  [ 7680/100000]
loss: 4.917468  [10240/100000]
loss: 5.028913  [12800/100000]
loss: 5.272127  [15360/100000]
loss: 4.847112  [17920/100000]
loss: 4.664339  [20480/100000]
loss: 5.007561  [23040/100000]
loss: 4.719475  [25600/100000]
loss: 4.853224  [28160/100000]
loss: 5.009613  [30720/100000]
loss: 4.842520  [33280/100000]
loss: 4.662546  [35840/100000]
loss: 4.978241  [38400/100000]
loss: 4.983200  [40960/100000]
loss: 4.889306  [43520/100000]
loss: 5.158466  [46080/100000]
loss: 5.039505  [48640/100000]
loss: 4.710933  [51200/100000]
loss: 5.147676  [53760/100000]
loss: 5.051741  [56320/100000]
loss: 4.947963  [58880/100000]
loss: 4.973746  [61440/100000]
loss: 4.847594  [64000/100000]
loss: 4.783429  [66560/100000]
loss: 5.170312  [69120/100000]
loss: 4.694001  [71680/100000]
loss: 5.056959  [74240/100000]
loss: 4.905951  [76800/100000]
loss: 4.834345  [79360/100000]
loss: 4.557011  [81920/100000]
loss: 5.209148  [84480/100000]
loss: 4.843849  [87040/100000]
loss: 5.074487  [89600/100000]
loss: 5.019343  [92160/100000]
loss: 4.741438  [94720/100000]
loss: 5.097827  [97280/100000]
loss: 5.066119  [62400/100000]
Epoch 17 finished in 132.72 seconds

Current Learning Rate: 0.01
Epoch 18
-------------------------------
loss: 4.711964  [    0/100000]
loss: 4.585861  [ 2560/100000]
loss: 4.568577  [ 5120/100000]
loss: 4.920715  [ 7680/100000]
loss: 4.781944  [10240/100000]
loss: 4.665711  [12800/100000]
loss: 4.761393  [15360/100000]
loss: 4.730888  [17920/100000]
loss: 4.578290  [20480/100000]
loss: 4.870236  [23040/100000]
loss: 4.644614  [25600/100000]
loss: 4.522827  [28160/100000]
loss: 4.677022  [30720/100000]
loss: 4.947484  [33280/100000]
loss: 4.890167  [35840/100000]
loss: 4.886282  [38400/100000]
loss: 4.955479  [40960/100000]
loss: 4.789013  [43520/100000]
loss: 5.050611  [46080/100000]
loss: 4.945330  [48640/100000]
loss: 4.676008  [51200/100000]
loss: 4.543649  [53760/100000]
loss: 4.578853  [56320/100000]
loss: 4.659564  [58880/100000]
loss: 4.523475  [61440/100000]
loss: 4.591059  [64000/100000]
loss: 4.705268  [66560/100000]
loss: 4.766725  [69120/100000]
loss: 4.576433  [71680/100000]
loss: 4.997330  [74240/100000]
loss: 4.703739  [76800/100000]
loss: 4.899052  [79360/100000]
loss: 4.591827  [81920/100000]
loss: 4.658179  [84480/100000]
loss: 4.787686  [87040/100000]
loss: 4.568832  [89600/100000]
loss: 4.843750  [92160/100000]
loss: 4.563025  [94720/100000]
loss: 4.704206  [97280/100000]
loss: 4.787003  [62400/100000]
Epoch 18 finished in 132.71 seconds

Current Learning Rate: 0.01
Epoch 19
-------------------------------
loss: 4.663897  [    0/100000]
loss: 4.887620  [ 2560/100000]
loss: 4.895947  [ 5120/100000]
loss: 4.544446  [ 7680/100000]
loss: 4.758678  [10240/100000]
loss: 4.616522  [12800/100000]
loss: 4.868157  [15360/100000]
loss: 4.716347  [17920/100000]
loss: 4.715777  [20480/100000]
loss: 4.527449  [23040/100000]
loss: 4.847626  [25600/100000]
loss: 5.044598  [28160/100000]
loss: 4.734330  [30720/100000]
loss: 4.899794  [33280/100000]
loss: 4.638954  [35840/100000]
loss: 4.764506  [38400/100000]
loss: 4.603884  [40960/100000]
loss: 4.377285  [43520/100000]
loss: 4.838835  [46080/100000]
loss: 4.810310  [48640/100000]
loss: 4.701741  [51200/100000]
loss: 4.956036  [53760/100000]
loss: 4.843369  [56320/100000]
loss: 4.715036  [58880/100000]
loss: 4.621071  [61440/100000]
loss: 4.708329  [64000/100000]
loss: 4.766268  [66560/100000]
loss: 5.081023  [69120/100000]
loss: 4.665376  [71680/100000]
loss: 4.973599  [74240/100000]
loss: 4.792323  [76800/100000]
loss: 4.507366  [79360/100000]
loss: 4.609065  [81920/100000]
loss: 4.697248  [84480/100000]
loss: 4.627898  [87040/100000]
loss: 4.712454  [89600/100000]
loss: 4.479910  [92160/100000]
loss: 4.512903  [94720/100000]
loss: 4.814536  [97280/100000]
loss: 4.547236  [62400/100000]
Epoch 19 finished in 132.69 seconds

Current Learning Rate: 0.01
Epoch 20
-------------------------------
loss: 4.528163  [    0/100000]
loss: 4.793171  [ 2560/100000]
loss: 4.690364  [ 5120/100000]
loss: 4.530813  [ 7680/100000]
loss: 4.667588  [10240/100000]
loss: 4.712936  [12800/100000]
loss: 4.437770  [15360/100000]
loss: 4.560479  [17920/100000]
loss: 4.504768  [20480/100000]
loss: 4.241467  [23040/100000]
loss: 4.467935  [25600/100000]
loss: 4.623430  [28160/100000]
loss: 4.673088  [30720/100000]
loss: 4.633903  [33280/100000]
loss: 4.415822  [35840/100000]
loss: 4.546020  [38400/100000]
loss: 4.334791  [40960/100000]
loss: 4.653504  [43520/100000]
loss: 4.394698  [46080/100000]
loss: 4.622375  [48640/100000]
loss: 4.721346  [51200/100000]
loss: 4.454033  [53760/100000]
loss: 4.289125  [56320/100000]
loss: 4.740814  [58880/100000]
loss: 4.742302  [61440/100000]
loss: 4.480828  [64000/100000]
loss: 4.300866  [66560/100000]
loss: 4.454465  [69120/100000]
loss: 4.293220  [71680/100000]
loss: 4.256417  [74240/100000]
loss: 4.542681  [76800/100000]
loss: 4.365715  [79360/100000]
loss: 4.606089  [81920/100000]
loss: 4.546944  [84480/100000]
loss: 4.430751  [87040/100000]
loss: 4.227585  [89600/100000]
loss: 4.413017  [92160/100000]
loss: 4.583025  [94720/100000]
loss: 4.557498  [97280/100000]
loss: 4.175489  [62400/100000]
Epoch 20 finished in 132.63 seconds

Test Error: 
 Accuracy: 8.3%, Avg loss: 4.742765 

==> New Best Accuracy: 8.34%! Model Saved.
Current Learning Rate: 0.01
Epoch 21
-------------------------------
loss: 4.279904  [    0/100000]
loss: 4.310349  [ 2560/100000]
loss: 4.357174  [ 5120/100000]
loss: 4.769717  [ 7680/100000]
loss: 4.309708  [10240/100000]
loss: 4.520979  [12800/100000]
loss: 4.372618  [15360/100000]
loss: 4.297408  [17920/100000]
loss: 4.212650  [20480/100000]
loss: 4.119047  [23040/100000]
loss: 4.289398  [25600/100000]
loss: 4.182168  [28160/100000]
loss: 4.230282  [30720/100000]
loss: 4.226302  [33280/100000]
loss: 4.255286  [35840/100000]
loss: 4.173237  [38400/100000]
loss: 4.302304  [40960/100000]
loss: 4.585681  [43520/100000]
loss: 4.548339  [46080/100000]
loss: 4.690802  [48640/100000]
loss: 4.185884  [51200/100000]
loss: 4.292238  [53760/100000]
loss: 4.677158  [56320/100000]
loss: 4.553446  [58880/100000]
loss: 4.228360  [61440/100000]
loss: 4.233282  [64000/100000]
loss: 4.212118  [66560/100000]
loss: 4.466461  [69120/100000]
loss: 4.256689  [71680/100000]
loss: 4.129573  [74240/100000]
loss: 4.476412  [76800/100000]
loss: 4.393982  [79360/100000]
loss: 4.341469  [81920/100000]
loss: 4.526499  [84480/100000]
loss: 4.687311  [87040/100000]
loss: 4.533969  [89600/100000]
loss: 4.761367  [92160/100000]
loss: 4.440363  [94720/100000]
loss: 4.188716  [97280/100000]
loss: 4.702382  [62400/100000]
Epoch 21 finished in 132.83 seconds

Current Learning Rate: 0.01
Epoch 22
-------------------------------
loss: 4.284570  [    0/100000]
loss: 4.625926  [ 2560/100000]
loss: 4.231464  [ 5120/100000]
loss: 4.191307  [ 7680/100000]
loss: 3.990463  [10240/100000]
loss: 4.441482  [12800/100000]
loss: 4.407308  [15360/100000]
loss: 4.201675  [17920/100000]
loss: 4.153884  [20480/100000]
loss: 4.386866  [23040/100000]
loss: 4.722923  [25600/100000]
loss: 4.109956  [28160/100000]
loss: 4.207242  [30720/100000]
loss: 4.090581  [33280/100000]
loss: 4.195845  [35840/100000]
loss: 3.953060  [38400/100000]
loss: 4.164574  [40960/100000]
loss: 4.105206  [43520/100000]
loss: 4.318562  [46080/100000]
loss: 4.220526  [48640/100000]
loss: 4.162974  [51200/100000]
loss: 4.031824  [53760/100000]
loss: 4.136223  [56320/100000]
loss: 3.967208  [58880/100000]
loss: 3.910074  [61440/100000]
loss: 4.198588  [64000/100000]
loss: 4.263423  [66560/100000]
loss: 4.175470  [69120/100000]
loss: 4.216367  [71680/100000]
loss: 4.200014  [74240/100000]
loss: 4.276302  [76800/100000]
loss: 4.016189  [79360/100000]
loss: 4.231441  [81920/100000]
loss: 4.166724  [84480/100000]
loss: 3.998114  [87040/100000]
loss: 4.118711  [89600/100000]
loss: 4.210397  [92160/100000]
loss: 4.333753  [94720/100000]
loss: 4.222086  [97280/100000]
loss: 3.844237  [62400/100000]
Epoch 22 finished in 132.74 seconds

Current Learning Rate: 0.01
Epoch 23
-------------------------------
loss: 3.940582  [    0/100000]
loss: 4.009076  [ 2560/100000]
loss: 4.442524  [ 5120/100000]
loss: 3.872344  [ 7680/100000]
loss: 4.144434  [10240/100000]
loss: 4.215853  [12800/100000]
loss: 4.169373  [15360/100000]
loss: 4.015144  [17920/100000]
loss: 4.185611  [20480/100000]
loss: 4.198972  [23040/100000]
loss: 4.059119  [25600/100000]
loss: 3.876055  [28160/100000]
loss: 3.717748  [30720/100000]
loss: 4.056372  [33280/100000]
loss: 4.162265  [35840/100000]
loss: 4.055754  [38400/100000]
loss: 3.804513  [40960/100000]
loss: 3.893607  [43520/100000]
loss: 4.169655  [46080/100000]
loss: 4.151593  [48640/100000]
loss: 4.086114  [51200/100000]
loss: 4.046438  [53760/100000]
loss: 4.363739  [56320/100000]
loss: 4.077772  [58880/100000]
loss: 4.244086  [61440/100000]
loss: 4.055363  [64000/100000]
loss: 3.979717  [66560/100000]
loss: 3.836052  [69120/100000]
loss: 3.932754  [71680/100000]
loss: 4.146826  [74240/100000]
loss: 4.142585  [76800/100000]
loss: 3.978507  [79360/100000]
loss: 3.843055  [81920/100000]
loss: 4.008479  [84480/100000]
loss: 4.047365  [87040/100000]
loss: 4.081760  [89600/100000]
loss: 4.098737  [92160/100000]
loss: 4.152197  [94720/100000]
loss: 4.027226  [97280/100000]
loss: 4.170848  [62400/100000]
Epoch 23 finished in 132.71 seconds

Current Learning Rate: 0.01
Epoch 24
-------------------------------
loss: 3.835773  [    0/100000]
loss: 3.962376  [ 2560/100000]
loss: 3.983856  [ 5120/100000]
loss: 3.903993  [ 7680/100000]
loss: 3.906386  [10240/100000]
loss: 4.104897  [12800/100000]
loss: 3.863102  [15360/100000]
loss: 3.890985  [17920/100000]
loss: 4.019087  [20480/100000]
loss: 3.811055  [23040/100000]
loss: 3.844643  [25600/100000]
loss: 3.980476  [28160/100000]
loss: 3.894232  [30720/100000]
loss: 4.026278  [33280/100000]
loss: 4.105736  [35840/100000]
loss: 3.915153  [38400/100000]
loss: 4.027085  [40960/100000]
loss: 3.750988  [43520/100000]
loss: 3.960422  [46080/100000]
loss: 3.982571  [48640/100000]
loss: 3.968100  [51200/100000]
loss: 3.747234  [53760/100000]
loss: 4.025681  [56320/100000]
loss: 3.747629  [58880/100000]
loss: 4.194149  [61440/100000]
loss: 3.875470  [64000/100000]
loss: 3.935284  [66560/100000]
loss: 3.758749  [69120/100000]
loss: 3.827369  [71680/100000]
loss: 3.980800  [74240/100000]
loss: 3.820265  [76800/100000]
loss: 3.852565  [79360/100000]
loss: 3.871890  [81920/100000]
loss: 3.773880  [84480/100000]
loss: 3.673437  [87040/100000]
loss: 3.707198  [89600/100000]
loss: 3.841045  [92160/100000]
loss: 3.556640  [94720/100000]
loss: 3.757346  [97280/100000]
loss: 3.828262  [62400/100000]
Epoch 24 finished in 132.83 seconds

Current Learning Rate: 0.01
Epoch 25
-------------------------------
loss: 3.814742  [    0/100000]
loss: 3.561064  [ 2560/100000]
loss: 3.669492  [ 5120/100000]
loss: 3.926917  [ 7680/100000]
loss: 3.831381  [10240/100000]
loss: 3.983283  [12800/100000]
loss: 3.839321  [15360/100000]
loss: 3.724183  [17920/100000]
loss: 3.975540  [20480/100000]
loss: 3.966691  [23040/100000]
loss: 3.680069  [25600/100000]
loss: 3.966838  [28160/100000]
loss: 3.981173  [30720/100000]
loss: 3.659665  [33280/100000]
loss: 3.842052  [35840/100000]
loss: 3.884451  [38400/100000]
loss: 3.930293  [40960/100000]
loss: 3.673880  [43520/100000]
loss: 3.816008  [46080/100000]
loss: 3.981642  [48640/100000]
loss: 3.625200  [51200/100000]
loss: 3.897635  [53760/100000]
loss: 3.762484  [56320/100000]
loss: 3.759236  [58880/100000]
loss: 3.760578  [61440/100000]
loss: 3.702072  [64000/100000]
loss: 3.850303  [66560/100000]
loss: 3.758174  [69120/100000]
loss: 4.023063  [71680/100000]
loss: 3.690866  [74240/100000]
loss: 3.886962  [76800/100000]
loss: 3.940306  [79360/100000]
loss: 3.562914  [81920/100000]
loss: 3.479357  [84480/100000]
loss: 3.572479  [87040/100000]
loss: 3.713148  [89600/100000]
loss: 3.875897  [92160/100000]
loss: 3.706384  [94720/100000]
loss: 3.842739  [97280/100000]
loss: 3.888629  [62400/100000]
Epoch 25 finished in 132.73 seconds

Test Error: 
 Accuracy: 18.5%, Avg loss: 3.807286 

==> New Best Accuracy: 18.52%! Model Saved.
Current Learning Rate: 0.01
Epoch 26
-------------------------------
loss: 3.924347  [    0/100000]
loss: 3.394629  [ 2560/100000]
loss: 3.761849  [ 5120/100000]
loss: 3.500327  [ 7680/100000]
loss: 3.813707  [10240/100000]
loss: 3.770436  [12800/100000]
loss: 3.838106  [15360/100000]
loss: 3.678960  [17920/100000]
loss: 3.739172  [20480/100000]
loss: 3.647047  [23040/100000]
loss: 3.749747  [25600/100000]
loss: 3.560070  [28160/100000]
loss: 3.715915  [30720/100000]
loss: 3.843660  [33280/100000]
loss: 3.757093  [35840/100000]
loss: 3.663962  [38400/100000]
loss: 3.704505  [40960/100000]
loss: 3.391124  [43520/100000]
loss: 3.613529  [46080/100000]
loss: 3.711632  [48640/100000]
loss: 3.657521  [51200/100000]
loss: 3.691257  [53760/100000]
loss: 3.808973  [56320/100000]
loss: 3.842598  [58880/100000]
loss: 3.754014  [61440/100000]
loss: 3.773854  [64000/100000]
loss: 3.920596  [66560/100000]
loss: 3.502594  [69120/100000]
loss: 3.433588  [71680/100000]
loss: 3.657035  [74240/100000]
loss: 3.770817  [76800/100000]
loss: 3.521919  [79360/100000]
loss: 3.745953  [81920/100000]
loss: 3.710569  [84480/100000]
loss: 3.400140  [87040/100000]
loss: 3.430591  [89600/100000]
loss: 3.533667  [92160/100000]
loss: 3.614239  [94720/100000]
loss: 3.939091  [97280/100000]
loss: 3.526244  [62400/100000]
Epoch 26 finished in 132.64 seconds

Current Learning Rate: 0.01
Epoch 27
-------------------------------
loss: 3.511944  [    0/100000]
loss: 3.456657  [ 2560/100000]
loss: 3.422200  [ 5120/100000]
loss: 3.561366  [ 7680/100000]
loss: 3.645517  [10240/100000]
loss: 3.461577  [12800/100000]
loss: 3.706654  [15360/100000]
loss: 3.490177  [17920/100000]
loss: 3.470527  [20480/100000]
loss: 3.734342  [23040/100000]
loss: 3.561532  [25600/100000]
loss: 3.603493  [28160/100000]
loss: 3.451786  [30720/100000]
loss: 3.596431  [33280/100000]
loss: 3.524130  [35840/100000]
loss: 3.492093  [38400/100000]
loss: 3.353714  [40960/100000]
loss: 3.448767  [43520/100000]
loss: 3.554738  [46080/100000]
loss: 3.435033  [48640/100000]
loss: 3.653571  [51200/100000]
loss: 3.567669  [53760/100000]
loss: 3.545451  [56320/100000]
loss: 3.348343  [58880/100000]
loss: 3.685127  [61440/100000]
loss: 3.253655  [64000/100000]
loss: 3.679885  [66560/100000]
loss: 3.397812  [69120/100000]
loss: 3.546701  [71680/100000]
loss: 3.763831  [74240/100000]
loss: 3.420429  [76800/100000]
loss: 3.415051  [79360/100000]
loss: 3.550427  [81920/100000]
loss: 3.448342  [84480/100000]
loss: 3.492313  [87040/100000]
loss: 3.552370  [89600/100000]
loss: 3.587813  [92160/100000]
loss: 3.426211  [94720/100000]
loss: 3.475820  [97280/100000]
loss: 3.438890  [62400/100000]
Epoch 27 finished in 132.67 seconds

Current Learning Rate: 0.01
Epoch 28
-------------------------------
loss: 3.408016  [    0/100000]
loss: 3.371757  [ 2560/100000]
loss: 3.370545  [ 5120/100000]
loss: 3.553806  [ 7680/100000]
loss: 3.409026  [10240/100000]
loss: 3.402871  [12800/100000]
loss: 3.208383  [15360/100000]
loss: 3.419233  [17920/100000]
loss: 3.662200  [20480/100000]
loss: 3.192899  [23040/100000]
loss: 3.188000  [25600/100000]
loss: 3.537426  [28160/100000]
loss: 3.450866  [30720/100000]
loss: 3.451928  [33280/100000]
loss: 3.318481  [35840/100000]
loss: 3.585330  [38400/100000]
loss: 3.680358  [40960/100000]
loss: 3.438486  [43520/100000]
loss: 3.224352  [46080/100000]
loss: 3.724193  [48640/100000]
loss: 3.607483  [51200/100000]
loss: 3.335263  [53760/100000]
loss: 3.453743  [56320/100000]
loss: 3.320559  [58880/100000]
loss: 3.519024  [61440/100000]
loss: 3.553136  [64000/100000]
loss: 3.258471  [66560/100000]
loss: 3.385757  [69120/100000]
loss: 3.583135  [71680/100000]
loss: 3.295996  [74240/100000]
loss: 3.667368  [76800/100000]
loss: 3.416224  [79360/100000]
loss: 3.479756  [81920/100000]
loss: 3.442853  [84480/100000]
loss: 3.458001  [87040/100000]
loss: 3.330461  [89600/100000]
loss: 3.418682  [92160/100000]
loss: 3.157656  [94720/100000]
loss: 3.208002  [97280/100000]
loss: 3.419709  [62400/100000]
Epoch 28 finished in 132.57 seconds

Current Learning Rate: 0.01
Epoch 29
-------------------------------
loss: 3.449718  [    0/100000]
loss: 3.094361  [ 2560/100000]
loss: 3.340364  [ 5120/100000]
loss: 3.219569  [ 7680/100000]
loss: 3.360307  [10240/100000]
loss: 3.350351  [12800/100000]
loss: 3.233039  [15360/100000]
loss: 3.356363  [17920/100000]
loss: 3.545784  [20480/100000]
loss: 3.254825  [23040/100000]
loss: 3.246087  [25600/100000]
loss: 3.201537  [28160/100000]
loss: 3.504764  [30720/100000]
loss: 3.664360  [33280/100000]
loss: 2.959558  [35840/100000]
loss: 3.390889  [38400/100000]
loss: 3.322287  [40960/100000]
loss: 3.385937  [43520/100000]
loss: 3.234386  [46080/100000]
loss: 3.477977  [48640/100000]
loss: 3.314197  [51200/100000]
loss: 3.522708  [53760/100000]
loss: 3.215578  [56320/100000]
loss: 3.608487  [58880/100000]
loss: 3.548119  [61440/100000]
loss: 3.296343  [64000/100000]
loss: 3.474893  [66560/100000]
loss: 3.266621  [69120/100000]
loss: 3.227883  [71680/100000]
loss: 3.451747  [74240/100000]
loss: 3.248482  [76800/100000]
loss: 3.533518  [79360/100000]
loss: 3.324760  [81920/100000]
loss: 3.360422  [84480/100000]
loss: 3.525194  [87040/100000]
loss: 3.489093  [89600/100000]
loss: 3.208496  [92160/100000]
loss: 3.247957  [94720/100000]
loss: 3.048635  [97280/100000]
loss: 3.311624  [62400/100000]
Epoch 29 finished in 132.68 seconds

Current Learning Rate: 0.01
Epoch 30
-------------------------------
loss: 3.429490  [    0/100000]
loss: 3.090736  [ 2560/100000]
loss: 3.232890  [ 5120/100000]
loss: 3.102882  [ 7680/100000]
loss: 3.167027  [10240/100000]
loss: 3.144327  [12800/100000]
loss: 3.183041  [15360/100000]
loss: 3.012762  [17920/100000]
loss: 3.251134  [20480/100000]
loss: 3.232777  [23040/100000]
loss: 3.232398  [25600/100000]
loss: 3.194249  [28160/100000]
loss: 3.464829  [30720/100000]
loss: 3.483905  [33280/100000]
loss: 3.402249  [35840/100000]
loss: 3.181777  [38400/100000]
loss: 3.252250  [40960/100000]
loss: 3.206100  [43520/100000]
loss: 3.354548  [46080/100000]
loss: 3.104884  [48640/100000]
loss: 2.991132  [51200/100000]
loss: 3.207187  [53760/100000]
loss: 3.196820  [56320/100000]
loss: 3.223917  [58880/100000]
loss: 3.406482  [61440/100000]
loss: 3.330024  [64000/100000]
loss: 3.290564  [66560/100000]
loss: 3.107575  [69120/100000]
loss: 3.251884  [71680/100000]
loss: 3.208971  [74240/100000]
loss: 3.184425  [76800/100000]
loss: 3.415387  [79360/100000]
loss: 3.432990  [81920/100000]
loss: 3.295093  [84480/100000]
loss: 2.983839  [87040/100000]
loss: 3.061077  [89600/100000]
loss: 3.303838  [92160/100000]
loss: 3.059809  [94720/100000]
loss: 3.186008  [97280/100000]
loss: 3.212030  [62400/100000]
Epoch 30 finished in 132.69 seconds

Test Error: 
 Accuracy: 26.1%, Avg loss: 3.335922 

==> New Best Accuracy: 26.10%! Model Saved.
Current Learning Rate: 0.001
Epoch 31
-------------------------------
loss: 3.280664  [    0/100000]
loss: 3.096748  [ 2560/100000]
loss: 2.972999  [ 5120/100000]
loss: 3.079640  [ 7680/100000]
loss: 2.874128  [10240/100000]
loss: 3.002526  [12800/100000]
loss: 3.165226  [15360/100000]
loss: 2.939218  [17920/100000]
loss: 3.064361  [20480/100000]
loss: 3.062304  [23040/100000]
loss: 2.940783  [25600/100000]
loss: 2.844561  [28160/100000]
loss: 3.112649  [30720/100000]
loss: 3.274450  [33280/100000]
loss: 3.003534  [35840/100000]
loss: 3.014757  [38400/100000]
loss: 2.880834  [40960/100000]
loss: 2.758731  [43520/100000]
loss: 3.009080  [46080/100000]
loss: 2.729258  [48640/100000]
loss: 2.956789  [51200/100000]
loss: 3.006744  [53760/100000]
loss: 2.882946  [56320/100000]
loss: 2.935159  [58880/100000]
loss: 2.980403  [61440/100000]
loss: 3.006569  [64000/100000]
loss: 2.747650  [66560/100000]
loss: 2.878364  [69120/100000]
loss: 2.896655  [71680/100000]
loss: 2.760643  [74240/100000]
loss: 3.110411  [76800/100000]
loss: 3.039829  [79360/100000]
loss: 3.001855  [81920/100000]
loss: 3.012818  [84480/100000]
loss: 2.756436  [87040/100000]
loss: 3.161729  [89600/100000]
loss: 2.985060  [92160/100000]
loss: 2.954992  [94720/100000]
loss: 3.130115  [97280/100000]
loss: 2.950294  [62400/100000]
Epoch 31 finished in 132.68 seconds

Current Learning Rate: 0.001
Epoch 32
-------------------------------
loss: 3.051507  [    0/100000]
loss: 2.914925  [ 2560/100000]
loss: 2.829398  [ 5120/100000]
loss: 2.901094  [ 7680/100000]
loss: 2.905701  [10240/100000]
loss: 2.789113  [12800/100000]
loss: 2.867293  [15360/100000]
loss: 2.875786  [17920/100000]
loss: 3.011061  [20480/100000]
loss: 2.779551  [23040/100000]
loss: 2.901569  [25600/100000]
loss: 2.899940  [28160/100000]
loss: 2.882523  [30720/100000]
loss: 3.105213  [33280/100000]
loss: 2.861540  [35840/100000]
loss: 2.906459  [38400/100000]
loss: 2.578330  [40960/100000]
loss: 3.073281  [43520/100000]
loss: 2.625546  [46080/100000]
loss: 2.914729  [48640/100000]
loss: 2.988412  [51200/100000]
loss: 3.010792  [53760/100000]
loss: 2.828712  [56320/100000]
loss: 3.022250  [58880/100000]
loss: 2.991060  [61440/100000]
loss: 2.953276  [64000/100000]
loss: 2.905709  [66560/100000]
loss: 2.961195  [69120/100000]
loss: 2.863818  [71680/100000]
loss: 2.932326  [74240/100000]
loss: 3.151840  [76800/100000]
loss: 2.699519  [79360/100000]
loss: 2.961240  [81920/100000]
loss: 3.049398  [84480/100000]
loss: 3.067357  [87040/100000]
loss: 2.872489  [89600/100000]
loss: 2.925761  [92160/100000]
loss: 2.855602  [94720/100000]
loss: 2.932781  [97280/100000]
loss: 3.249557  [62400/100000]
Epoch 32 finished in 132.75 seconds

Current Learning Rate: 0.001
Epoch 33
-------------------------------
loss: 2.876462  [    0/100000]
loss: 2.989021  [ 2560/100000]
loss: 3.049697  [ 5120/100000]
loss: 2.893063  [ 7680/100000]
loss: 2.786657  [10240/100000]
loss: 2.962587  [12800/100000]
loss: 3.010216  [15360/100000]
loss: 2.767065  [17920/100000]
loss: 2.823642  [20480/100000]
loss: 2.939082  [23040/100000]
loss: 2.999862  [25600/100000]
loss: 2.938266  [28160/100000]
loss: 2.936085  [30720/100000]
loss: 3.066267  [33280/100000]
loss: 2.866287  [35840/100000]
loss: 2.867223  [38400/100000]
loss: 3.005219  [40960/100000]
loss: 2.757339  [43520/100000]
loss: 2.995516  [46080/100000]
loss: 2.931826  [48640/100000]
loss: 2.964837  [51200/100000]
loss: 2.951521  [53760/100000]
loss: 2.853539  [56320/100000]
loss: 2.993428  [58880/100000]
loss: 2.843935  [61440/100000]
loss: 3.043966  [64000/100000]
loss: 2.789547  [66560/100000]
loss: 2.944079  [69120/100000]
loss: 2.714214  [71680/100000]
loss: 2.703269  [74240/100000]
loss: 3.018697  [76800/100000]
loss: 2.634284  [79360/100000]
loss: 2.580958  [81920/100000]
loss: 2.983848  [84480/100000]
loss: 2.805210  [87040/100000]
loss: 2.793645  [89600/100000]
loss: 3.079284  [92160/100000]
loss: 3.053908  [94720/100000]
loss: 2.924078  [97280/100000]
loss: 2.854326  [62400/100000]
Epoch 33 finished in 132.65 seconds

Current Learning Rate: 0.001
Epoch 34
-------------------------------
loss: 2.636558  [    0/100000]
loss: 2.814935  [ 2560/100000]
loss: 2.891292  [ 5120/100000]
loss: 2.934214  [ 7680/100000]
loss: 2.765120  [10240/100000]
loss: 2.861303  [12800/100000]
loss: 2.809006  [15360/100000]
loss: 2.747861  [17920/100000]
loss: 2.860102  [20480/100000]
loss: 2.785423  [23040/100000]
loss: 2.756876  [25600/100000]
loss: 2.851981  [28160/100000]
loss: 2.880677  [30720/100000]
loss: 2.740591  [33280/100000]
loss: 2.801851  [35840/100000]
loss: 2.813557  [38400/100000]
loss: 2.857358  [40960/100000]
loss: 2.908298  [43520/100000]
loss: 2.814549  [46080/100000]
loss: 2.905366  [48640/100000]
loss: 2.737812  [51200/100000]
loss: 2.747946  [53760/100000]
loss: 2.746730  [56320/100000]
loss: 2.942297  [58880/100000]
loss: 2.829921  [61440/100000]
loss: 2.879831  [64000/100000]
loss: 2.730813  [66560/100000]
loss: 2.804256  [69120/100000]
loss: 2.846669  [71680/100000]
loss: 2.977555  [74240/100000]
loss: 2.629020  [76800/100000]
loss: 3.101120  [79360/100000]
loss: 2.950996  [81920/100000]
loss: 2.959517  [84480/100000]
loss: 2.709111  [87040/100000]
loss: 2.705853  [89600/100000]
loss: 2.774419  [92160/100000]
loss: 2.855492  [94720/100000]
loss: 2.813446  [97280/100000]
loss: 2.867864  [62400/100000]
Epoch 34 finished in 132.67 seconds

Current Learning Rate: 0.001
Epoch 35
-------------------------------
loss: 3.070587  [    0/100000]
loss: 2.554903  [ 2560/100000]
loss: 2.783993  [ 5120/100000]
loss: 2.904267  [ 7680/100000]
loss: 2.752082  [10240/100000]
loss: 3.084963  [12800/100000]
loss: 2.789292  [15360/100000]
loss: 2.670819  [17920/100000]
loss: 2.905907  [20480/100000]
loss: 2.795807  [23040/100000]
loss: 2.682845  [25600/100000]
loss: 2.843418  [28160/100000]
loss: 2.500142  [30720/100000]
loss: 2.629028  [33280/100000]
loss: 2.731554  [35840/100000]
loss: 3.043625  [38400/100000]
loss: 2.856740  [40960/100000]
loss: 2.787172  [43520/100000]
loss: 2.778695  [46080/100000]
loss: 2.749485  [48640/100000]
loss: 2.976421  [51200/100000]
loss: 2.765649  [53760/100000]
loss: 2.974549  [56320/100000]
loss: 2.856236  [58880/100000]
loss: 2.953866  [61440/100000]
loss: 2.769562  [64000/100000]
loss: 2.902727  [66560/100000]
loss: 2.721218  [69120/100000]
loss: 2.717464  [71680/100000]
loss: 2.719660  [74240/100000]
loss: 2.661895  [76800/100000]
loss: 3.011986  [79360/100000]
loss: 2.974677  [81920/100000]
loss: 3.005332  [84480/100000]
loss: 2.621644  [87040/100000]
loss: 2.923021  [89600/100000]
loss: 3.048625  [92160/100000]
loss: 2.912889  [94720/100000]
loss: 2.946392  [97280/100000]
loss: 2.665747  [62400/100000]
Epoch 35 finished in 132.69 seconds

Test Error: 
 Accuracy: 33.0%, Avg loss: 2.859839 

==> New Best Accuracy: 32.95%! Model Saved.
Current Learning Rate: 0.001
Epoch 36
-------------------------------
loss: 2.709868  [    0/100000]
loss: 2.576257  [ 2560/100000]
loss: 2.839161  [ 5120/100000]
loss: 2.629978  [ 7680/100000]
loss: 2.955145  [10240/100000]
loss: 2.770832  [12800/100000]
loss: 2.857913  [15360/100000]
loss: 2.503870  [17920/100000]
loss: 2.684060  [20480/100000]
loss: 2.601338  [23040/100000]
loss: 2.866228  [25600/100000]
loss: 2.869656  [28160/100000]
loss: 2.771923  [30720/100000]
loss: 3.021326  [33280/100000]
loss: 2.618709  [35840/100000]
loss: 3.135917  [38400/100000]
loss: 2.644456  [40960/100000]
loss: 2.883496  [43520/100000]
loss: 2.864369  [46080/100000]
loss: 2.865551  [48640/100000]
loss: 2.727839  [51200/100000]
loss: 2.791917  [53760/100000]
loss: 2.805925  [56320/100000]
loss: 2.826081  [58880/100000]
loss: 2.838096  [61440/100000]
loss: 2.833098  [64000/100000]
loss: 2.895277  [66560/100000]
loss: 2.675288  [69120/100000]
loss: 2.713337  [71680/100000]
loss: 2.743330  [74240/100000]
loss: 2.706312  [76800/100000]
loss: 2.698703  [79360/100000]
loss: 2.782574  [81920/100000]
loss: 2.711734  [84480/100000]
loss: 2.891934  [87040/100000]
loss: 2.594861  [89600/100000]
loss: 2.963158  [92160/100000]
loss: 2.717956  [94720/100000]
loss: 2.817258  [97280/100000]
loss: 3.008823  [62400/100000]
Epoch 36 finished in 132.67 seconds

Current Learning Rate: 0.001
Epoch 37
-------------------------------
loss: 2.964322  [    0/100000]
loss: 2.832948  [ 2560/100000]
loss: 2.717485  [ 5120/100000]
loss: 2.823952  [ 7680/100000]
loss: 2.908350  [10240/100000]
loss: 2.737071  [12800/100000]
loss: 2.611798  [15360/100000]
loss: 2.932103  [17920/100000]
loss: 2.568156  [20480/100000]
loss: 2.589798  [23040/100000]
loss: 2.747936  [25600/100000]
loss: 2.847465  [28160/100000]
loss: 2.789383  [30720/100000]
loss: 2.922316  [33280/100000]
loss: 2.789523  [35840/100000]
loss: 2.588352  [38400/100000]
loss: 2.692930  [40960/100000]
loss: 2.634054  [43520/100000]
loss: 2.687493  [46080/100000]
loss: 2.592149  [48640/100000]
loss: 2.725544  [51200/100000]
loss: 2.817282  [53760/100000]
loss: 2.839441  [56320/100000]
loss: 2.701943  [58880/100000]
loss: 2.725920  [61440/100000]
loss: 2.993984  [64000/100000]
loss: 2.408978  [66560/100000]
loss: 2.836331  [69120/100000]
loss: 2.679162  [71680/100000]
loss: 2.627097  [74240/100000]
loss: 2.778603  [76800/100000]
loss: 2.810912  [79360/100000]
loss: 2.735843  [81920/100000]
loss: 2.766775  [84480/100000]
loss: 2.789337  [87040/100000]
loss: 2.693259  [89600/100000]
loss: 2.775455  [92160/100000]
loss: 2.872794  [94720/100000]
loss: 2.848619  [97280/100000]
loss: 2.645861  [62400/100000]
Epoch 37 finished in 132.61 seconds

Current Learning Rate: 0.001
Epoch 38
-------------------------------
loss: 2.584163  [    0/100000]
loss: 2.723853  [ 2560/100000]
loss: 2.766149  [ 5120/100000]
loss: 2.621613  [ 7680/100000]
loss: 2.669293  [10240/100000]
loss: 2.733015  [12800/100000]
loss: 2.773692  [15360/100000]
loss: 2.716681  [17920/100000]
loss: 2.796490  [20480/100000]
loss: 2.695288  [23040/100000]
loss: 2.720559  [25600/100000]
loss: 2.788224  [28160/100000]
loss: 2.522082  [30720/100000]
loss: 2.679044  [33280/100000]
loss: 2.573207  [35840/100000]
loss: 2.763428  [38400/100000]
loss: 2.818746  [40960/100000]
loss: 2.588869  [43520/100000]
loss: 2.706475  [46080/100000]
loss: 2.676863  [48640/100000]
loss: 2.618400  [51200/100000]
loss: 2.736173  [53760/100000]
loss: 2.753502  [56320/100000]
loss: 2.644446  [58880/100000]
loss: 2.723339  [61440/100000]
loss: 2.853543  [64000/100000]
loss: 2.747228  [66560/100000]
loss: 2.651588  [69120/100000]
loss: 2.814557  [71680/100000]
loss: 2.576012  [74240/100000]
loss: 2.864436  [76800/100000]
loss: 2.943644  [79360/100000]
loss: 2.716490  [81920/100000]
loss: 2.690710  [84480/100000]
loss: 2.509846  [87040/100000]
loss: 2.879681  [89600/100000]
loss: 2.794595  [92160/100000]
loss: 2.752869  [94720/100000]
loss: 2.719979  [97280/100000]
loss: 2.919270  [62400/100000]
Epoch 38 finished in 132.61 seconds

Current Learning Rate: 0.001
Epoch 39
-------------------------------
loss: 2.870745  [    0/100000]
loss: 2.639290  [ 2560/100000]
loss: 2.682244  [ 5120/100000]
loss: 2.573972  [ 7680/100000]
loss: 2.723451  [10240/100000]
loss: 2.666862  [12800/100000]
loss: 2.703936  [15360/100000]
loss: 2.675749  [17920/100000]
loss: 2.663450  [20480/100000]
loss: 2.859216  [23040/100000]
loss: 2.659285  [25600/100000]
loss: 2.968590  [28160/100000]
loss: 2.877226  [30720/100000]
loss: 2.964518  [33280/100000]
loss: 2.646955  [35840/100000]
loss: 2.647464  [38400/100000]
loss: 2.575169  [40960/100000]
loss: 2.678737  [43520/100000]
loss: 2.712163  [46080/100000]
loss: 2.612423  [48640/100000]
loss: 2.604386  [51200/100000]
loss: 2.617162  [53760/100000]
loss: 2.434016  [56320/100000]
loss: 2.861509  [58880/100000]
loss: 2.912795  [61440/100000]
loss: 2.879749  [64000/100000]
loss: 2.783462  [66560/100000]
loss: 2.670151  [69120/100000]
loss: 2.617782  [71680/100000]
loss: 2.697054  [74240/100000]
loss: 2.740484  [76800/100000]
loss: 2.974909  [79360/100000]
loss: 2.727031  [81920/100000]
loss: 2.770625  [84480/100000]
loss: 2.891045  [87040/100000]
loss: 2.681106  [89600/100000]
loss: 2.752454  [92160/100000]
loss: 2.801438  [94720/100000]
loss: 2.871353  [97280/100000]
loss: 2.442863  [62400/100000]
Epoch 39 finished in 132.62 seconds

Current Learning Rate: 0.001
Epoch 40
-------------------------------
loss: 2.664726  [    0/100000]
loss: 2.712708  [ 2560/100000]
loss: 2.866016  [ 5120/100000]
loss: 2.709021  [ 7680/100000]
loss: 2.567498  [10240/100000]
loss: 2.801101  [12800/100000]
loss: 2.902328  [15360/100000]
loss: 2.584823  [17920/100000]
loss: 2.611259  [20480/100000]
loss: 2.804590  [23040/100000]
loss: 2.724500  [25600/100000]
loss: 2.485463  [28160/100000]
loss: 2.733379  [30720/100000]
loss: 2.612990  [33280/100000]
loss: 2.633778  [35840/100000]
loss: 2.726059  [38400/100000]
loss: 2.737011  [40960/100000]
loss: 2.708099  [43520/100000]
loss: 2.775022  [46080/100000]
loss: 2.672216  [48640/100000]
loss: 2.777371  [51200/100000]
loss: 2.474706  [53760/100000]
loss: 2.960397  [56320/100000]
loss: 2.722220  [58880/100000]
loss: 2.810331  [61440/100000]
loss: 2.654469  [64000/100000]
loss: 2.550869  [66560/100000]
loss: 2.844250  [69120/100000]
loss: 2.727314  [71680/100000]
loss: 2.677430  [74240/100000]
loss: 2.710021  [76800/100000]
loss: 2.639379  [79360/100000]
loss: 2.869100  [81920/100000]
loss: 2.546566  [84480/100000]
loss: 3.150808  [87040/100000]
loss: 2.620070  [89600/100000]
loss: 2.678390  [92160/100000]
loss: 2.673505  [94720/100000]
loss: 2.843489  [97280/100000]
loss: 2.809341  [62400/100000]
Epoch 40 finished in 132.62 seconds

Test Error: 
 Accuracy: 34.8%, Avg loss: 2.766866 

==> New Best Accuracy: 34.78%! Model Saved.
Current Learning Rate: 0.001
Epoch 41
-------------------------------
loss: 2.526304  [    0/100000]
loss: 2.498024  [ 2560/100000]
loss: 2.869155  [ 5120/100000]
loss: 2.573332  [ 7680/100000]
loss: 2.666253  [10240/100000]
loss: 2.777193  [12800/100000]
loss: 2.636429  [15360/100000]
loss: 2.356334  [17920/100000]
loss: 2.655195  [20480/100000]
loss: 2.615373  [23040/100000]
loss: 2.876707  [25600/100000]
loss: 2.706360  [28160/100000]
loss: 2.607393  [30720/100000]
loss: 2.715319  [33280/100000]
loss: 2.680822  [35840/100000]
loss: 2.601980  [38400/100000]
loss: 2.796362  [40960/100000]
loss: 2.469068  [43520/100000]
loss: 2.654722  [46080/100000]
loss: 2.628525  [48640/100000]
loss: 2.521751  [51200/100000]
loss: 2.656778  [53760/100000]
loss: 2.752768  [56320/100000]
loss: 2.687599  [58880/100000]
loss: 2.703202  [61440/100000]
loss: 2.581555  [64000/100000]
loss: 2.697660  [66560/100000]
loss: 2.619489  [69120/100000]
loss: 2.760226  [71680/100000]
loss: 2.855385  [74240/100000]
loss: 2.852139  [76800/100000]
loss: 2.769369  [79360/100000]
loss: 2.615534  [81920/100000]
loss: 2.703370  [84480/100000]
loss: 2.817996  [87040/100000]
loss: 2.678701  [89600/100000]
loss: 2.681675  [92160/100000]
loss: 2.455165  [94720/100000]
loss: 2.645753  [97280/100000]
loss: 2.692898  [62400/100000]
Epoch 41 finished in 132.63 seconds

Current Learning Rate: 0.001
Epoch 42
-------------------------------
loss: 2.699127  [    0/100000]
loss: 2.643312  [ 2560/100000]
loss: 2.876436  [ 5120/100000]
loss: 2.679287  [ 7680/100000]
loss: 2.586789  [10240/100000]
loss: 2.458630  [12800/100000]
loss: 2.870442  [15360/100000]
loss: 2.671635  [17920/100000]
loss: 2.605733  [20480/100000]
loss: 2.727434  [23040/100000]
loss: 2.720177  [25600/100000]
loss: 2.542991  [28160/100000]
loss: 2.903627  [30720/100000]
loss: 2.607676  [33280/100000]
loss: 2.583032  [35840/100000]
loss: 2.821027  [38400/100000]
loss: 2.767232  [40960/100000]
loss: 2.787879  [43520/100000]
loss: 2.688331  [46080/100000]
loss: 2.766748  [48640/100000]
loss: 2.897891  [51200/100000]
loss: 2.690478  [53760/100000]
loss: 2.638733  [56320/100000]
loss: 2.558379  [58880/100000]
loss: 2.663098  [61440/100000]
loss: 2.645698  [64000/100000]
loss: 2.809075  [66560/100000]
loss: 2.767836  [69120/100000]
loss: 2.619493  [71680/100000]
loss: 2.622468  [74240/100000]
loss: 2.850922  [76800/100000]
loss: 2.495274  [79360/100000]
loss: 2.772267  [81920/100000]
loss: 2.660626  [84480/100000]
loss: 2.839582  [87040/100000]
loss: 2.536736  [89600/100000]
loss: 2.507979  [92160/100000]
loss: 2.608979  [94720/100000]
loss: 2.715799  [97280/100000]
loss: 2.664385  [62400/100000]
Epoch 42 finished in 132.73 seconds

Current Learning Rate: 0.001
Epoch 43
-------------------------------
loss: 2.571361  [    0/100000]
loss: 2.613185  [ 2560/100000]
loss: 2.534271  [ 5120/100000]
loss: 2.506772  [ 7680/100000]
loss: 2.683067  [10240/100000]
loss: 2.878046  [12800/100000]
loss: 2.477736  [15360/100000]
loss: 2.834703  [17920/100000]
loss: 2.862017  [20480/100000]
loss: 2.504772  [23040/100000]
loss: 2.428210  [25600/100000]
loss: 2.671985  [28160/100000]
loss: 2.594629  [30720/100000]
loss: 2.613533  [33280/100000]
loss: 2.542991  [35840/100000]
loss: 2.647937  [38400/100000]
loss: 2.686698  [40960/100000]
loss: 2.443759  [43520/100000]
loss: 2.488855  [46080/100000]
loss: 2.830843  [48640/100000]
loss: 2.508866  [51200/100000]
loss: 2.631488  [53760/100000]
loss: 2.636838  [56320/100000]
loss: 2.645300  [58880/100000]
loss: 2.576875  [61440/100000]
loss: 2.591140  [64000/100000]
loss: 2.660976  [66560/100000]
loss: 2.488514  [69120/100000]
loss: 2.449804  [71680/100000]
loss: 2.484350  [74240/100000]
loss: 2.660630  [76800/100000]
loss: 2.324679  [79360/100000]
loss: 2.561127  [81920/100000]
loss: 2.830072  [84480/100000]
loss: 2.428874  [87040/100000]
loss: 2.577528  [89600/100000]
loss: 2.792413  [92160/100000]
loss: 2.842478  [94720/100000]
loss: 2.382532  [97280/100000]
loss: 2.529685  [62400/100000]
Epoch 43 finished in 132.68 seconds

Current Learning Rate: 0.001
Epoch 44
-------------------------------
loss: 2.599018  [    0/100000]
loss: 2.733654  [ 2560/100000]
loss: 2.696893  [ 5120/100000]
loss: 2.536130  [ 7680/100000]
loss: 2.630695  [10240/100000]
loss: 2.566618  [12800/100000]
loss: 2.481626  [15360/100000]
loss: 2.542299  [17920/100000]
loss: 2.677009  [20480/100000]
loss: 2.619591  [23040/100000]
loss: 2.688759  [25600/100000]
loss: 2.359393  [28160/100000]
loss: 2.628382  [30720/100000]
loss: 2.602798  [33280/100000]
loss: 2.530646  [35840/100000]
loss: 2.568713  [38400/100000]
loss: 2.628690  [40960/100000]
loss: 2.669549  [43520/100000]
loss: 2.642925  [46080/100000]
loss: 2.818976  [48640/100000]
loss: 2.553532  [51200/100000]
loss: 2.429401  [53760/100000]
loss: 2.721038  [56320/100000]
loss: 2.598044  [58880/100000]
loss: 2.740556  [61440/100000]
loss: 2.535667  [64000/100000]
loss: 2.639595  [66560/100000]
loss: 2.391152  [69120/100000]
loss: 2.473930  [71680/100000]
loss: 2.457941  [74240/100000]
loss: 2.480839  [76800/100000]
loss: 2.700020  [79360/100000]
loss: 2.558933  [81920/100000]
loss: 2.578174  [84480/100000]
loss: 2.608860  [87040/100000]
loss: 2.809732  [89600/100000]
loss: 2.605109  [92160/100000]
loss: 2.546221  [94720/100000]
loss: 2.662463  [97280/100000]
loss: 2.557198  [62400/100000]
Epoch 44 finished in 132.65 seconds

Current Learning Rate: 0.001
Epoch 45
-------------------------------
loss: 2.678178  [    0/100000]
loss: 2.784484  [ 2560/100000]
loss: 2.445152  [ 5120/100000]
loss: 2.344805  [ 7680/100000]
loss: 2.380476  [10240/100000]
loss: 2.423875  [12800/100000]
loss: 2.642701  [15360/100000]
loss: 2.449575  [17920/100000]
loss: 2.430890  [20480/100000]
loss: 2.660740  [23040/100000]
loss: 2.538898  [25600/100000]
loss: 2.487520  [28160/100000]
loss: 2.801368  [30720/100000]
loss: 2.681033  [33280/100000]
loss: 2.574575  [35840/100000]
loss: 2.598705  [38400/100000]
loss: 2.604175  [40960/100000]
loss: 2.734418  [43520/100000]
loss: 2.526680  [46080/100000]
loss: 2.404887  [48640/100000]
loss: 2.528696  [51200/100000]
loss: 2.507013  [53760/100000]
loss: 2.574202  [56320/100000]
loss: 2.655644  [58880/100000]
loss: 2.617807  [61440/100000]
loss: 2.598993  [64000/100000]
loss: 2.672125  [66560/100000]
loss: 2.499434  [69120/100000]
loss: 2.360952  [71680/100000]
loss: 2.565425  [74240/100000]
loss: 2.740694  [76800/100000]
loss: 2.638144  [79360/100000]
loss: 2.567807  [81920/100000]
loss: 2.532744  [84480/100000]
loss: 2.777457  [87040/100000]
loss: 2.587556  [89600/100000]
loss: 2.565324  [92160/100000]
loss: 2.523403  [94720/100000]
loss: 2.627042  [97280/100000]
loss: 2.398936  [62400/100000]
Epoch 45 finished in 132.61 seconds

Test Error: 
 Accuracy: 35.5%, Avg loss: 2.737105 

==> New Best Accuracy: 35.51%! Model Saved.
Current Learning Rate: 0.001
Epoch 46
-------------------------------
loss: 2.493142  [    0/100000]
loss: 2.377133  [ 2560/100000]
loss: 2.505945  [ 5120/100000]
loss: 2.411928  [ 7680/100000]
loss: 2.548658  [10240/100000]
loss: 2.537148  [12800/100000]
loss: 2.728325  [15360/100000]
loss: 2.442625  [17920/100000]
loss: 2.282079  [20480/100000]
loss: 2.503858  [23040/100000]
loss: 2.689641  [25600/100000]
loss: 2.414361  [28160/100000]
loss: 2.525650  [30720/100000]
loss: 2.515690  [33280/100000]
loss: 2.551280  [35840/100000]
loss: 2.621237  [38400/100000]
loss: 2.550467  [40960/100000]
loss: 2.557564  [43520/100000]
loss: 2.584064  [46080/100000]
loss: 2.771070  [48640/100000]
loss: 2.483384  [51200/100000]
loss: 2.288932  [53760/100000]
loss: 2.787790  [56320/100000]
loss: 2.553486  [58880/100000]
loss: 2.362602  [61440/100000]
loss: 2.489356  [64000/100000]
loss: 2.517898  [66560/100000]
loss: 2.641435  [69120/100000]
loss: 2.640347  [71680/100000]
loss: 2.392785  [74240/100000]
loss: 2.511281  [76800/100000]
loss: 2.692334  [79360/100000]
loss: 2.533789  [81920/100000]
loss: 2.646698  [84480/100000]
loss: 2.629870  [87040/100000]
loss: 2.494964  [89600/100000]
loss: 2.349985  [92160/100000]
loss: 2.559083  [94720/100000]
loss: 2.660810  [97280/100000]
loss: 2.792675  [62400/100000]
Epoch 46 finished in 132.64 seconds

Current Learning Rate: 0.001
Epoch 47
-------------------------------
loss: 2.658967  [    0/100000]
loss: 2.221420  [ 2560/100000]
loss: 2.456626  [ 5120/100000]
loss: 2.781231  [ 7680/100000]
loss: 2.401155  [10240/100000]
loss: 2.550242  [12800/100000]
loss: 2.535185  [15360/100000]
loss: 2.421851  [17920/100000]
loss: 2.463835  [20480/100000]
loss: 2.454035  [23040/100000]
loss: 2.415381  [25600/100000]
loss: 2.454984  [28160/100000]
loss: 2.532825  [30720/100000]
loss: 2.747668  [33280/100000]
loss: 2.468591  [35840/100000]
loss: 2.354205  [38400/100000]
loss: 2.542645  [40960/100000]
loss: 2.494366  [43520/100000]
loss: 2.438965  [46080/100000]
loss: 2.799495  [48640/100000]
loss: 2.677104  [51200/100000]
loss: 2.644223  [53760/100000]
loss: 2.387024  [56320/100000]
loss: 2.563924  [58880/100000]
loss: 2.407105  [61440/100000]
loss: 2.318612  [64000/100000]
loss: 2.554330  [66560/100000]
loss: 2.214285  [69120/100000]
loss: 2.469718  [71680/100000]
loss: 2.483943  [74240/100000]
loss: 2.476810  [76800/100000]
loss: 2.393048  [79360/100000]
loss: 2.646675  [81920/100000]
loss: 2.688037  [84480/100000]
loss: 2.527648  [87040/100000]
loss: 2.524677  [89600/100000]
loss: 2.600957  [92160/100000]
loss: 2.408458  [94720/100000]
loss: 2.466008  [97280/100000]
loss: 2.374279  [62400/100000]
Epoch 47 finished in 132.54 seconds

Current Learning Rate: 0.001
Epoch 48
-------------------------------
loss: 2.502424  [    0/100000]
loss: 2.304853  [ 2560/100000]
loss: 2.404591  [ 5120/100000]
loss: 2.463881  [ 7680/100000]
loss: 2.483072  [10240/100000]
loss: 2.604915  [12800/100000]
loss: 2.361707  [15360/100000]
loss: 2.517158  [17920/100000]
loss: 2.423377  [20480/100000]
loss: 2.449533  [23040/100000]
loss: 2.450754  [25600/100000]
loss: 2.530732  [28160/100000]
loss: 2.468855  [30720/100000]
loss: 2.306231  [33280/100000]
loss: 2.462638  [35840/100000]
loss: 2.365990  [38400/100000]
loss: 2.444255  [40960/100000]
loss: 2.397679  [43520/100000]
loss: 2.551491  [46080/100000]
loss: 2.436231  [48640/100000]
loss: 2.307600  [51200/100000]
loss: 2.440784  [53760/100000]
loss: 2.650168  [56320/100000]
loss: 2.512603  [58880/100000]
loss: 2.456015  [61440/100000]
loss: 2.437367  [64000/100000]
loss: 2.622658  [66560/100000]
loss: 2.541344  [69120/100000]
loss: 2.395116  [71680/100000]
loss: 2.529806  [74240/100000]
loss: 2.423697  [76800/100000]
loss: 2.563954  [79360/100000]
loss: 2.370261  [81920/100000]
loss: 2.672476  [84480/100000]
loss: 2.507074  [87040/100000]
loss: 2.570877  [89600/100000]
loss: 2.376997  [92160/100000]
loss: 2.388031  [94720/100000]
loss: 2.445003  [97280/100000]
loss: 2.380724  [62400/100000]
Epoch 48 finished in 132.50 seconds

Current Learning Rate: 0.001
Epoch 49
-------------------------------
loss: 2.475926  [    0/100000]
loss: 2.389923  [ 2560/100000]
loss: 2.417249  [ 5120/100000]
loss: 2.355304  [ 7680/100000]
loss: 2.381910  [10240/100000]
loss: 2.471713  [12800/100000]
loss: 2.624752  [15360/100000]
loss: 2.475269  [17920/100000]
loss: 2.384535  [20480/100000]
loss: 2.321920  [23040/100000]
loss: 2.389281  [25600/100000]
loss: 2.420520  [28160/100000]
loss: 2.454591  [30720/100000]
loss: 2.165909  [33280/100000]
loss: 2.552182  [35840/100000]
loss: 2.423797  [38400/100000]
loss: 2.053186  [40960/100000]
loss: 2.409191  [43520/100000]
loss: 2.474455  [46080/100000]
loss: 2.485625  [48640/100000]
loss: 2.638265  [51200/100000]
loss: 2.581489  [53760/100000]
loss: 2.335926  [56320/100000]
loss: 2.541660  [58880/100000]
loss: 2.456729  [61440/100000]
loss: 2.229373  [64000/100000]
loss: 2.139753  [66560/100000]
loss: 2.406257  [69120/100000]
loss: 2.470075  [71680/100000]
loss: 2.436173  [74240/100000]
loss: 2.245573  [76800/100000]
loss: 2.710531  [79360/100000]
loss: 2.369691  [81920/100000]
loss: 2.492469  [84480/100000]
loss: 2.623606  [87040/100000]
loss: 2.378695  [89600/100000]
loss: 2.782827  [92160/100000]
loss: 2.517401  [94720/100000]
loss: 2.516356  [97280/100000]
loss: 2.306599  [62400/100000]
Epoch 49 finished in 132.44 seconds

Current Learning Rate: 0.001
Epoch 50
-------------------------------
loss: 2.240478  [    0/100000]
loss: 2.431486  [ 2560/100000]
loss: 2.573519  [ 5120/100000]
loss: 2.491317  [ 7680/100000]
loss: 2.317831  [10240/100000]
loss: 2.429411  [12800/100000]
loss: 2.398116  [15360/100000]
loss: 2.530838  [17920/100000]
loss: 2.314214  [20480/100000]
loss: 2.582596  [23040/100000]
loss: 2.637772  [25600/100000]
loss: 2.441343  [28160/100000]
loss: 2.252457  [30720/100000]
loss: 2.488157  [33280/100000]
loss: 2.312455  [35840/100000]
loss: 2.255218  [38400/100000]
loss: 2.373109  [40960/100000]
loss: 2.484980  [43520/100000]
loss: 2.402504  [46080/100000]
loss: 2.561390  [48640/100000]
loss: 2.549649  [51200/100000]
loss: 2.389786  [53760/100000]
loss: 2.497965  [56320/100000]
loss: 2.318963  [58880/100000]
loss: 2.124619  [61440/100000]
loss: 2.429395  [64000/100000]
loss: 2.349398  [66560/100000]
loss: 2.578378  [69120/100000]
loss: 2.540861  [71680/100000]
loss: 2.468952  [74240/100000]
loss: 2.566408  [76800/100000]
loss: 2.504421  [79360/100000]
loss: 2.528967  [81920/100000]
loss: 2.622643  [84480/100000]
loss: 2.274089  [87040/100000]
loss: 2.522464  [89600/100000]
loss: 2.590159  [92160/100000]
loss: 2.354008  [94720/100000]
loss: 2.494457  [97280/100000]
loss: 2.469806  [62400/100000]
Epoch 50 finished in 132.50 seconds

Test Error: 
 Accuracy: 37.0%, Avg loss: 2.744782 

==> New Best Accuracy: 36.96%! Model Saved.
Current Learning Rate: 0.0001
Epoch 51
-------------------------------
loss: 2.455212  [    0/100000]
loss: 2.650925  [ 2560/100000]
loss: 2.476305  [ 5120/100000]
loss: 2.576231  [ 7680/100000]
loss: 2.384865  [10240/100000]
loss: 2.372104  [12800/100000]
loss: 2.300930  [15360/100000]
loss: 2.219151  [17920/100000]
loss: 2.273382  [20480/100000]
loss: 2.268404  [23040/100000]
loss: 2.133978  [25600/100000]
loss: 2.443220  [28160/100000]
loss: 2.484600  [30720/100000]
loss: 2.423015  [33280/100000]
loss: 2.360512  [35840/100000]
loss: 2.382906  [38400/100000]
loss: 2.532654  [40960/100000]
loss: 2.314212  [43520/100000]
loss: 2.377133  [46080/100000]
loss: 2.284958  [48640/100000]
loss: 2.357862  [51200/100000]
loss: 2.482268  [53760/100000]
loss: 2.411600  [56320/100000]
loss: 2.261178  [58880/100000]
loss: 2.133331  [61440/100000]
loss: 2.268868  [64000/100000]
loss: 2.459621  [66560/100000]
loss: 2.146335  [69120/100000]
loss: 2.637810  [71680/100000]
loss: 2.339262  [74240/100000]
loss: 2.404805  [76800/100000]
loss: 2.297500  [79360/100000]
loss: 2.362466  [81920/100000]
loss: 2.312846  [84480/100000]
loss: 2.267995  [87040/100000]
loss: 2.238920  [89600/100000]
loss: 2.401404  [92160/100000]
loss: 2.215076  [94720/100000]
loss: 2.175171  [97280/100000]
loss: 2.405469  [62400/100000]
Epoch 51 finished in 132.61 seconds

Current Learning Rate: 0.0001
Epoch 52
-------------------------------
loss: 2.255416  [    0/100000]
loss: 2.376645  [ 2560/100000]
loss: 2.451588  [ 5120/100000]
loss: 2.171410  [ 7680/100000]
loss: 2.230188  [10240/100000]
loss: 2.225765  [12800/100000]
loss: 2.248613  [15360/100000]
loss: 2.264748  [17920/100000]
loss: 2.503881  [20480/100000]
loss: 2.308794  [23040/100000]
loss: 2.484087  [25600/100000]
loss: 2.254911  [28160/100000]
loss: 2.512923  [30720/100000]
loss: 2.287934  [33280/100000]
loss: 2.465614  [35840/100000]
loss: 2.339597  [38400/100000]
loss: 2.314802  [40960/100000]
loss: 2.244646  [43520/100000]
loss: 2.447369  [46080/100000]
loss: 2.340240  [48640/100000]
loss: 2.401259  [51200/100000]
loss: 2.273432  [53760/100000]
loss: 2.224004  [56320/100000]
loss: 2.305200  [58880/100000]
loss: 2.113948  [61440/100000]
loss: 2.496593  [64000/100000]
loss: 2.292482  [66560/100000]
loss: 2.446701  [69120/100000]
loss: 2.147233  [71680/100000]
loss: 2.340738  [74240/100000]
loss: 2.482135  [76800/100000]
loss: 2.477843  [79360/100000]
loss: 2.354972  [81920/100000]
loss: 2.635029  [84480/100000]
loss: 2.412153  [87040/100000]
loss: 2.173468  [89600/100000]
loss: 2.192117  [92160/100000]
loss: 2.164314  [94720/100000]
loss: 2.517096  [97280/100000]
loss: 2.190097  [62400/100000]
Epoch 52 finished in 132.61 seconds

Current Learning Rate: 0.0001
Epoch 53
-------------------------------
loss: 2.223370  [    0/100000]
loss: 2.345105  [ 2560/100000]
loss: 2.160921  [ 5120/100000]
loss: 2.304492  [ 7680/100000]
loss: 2.356823  [10240/100000]
loss: 2.114099  [12800/100000]
loss: 2.500741  [15360/100000]
loss: 2.216258  [17920/100000]
loss: 2.546238  [20480/100000]
loss: 2.271487  [23040/100000]
loss: 2.478189  [25600/100000]
loss: 2.451370  [28160/100000]
loss: 2.331614  [30720/100000]
loss: 2.262802  [33280/100000]
loss: 2.305438  [35840/100000]
loss: 2.420474  [38400/100000]
loss: 2.413506  [40960/100000]
loss: 2.380370  [43520/100000]
loss: 2.326874  [46080/100000]
loss: 2.317483  [48640/100000]
loss: 2.350653  [51200/100000]
loss: 2.270057  [53760/100000]
loss: 2.452413  [56320/100000]
loss: 2.318025  [58880/100000]
loss: 2.424749  [61440/100000]
loss: 2.291778  [64000/100000]
loss: 2.337229  [66560/100000]
loss: 2.369848  [69120/100000]
loss: 2.465594  [71680/100000]
loss: 2.323223  [74240/100000]
loss: 2.475114  [76800/100000]
loss: 2.380368  [79360/100000]
loss: 2.685804  [81920/100000]
loss: 2.379506  [84480/100000]
loss: 2.046475  [87040/100000]
loss: 2.247171  [89600/100000]
loss: 2.558919  [92160/100000]
loss: 2.383887  [94720/100000]
loss: 2.255111  [97280/100000]
loss: 2.282273  [62400/100000]
Epoch 53 finished in 132.64 seconds

Current Learning Rate: 0.0001
Epoch 54
-------------------------------
loss: 2.444118  [    0/100000]
loss: 2.215541  [ 2560/100000]
loss: 2.372505  [ 5120/100000]
loss: 2.367721  [ 7680/100000]
loss: 2.255912  [10240/100000]
loss: 2.129934  [12800/100000]
loss: 2.254542  [15360/100000]
loss: 2.475712  [17920/100000]
loss: 2.088741  [20480/100000]
loss: 2.355699  [23040/100000]
loss: 2.327698  [25600/100000]
loss: 2.341695  [28160/100000]
loss: 2.200853  [30720/100000]
loss: 2.214845  [33280/100000]
loss: 2.236922  [35840/100000]
loss: 2.479234  [38400/100000]
loss: 2.208676  [40960/100000]
loss: 2.165074  [43520/100000]
loss: 2.685516  [46080/100000]
loss: 2.251046  [48640/100000]
loss: 2.206589  [51200/100000]
loss: 2.353147  [53760/100000]
loss: 2.238755  [56320/100000]
loss: 2.117456  [58880/100000]
loss: 2.560386  [61440/100000]
loss: 2.735461  [64000/100000]
loss: 2.435949  [66560/100000]
loss: 2.261138  [69120/100000]
loss: 2.446654  [71680/100000]
loss: 2.358882  [74240/100000]
loss: 2.420694  [76800/100000]
loss: 2.107438  [79360/100000]
loss: 2.233160  [81920/100000]
loss: 2.403681  [84480/100000]
loss: 2.429852  [87040/100000]
loss: 2.226803  [89600/100000]
loss: 2.166379  [92160/100000]
loss: 2.027024  [94720/100000]
loss: 2.543453  [97280/100000]
loss: 2.255117  [62400/100000]
Epoch 54 finished in 132.64 seconds

Current Learning Rate: 0.0001
Epoch 55
-------------------------------
loss: 2.226876  [    0/100000]
loss: 2.353922  [ 2560/100000]
loss: 2.171159  [ 5120/100000]
loss: 2.372024  [ 7680/100000]
loss: 2.330048  [10240/100000]
loss: 2.430240  [12800/100000]
loss: 2.302292  [15360/100000]
loss: 2.319392  [17920/100000]
loss: 2.124474  [20480/100000]
loss: 2.173871  [23040/100000]
loss: 2.323118  [25600/100000]
loss: 2.483204  [28160/100000]
loss: 2.308033  [30720/100000]
loss: 2.302137  [33280/100000]
loss: 2.265059  [35840/100000]
loss: 2.223173  [38400/100000]
loss: 2.274213  [40960/100000]
loss: 2.257694  [43520/100000]
loss: 2.418566  [46080/100000]
loss: 2.208284  [48640/100000]
loss: 2.310764  [51200/100000]
loss: 2.209697  [53760/100000]
loss: 2.157143  [56320/100000]
loss: 2.322632  [58880/100000]
loss: 2.247385  [61440/100000]
loss: 2.285263  [64000/100000]
loss: 2.309555  [66560/100000]
loss: 2.244575  [69120/100000]
loss: 2.293154  [71680/100000]
loss: 2.303902  [74240/100000]
loss: 2.379340  [76800/100000]
loss: 2.260219  [79360/100000]
loss: 2.369044  [81920/100000]
loss: 2.323186  [84480/100000]
loss: 2.330025  [87040/100000]
loss: 2.367895  [89600/100000]
loss: 2.269900  [92160/100000]
loss: 2.331069  [94720/100000]
loss: 2.376529  [97280/100000]
loss: 2.120742  [62400/100000]
Epoch 55 finished in 132.68 seconds

Test Error: 
 Accuracy: 38.4%, Avg loss: 2.607684 

==> New Best Accuracy: 38.44%! Model Saved.
Current Learning Rate: 0.0001
Epoch 56
-------------------------------
loss: 2.150575  [    0/100000]
loss: 2.129732  [ 2560/100000]
loss: 2.365337  [ 5120/100000]
loss: 2.344921  [ 7680/100000]
loss: 2.429759  [10240/100000]
loss: 2.317677  [12800/100000]
loss: 2.370186  [15360/100000]
loss: 2.454215  [17920/100000]
loss: 2.232509  [20480/100000]
loss: 2.455029  [23040/100000]
loss: 2.202536  [25600/100000]
loss: 2.136930  [28160/100000]
loss: 2.403255  [30720/100000]
loss: 2.119920  [33280/100000]
loss: 2.016972  [35840/100000]
loss: 2.022501  [38400/100000]
loss: 2.570581  [40960/100000]
loss: 2.372836  [43520/100000]
loss: 2.402039  [46080/100000]
loss: 2.220637  [48640/100000]
loss: 2.094365  [51200/100000]
loss: 2.295458  [53760/100000]
loss: 2.372188  [56320/100000]
loss: 2.375031  [58880/100000]
loss: 2.317340  [61440/100000]
loss: 2.521806  [64000/100000]
loss: 2.285565  [66560/100000]
loss: 2.439067  [69120/100000]
loss: 2.452261  [71680/100000]
loss: 2.629396  [74240/100000]
loss: 2.183431  [76800/100000]
loss: 2.266276  [79360/100000]
loss: 2.370319  [81920/100000]
loss: 2.224515  [84480/100000]
loss: 2.144575  [87040/100000]
loss: 2.359681  [89600/100000]
loss: 2.300558  [92160/100000]
loss: 2.193798  [94720/100000]
loss: 2.231042  [97280/100000]
loss: 2.346277  [62400/100000]
Epoch 56 finished in 132.72 seconds

Current Learning Rate: 0.0001
Epoch 57
-------------------------------
loss: 2.262182  [    0/100000]
loss: 2.522917  [ 2560/100000]
loss: 2.132229  [ 5120/100000]
loss: 2.311397  [ 7680/100000]
loss: 2.172378  [10240/100000]
loss: 2.403411  [12800/100000]
loss: 2.518266  [15360/100000]
loss: 2.373687  [17920/100000]
loss: 2.379950  [20480/100000]
loss: 2.289458  [23040/100000]
loss: 2.325631  [25600/100000]
loss: 2.409320  [28160/100000]
loss: 2.405154  [30720/100000]
loss: 2.339591  [33280/100000]
loss: 2.298586  [35840/100000]
loss: 2.228620  [38400/100000]
loss: 2.083356  [40960/100000]
loss: 2.174712  [43520/100000]
loss: 2.377137  [46080/100000]
loss: 2.215557  [48640/100000]
loss: 2.068192  [51200/100000]
loss: 2.023203  [53760/100000]
loss: 2.185033  [56320/100000]
loss: 2.428964  [58880/100000]
loss: 2.411255  [61440/100000]
loss: 2.235996  [64000/100000]
loss: 2.454253  [66560/100000]
loss: 2.544300  [69120/100000]
loss: 2.336349  [71680/100000]
loss: 2.459106  [74240/100000]
loss: 2.173445  [76800/100000]
loss: 2.219728  [79360/100000]
loss: 2.074401  [81920/100000]
loss: 2.419729  [84480/100000]
loss: 2.282562  [87040/100000]
loss: 2.311351  [89600/100000]
loss: 2.242677  [92160/100000]
loss: 2.340295  [94720/100000]
loss: 2.424145  [97280/100000]
loss: 2.141780  [62400/100000]
Epoch 57 finished in 132.69 seconds

Current Learning Rate: 0.0001
Epoch 58
-------------------------------
loss: 2.263747  [    0/100000]
loss: 2.282650  [ 2560/100000]
loss: 2.354589  [ 5120/100000]
loss: 2.171012  [ 7680/100000]
loss: 2.295458  [10240/100000]
loss: 2.323904  [12800/100000]
loss: 2.436648  [15360/100000]
loss: 2.334983  [17920/100000]
loss: 2.497757  [20480/100000]
loss: 2.206586  [23040/100000]
loss: 2.363260  [25600/100000]
loss: 2.608929  [28160/100000]
loss: 2.413058  [30720/100000]
loss: 2.429278  [33280/100000]
loss: 2.231181  [35840/100000]
loss: 2.219692  [38400/100000]
loss: 2.068948  [40960/100000]
loss: 2.463937  [43520/100000]
loss: 2.398937  [46080/100000]
loss: 2.347641  [48640/100000]
loss: 2.639127  [51200/100000]
loss: 2.365393  [53760/100000]
loss: 2.487763  [56320/100000]
loss: 2.374919  [58880/100000]
loss: 2.174917  [61440/100000]
loss: 2.152604  [64000/100000]
loss: 2.196821  [66560/100000]
loss: 2.394201  [69120/100000]
loss: 2.358346  [71680/100000]
loss: 2.141651  [74240/100000]
loss: 2.476094  [76800/100000]
loss: 2.319027  [79360/100000]
loss: 2.396286  [81920/100000]
loss: 2.239448  [84480/100000]
loss: 2.338358  [87040/100000]
loss: 2.351880  [89600/100000]
loss: 2.410586  [92160/100000]
loss: 2.274746  [94720/100000]
loss: 2.376383  [97280/100000]
loss: 2.341214  [62400/100000]
Epoch 58 finished in 132.72 seconds

Current Learning Rate: 0.0001
Epoch 59
-------------------------------
loss: 2.175776  [    0/100000]
loss: 2.561806  [ 2560/100000]
loss: 2.358469  [ 5120/100000]
loss: 2.367599  [ 7680/100000]
loss: 2.235118  [10240/100000]
loss: 2.198834  [12800/100000]
loss: 2.317249  [15360/100000]
loss: 2.073537  [17920/100000]
loss: 2.138918  [20480/100000]
loss: 2.082222  [23040/100000]
loss: 2.314376  [25600/100000]
loss: 2.295087  [28160/100000]
loss: 2.469976  [30720/100000]
loss: 2.200817  [33280/100000]
loss: 2.059863  [35840/100000]
loss: 2.280931  [38400/100000]
loss: 2.157644  [40960/100000]
loss: 2.243924  [43520/100000]
loss: 2.340468  [46080/100000]
loss: 2.286746  [48640/100000]
loss: 2.437023  [51200/100000]
loss: 2.360330  [53760/100000]
loss: 2.368906  [56320/100000]
loss: 2.552953  [58880/100000]
loss: 2.246041  [61440/100000]
loss: 2.339086  [64000/100000]
loss: 2.211216  [66560/100000]
loss: 2.353694  [69120/100000]
loss: 2.222760  [71680/100000]
loss: 2.225997  [74240/100000]
loss: 2.232547  [76800/100000]
loss: 2.222224  [79360/100000]
loss: 2.361121  [81920/100000]
loss: 2.425799  [84480/100000]
loss: 2.124235  [87040/100000]
loss: 2.326313  [89600/100000]
loss: 2.188793  [92160/100000]
loss: 2.384779  [94720/100000]
loss: 2.044878  [97280/100000]
loss: 2.411055  [62400/100000]
Epoch 59 finished in 132.64 seconds

Current Learning Rate: 0.0001
Epoch 60
-------------------------------
loss: 2.255429  [    0/100000]
loss: 2.468920  [ 2560/100000]
loss: 2.138390  [ 5120/100000]
loss: 2.253930  [ 7680/100000]
loss: 2.097905  [10240/100000]
loss: 2.333379  [12800/100000]
loss: 2.203728  [15360/100000]
loss: 2.261396  [17920/100000]
loss: 2.216806  [20480/100000]
loss: 2.208652  [23040/100000]
loss: 2.281649  [25600/100000]
loss: 2.287262  [28160/100000]
loss: 2.350812  [30720/100000]
loss: 2.122915  [33280/100000]
loss: 2.419040  [35840/100000]
loss: 2.239729  [38400/100000]
loss: 2.189860  [40960/100000]
loss: 2.262517  [43520/100000]
loss: 2.416864  [46080/100000]
loss: 2.263072  [48640/100000]
loss: 2.184195  [51200/100000]
loss: 2.245442  [53760/100000]
loss: 2.145571  [56320/100000]
loss: 2.048434  [58880/100000]
loss: 2.137339  [61440/100000]
loss: 2.261112  [64000/100000]
loss: 2.095815  [66560/100000]
loss: 2.405811  [69120/100000]
loss: 2.279549  [71680/100000]
loss: 2.340816  [74240/100000]
loss: 2.374794  [76800/100000]
loss: 2.326481  [79360/100000]
loss: 2.180055  [81920/100000]
loss: 2.273233  [84480/100000]
loss: 2.388270  [87040/100000]
loss: 2.074868  [89600/100000]
loss: 2.406722  [92160/100000]
loss: 2.481848  [94720/100000]
loss: 2.251568  [97280/100000]
loss: 2.442830  [62400/100000]
Epoch 60 finished in 132.72 seconds

Test Error: 
 Accuracy: 38.5%, Avg loss: 2.606718 

==> New Best Accuracy: 38.49%! Model Saved.
Current Learning Rate: 0.0001
Epoch 61
-------------------------------
loss: 2.460015  [    0/100000]
loss: 2.191375  [ 2560/100000]
loss: 2.419294  [ 5120/100000]
loss: 2.474663  [ 7680/100000]
loss: 2.174544  [10240/100000]
loss: 2.302824  [12800/100000]
loss: 2.406623  [15360/100000]
loss: 2.245516  [17920/100000]
loss: 2.130218  [20480/100000]
loss: 2.326197  [23040/100000]
loss: 2.571974  [25600/100000]
loss: 2.318770  [28160/100000]
loss: 2.219172  [30720/100000]
loss: 2.328399  [33280/100000]
loss: 2.283939  [35840/100000]
loss: 2.133580  [38400/100000]
loss: 2.315812  [40960/100000]
loss: 2.146665  [43520/100000]
loss: 2.505635  [46080/100000]
loss: 2.102108  [48640/100000]
loss: 2.136360  [51200/100000]
loss: 2.225578  [53760/100000]
loss: 2.202144  [56320/100000]
loss: 2.399984  [58880/100000]
loss: 2.210398  [61440/100000]
loss: 2.241156  [64000/100000]
loss: 2.444358  [66560/100000]
loss: 2.343189  [69120/100000]
loss: 2.223058  [71680/100000]
loss: 2.314975  [74240/100000]
loss: 2.492945  [76800/100000]
loss: 1.910959  [79360/100000]
loss: 2.381777  [81920/100000]
loss: 2.067338  [84480/100000]
loss: 2.002462  [87040/100000]
loss: 2.217094  [89600/100000]
loss: 2.499264  [92160/100000]
loss: 2.223039  [94720/100000]
loss: 2.202499  [97280/100000]
loss: 2.128792  [62400/100000]
Epoch 61 finished in 132.72 seconds

Current Learning Rate: 0.0001
Epoch 62
-------------------------------
loss: 2.036940  [    0/100000]
loss: 2.378404  [ 2560/100000]
loss: 2.141353  [ 5120/100000]
loss: 2.223077  [ 7680/100000]
loss: 2.296458  [10240/100000]
loss: 2.243000  [12800/100000]
loss: 2.164064  [15360/100000]
loss: 2.403561  [17920/100000]
loss: 2.260301  [20480/100000]
loss: 2.478089  [23040/100000]
loss: 2.269400  [25600/100000]
loss: 2.356831  [28160/100000]
loss: 2.284476  [30720/100000]
loss: 2.220879  [33280/100000]
loss: 2.038104  [35840/100000]
loss: 2.369809  [38400/100000]
loss: 2.158417  [40960/100000]
loss: 2.274462  [43520/100000]
loss: 1.987118  [46080/100000]
loss: 2.266141  [48640/100000]
loss: 2.372695  [51200/100000]
loss: 2.387841  [53760/100000]
loss: 2.195954  [56320/100000]
loss: 2.240965  [58880/100000]
loss: 2.318079  [61440/100000]
loss: 2.153665  [64000/100000]
loss: 2.132967  [66560/100000]
loss: 2.232939  [69120/100000]
loss: 2.241634  [71680/100000]
loss: 2.340483  [74240/100000]
loss: 2.285799  [76800/100000]
loss: 2.221350  [79360/100000]
loss: 2.109990  [81920/100000]
loss: 2.314756  [84480/100000]
loss: 2.284645  [87040/100000]
loss: 2.519574  [89600/100000]
loss: 2.210647  [92160/100000]
loss: 2.188050  [94720/100000]
loss: 2.047476  [97280/100000]
loss: 2.069169  [62400/100000]
Epoch 62 finished in 132.75 seconds

Current Learning Rate: 0.0001
Epoch 63
-------------------------------
loss: 2.414236  [    0/100000]
loss: 2.348166  [ 2560/100000]
loss: 2.316561  [ 5120/100000]
loss: 2.080457  [ 7680/100000]
loss: 2.037283  [10240/100000]
loss: 2.203867  [12800/100000]
loss: 2.171810  [15360/100000]
loss: 2.462891  [17920/100000]
loss: 2.053852  [20480/100000]
loss: 2.516494  [23040/100000]
loss: 2.351949  [25600/100000]
loss: 2.293053  [28160/100000]
loss: 2.324032  [30720/100000]
loss: 2.346720  [33280/100000]
loss: 2.232279  [35840/100000]
loss: 2.253078  [38400/100000]
loss: 2.184639  [40960/100000]
loss: 2.337502  [43520/100000]
loss: 2.069235  [46080/100000]
loss: 2.316769  [48640/100000]
loss: 2.367425  [51200/100000]
loss: 2.233820  [53760/100000]
loss: 2.284344  [56320/100000]
loss: 2.145400  [58880/100000]
loss: 2.236134  [61440/100000]
loss: 2.390204  [64000/100000]
loss: 2.426470  [66560/100000]
loss: 2.271821  [69120/100000]
loss: 2.265172  [71680/100000]
loss: 2.478969  [74240/100000]
loss: 2.231666  [76800/100000]
loss: 2.115686  [79360/100000]
loss: 2.030555  [81920/100000]
loss: 2.357626  [84480/100000]
loss: 2.286137  [87040/100000]
loss: 2.427511  [89600/100000]
loss: 2.238925  [92160/100000]
loss: 2.355849  [94720/100000]
loss: 2.183407  [97280/100000]
loss: 2.280570  [62400/100000]
Epoch 63 finished in 132.72 seconds

Current Learning Rate: 0.0001
Epoch 64
-------------------------------
loss: 2.360795  [    0/100000]
loss: 2.356125  [ 2560/100000]
loss: 2.105500  [ 5120/100000]
loss: 2.259166  [ 7680/100000]
loss: 2.325216  [10240/100000]
loss: 2.205465  [12800/100000]
loss: 2.317194  [15360/100000]
loss: 2.270799  [17920/100000]
loss: 2.184284  [20480/100000]
loss: 2.509252  [23040/100000]
loss: 2.323378  [25600/100000]
loss: 2.340394  [28160/100000]
loss: 2.373424  [30720/100000]
loss: 2.196583  [33280/100000]
loss: 2.346648  [35840/100000]
loss: 2.209187  [38400/100000]
loss: 2.453002  [40960/100000]
loss: 2.260784  [43520/100000]
loss: 2.325537  [46080/100000]
loss: 2.170617  [48640/100000]
loss: 2.379896  [51200/100000]
loss: 2.064821  [53760/100000]
loss: 2.241003  [56320/100000]
loss: 2.161451  [58880/100000]
loss: 2.135693  [61440/100000]
loss: 2.249545  [64000/100000]
loss: 2.108791  [66560/100000]
loss: 2.254760  [69120/100000]
loss: 2.328690  [71680/100000]
loss: 2.190474  [74240/100000]
loss: 2.242713  [76800/100000]
loss: 2.362753  [79360/100000]
loss: 2.385972  [81920/100000]
loss: 2.369207  [84480/100000]
loss: 2.311531  [87040/100000]
loss: 2.360518  [89600/100000]
loss: 2.182301  [92160/100000]
loss: 2.400505  [94720/100000]
loss: 2.241180  [97280/100000]
loss: 2.244868  [62400/100000]
Epoch 64 finished in 132.63 seconds

Current Learning Rate: 0.0001
Epoch 65
-------------------------------
loss: 2.455598  [    0/100000]
loss: 2.326739  [ 2560/100000]
loss: 2.308695  [ 5120/100000]
loss: 2.316175  [ 7680/100000]
loss: 2.385031  [10240/100000]
loss: 2.192073  [12800/100000]
loss: 2.248385  [15360/100000]
loss: 2.256676  [17920/100000]
loss: 2.254408  [20480/100000]
loss: 2.153967  [23040/100000]
loss: 2.145618  [25600/100000]
loss: 2.236058  [28160/100000]
loss: 2.339892  [30720/100000]
loss: 2.134622  [33280/100000]
loss: 2.256991  [35840/100000]
loss: 2.289396  [38400/100000]
loss: 2.380883  [40960/100000]
loss: 2.175530  [43520/100000]
loss: 2.336935  [46080/100000]
loss: 2.382444  [48640/100000]
loss: 2.255484  [51200/100000]
loss: 2.201579  [53760/100000]
loss: 2.308999  [56320/100000]
loss: 2.495159  [58880/100000]
loss: 2.090854  [61440/100000]
loss: 2.493473  [64000/100000]
loss: 2.346178  [66560/100000]
loss: 2.212858  [69120/100000]
loss: 2.389559  [71680/100000]
loss: 2.434100  [74240/100000]
loss: 2.049758  [76800/100000]
loss: 2.159913  [79360/100000]
loss: 2.475341  [81920/100000]
loss: 2.135537  [84480/100000]
loss: 2.444932  [87040/100000]
loss: 2.256380  [89600/100000]
loss: 2.032508  [92160/100000]
loss: 2.258523  [94720/100000]
loss: 2.308068  [97280/100000]
loss: 2.208061  [62400/100000]
Epoch 65 finished in 132.68 seconds

Test Error: 
 Accuracy: 38.5%, Avg loss: 2.619542 

==> New Best Accuracy: 38.54%! Model Saved.
Current Learning Rate: 0.0001
Epoch 66
-------------------------------
loss: 2.235217  [    0/100000]
loss: 2.183780  [ 2560/100000]
loss: 2.289890  [ 5120/100000]
loss: 2.098650  [ 7680/100000]
loss: 2.141060  [10240/100000]
loss: 2.258822  [12800/100000]
loss: 2.155468  [15360/100000]
loss: 2.390613  [17920/100000]
loss: 2.080204  [20480/100000]
loss: 2.118609  [23040/100000]
loss: 2.095446  [25600/100000]
loss: 2.124671  [28160/100000]
loss: 2.171064  [30720/100000]
loss: 2.147263  [33280/100000]
loss: 2.240655  [35840/100000]
loss: 2.056910  [38400/100000]
loss: 2.178148  [40960/100000]
loss: 2.261480  [43520/100000]
loss: 2.382346  [46080/100000]
loss: 2.261241  [48640/100000]
loss: 2.381006  [51200/100000]
loss: 2.257335  [53760/100000]
loss: 2.244367  [56320/100000]
loss: 2.382271  [58880/100000]
loss: 2.339454  [61440/100000]
loss: 2.098423  [64000/100000]
loss: 2.419923  [66560/100000]
loss: 2.086805  [69120/100000]
loss: 2.454867  [71680/100000]
loss: 2.173073  [74240/100000]
loss: 2.261281  [76800/100000]
loss: 2.388166  [79360/100000]
loss: 2.150688  [81920/100000]
loss: 2.335968  [84480/100000]
loss: 2.110303  [87040/100000]
loss: 2.230152  [89600/100000]
loss: 2.287629  [92160/100000]
loss: 2.337020  [94720/100000]
loss: 2.318495  [97280/100000]
loss: 2.230566  [62400/100000]
Epoch 66 finished in 132.74 seconds

Current Learning Rate: 0.0001
Epoch 67
-------------------------------
loss: 2.265332  [    0/100000]
loss: 2.347293  [ 2560/100000]
loss: 2.393724  [ 5120/100000]
loss: 2.120602  [ 7680/100000]
loss: 2.254720  [10240/100000]
loss: 2.322114  [12800/100000]
loss: 2.358527  [15360/100000]
loss: 2.331927  [17920/100000]
loss: 2.179592  [20480/100000]
loss: 2.458976  [23040/100000]
loss: 2.359811  [25600/100000]
loss: 2.117829  [28160/100000]
loss: 2.382646  [30720/100000]
loss: 2.334587  [33280/100000]
loss: 2.516722  [35840/100000]
loss: 2.304483  [38400/100000]
loss: 2.068531  [40960/100000]
loss: 2.188898  [43520/100000]
loss: 2.171090  [46080/100000]
loss: 2.137117  [48640/100000]
loss: 2.235317  [51200/100000]
loss: 2.128123  [53760/100000]
loss: 2.270290  [56320/100000]
loss: 2.150756  [58880/100000]
loss: 2.244400  [61440/100000]
loss: 2.236454  [64000/100000]
loss: 2.550354  [66560/100000]
loss: 2.161078  [69120/100000]
loss: 2.301393  [71680/100000]
loss: 2.326514  [74240/100000]
loss: 2.285716  [76800/100000]
loss: 2.317491  [79360/100000]
loss: 2.084638  [81920/100000]
loss: 2.248085  [84480/100000]
loss: 2.218184  [87040/100000]
loss: 2.388101  [89600/100000]
loss: 2.422895  [92160/100000]
loss: 2.177454  [94720/100000]
loss: 2.365066  [97280/100000]
loss: 2.346375  [62400/100000]
Epoch 67 finished in 132.66 seconds

Current Learning Rate: 0.0001
Epoch 68
-------------------------------
loss: 2.026411  [    0/100000]
loss: 2.121838  [ 2560/100000]
loss: 2.340198  [ 5120/100000]
loss: 2.310618  [ 7680/100000]
loss: 2.344816  [10240/100000]
loss: 2.302619  [12800/100000]
loss: 2.069657  [15360/100000]
loss: 2.312629  [17920/100000]
loss: 2.269589  [20480/100000]
loss: 2.055625  [23040/100000]
loss: 2.383847  [25600/100000]
loss: 2.363820  [28160/100000]
loss: 2.247157  [30720/100000]
loss: 2.202969  [33280/100000]
loss: 2.216754  [35840/100000]
loss: 2.129016  [38400/100000]
loss: 2.488927  [40960/100000]
loss: 2.166877  [43520/100000]
loss: 2.188471  [46080/100000]
loss: 2.334020  [48640/100000]
loss: 2.249352  [51200/100000]
loss: 2.277055  [53760/100000]
loss: 2.117994  [56320/100000]
loss: 2.266028  [58880/100000]
loss: 2.116358  [61440/100000]
loss: 2.291668  [64000/100000]
loss: 2.489179  [66560/100000]
loss: 2.282586  [69120/100000]
loss: 2.558826  [71680/100000]
loss: 2.299994  [74240/100000]
loss: 2.141574  [76800/100000]
loss: 2.374763  [79360/100000]
loss: 2.340551  [81920/100000]
loss: 2.326138  [84480/100000]
loss: 2.453855  [87040/100000]
loss: 2.317211  [89600/100000]
loss: 2.380704  [92160/100000]
loss: 2.426681  [94720/100000]
loss: 2.126917  [97280/100000]
loss: 2.381618  [62400/100000]
Epoch 68 finished in 132.58 seconds

Current Learning Rate: 0.0001
Epoch 69
-------------------------------
loss: 2.304903  [    0/100000]
loss: 2.338802  [ 2560/100000]
loss: 2.471298  [ 5120/100000]
loss: 2.143361  [ 7680/100000]
loss: 2.209874  [10240/100000]
loss: 2.145341  [12800/100000]
loss: 2.152210  [15360/100000]
loss: 2.287941  [17920/100000]
loss: 2.144723  [20480/100000]
loss: 2.151829  [23040/100000]
loss: 2.304159  [25600/100000]
loss: 2.252978  [28160/100000]
loss: 2.406374  [30720/100000]
loss: 2.314717  [33280/100000]
loss: 2.107145  [35840/100000]
loss: 2.164180  [38400/100000]
loss: 2.029546  [40960/100000]
loss: 2.279477  [43520/100000]
loss: 2.212171  [46080/100000]
loss: 2.300233  [48640/100000]
loss: 2.480475  [51200/100000]
loss: 2.412308  [53760/100000]
loss: 2.080828  [56320/100000]
loss: 2.272552  [58880/100000]
loss: 2.141315  [61440/100000]
loss: 2.083317  [64000/100000]
loss: 2.379073  [66560/100000]
loss: 2.230217  [69120/100000]
loss: 2.088313  [71680/100000]
loss: 2.302989  [74240/100000]
loss: 2.349633  [76800/100000]
loss: 2.377767  [79360/100000]
loss: 2.272588  [81920/100000]
loss: 2.237651  [84480/100000]
loss: 2.275073  [87040/100000]
loss: 2.442704  [89600/100000]
loss: 2.273985  [92160/100000]
loss: 2.283748  [94720/100000]
loss: 2.279690  [97280/100000]
loss: 2.179212  [62400/100000]
Epoch 69 finished in 132.68 seconds

Current Learning Rate: 0.0001
Epoch 70
-------------------------------
loss: 2.346726  [    0/100000]
loss: 2.294712  [ 2560/100000]
loss: 2.139781  [ 5120/100000]
loss: 2.278071  [ 7680/100000]
loss: 2.296577  [10240/100000]
loss: 2.089196  [12800/100000]
loss: 2.438839  [15360/100000]
loss: 2.325160  [17920/100000]
loss: 2.138810  [20480/100000]
loss: 2.047672  [23040/100000]
loss: 2.156612  [25600/100000]
loss: 2.081809  [28160/100000]
loss: 2.364031  [30720/100000]
loss: 2.395912  [33280/100000]
loss: 2.227651  [35840/100000]
loss: 2.239864  [38400/100000]
loss: 2.072250  [40960/100000]
loss: 2.154033  [43520/100000]
loss: 2.404396  [46080/100000]
loss: 2.265860  [48640/100000]
loss: 2.083181  [51200/100000]
loss: 2.320645  [53760/100000]
loss: 2.226431  [56320/100000]
loss: 2.266183  [58880/100000]
loss: 2.472804  [61440/100000]
loss: 2.134044  [64000/100000]
loss: 2.041136  [66560/100000]
loss: 2.119560  [69120/100000]
loss: 2.037407  [71680/100000]
loss: 2.269372  [74240/100000]
loss: 2.203059  [76800/100000]
loss: 2.059250  [79360/100000]
loss: 2.479794  [81920/100000]
loss: 2.240538  [84480/100000]
loss: 2.412105  [87040/100000]
loss: 2.170699  [89600/100000]
loss: 2.429753  [92160/100000]
loss: 2.255390  [94720/100000]
loss: 2.383404  [97280/100000]
loss: 1.968423  [62400/100000]
Epoch 70 finished in 132.71 seconds

Test Error: 
 Accuracy: 38.9%, Avg loss: 2.572290 

==> New Best Accuracy: 38.90%! Model Saved.
Current Learning Rate: 1e-05
Epoch 71
-------------------------------
loss: 2.338971  [    0/100000]
loss: 2.315302  [ 2560/100000]
loss: 2.350930  [ 5120/100000]
loss: 2.244515  [ 7680/100000]
loss: 2.198282  [10240/100000]
loss: 2.209285  [12800/100000]
loss: 2.192774  [15360/100000]
loss: 2.110739  [17920/100000]
loss: 2.193362  [20480/100000]
loss: 2.329329  [23040/100000]
loss: 2.139871  [25600/100000]
loss: 2.228246  [28160/100000]
loss: 2.105289  [30720/100000]
loss: 2.156281  [33280/100000]
loss: 2.403642  [35840/100000]
loss: 2.322488  [38400/100000]
loss: 2.248976  [40960/100000]
loss: 2.412915  [43520/100000]
loss: 2.237521  [46080/100000]
loss: 2.230922  [48640/100000]
loss: 2.461256  [51200/100000]
loss: 2.303033  [53760/100000]
loss: 2.295763  [56320/100000]
loss: 2.402826  [58880/100000]
loss: 2.003833  [61440/100000]
loss: 2.300890  [64000/100000]
loss: 2.086732  [66560/100000]
loss: 2.357068  [69120/100000]
loss: 2.149433  [71680/100000]
loss: 2.178099  [74240/100000]
loss: 2.276820  [76800/100000]
loss: 2.207617  [79360/100000]
loss: 2.116013  [81920/100000]
loss: 2.177786  [84480/100000]
loss: 2.134499  [87040/100000]
loss: 2.149636  [89600/100000]
loss: 2.216048  [92160/100000]
loss: 2.277741  [94720/100000]
loss: 2.278877  [97280/100000]
loss: 2.617586  [62400/100000]
Epoch 71 finished in 132.82 seconds

Current Learning Rate: 1e-05
Epoch 72
-------------------------------
loss: 2.150392  [    0/100000]
loss: 2.254679  [ 2560/100000]
loss: 2.348197  [ 5120/100000]
loss: 2.136214  [ 7680/100000]
loss: 2.123934  [10240/100000]
loss: 2.272941  [12800/100000]
loss: 2.412109  [15360/100000]
loss: 2.443629  [17920/100000]
loss: 2.133009  [20480/100000]
loss: 2.378678  [23040/100000]
loss: 2.208776  [25600/100000]
loss: 2.422865  [28160/100000]
loss: 2.108717  [30720/100000]
loss: 2.353354  [33280/100000]
loss: 2.273688  [35840/100000]
loss: 2.045020  [38400/100000]
loss: 2.160610  [40960/100000]
loss: 2.311720  [43520/100000]
loss: 2.067987  [46080/100000]
loss: 2.287547  [48640/100000]
loss: 2.395138  [51200/100000]
loss: 2.196955  [53760/100000]
loss: 2.212269  [56320/100000]
loss: 2.258948  [58880/100000]
loss: 2.031843  [61440/100000]
loss: 2.094427  [64000/100000]
loss: 2.094058  [66560/100000]
loss: 2.074303  [69120/100000]
loss: 2.244724  [71680/100000]
loss: 2.294837  [74240/100000]
loss: 2.132726  [76800/100000]
loss: 2.217850  [79360/100000]
loss: 2.391603  [81920/100000]
loss: 2.322864  [84480/100000]
loss: 2.181926  [87040/100000]
loss: 2.250781  [89600/100000]
loss: 2.418031  [92160/100000]
loss: 2.297839  [94720/100000]
loss: 2.097470  [97280/100000]
loss: 2.109927  [62400/100000]
Epoch 72 finished in 132.76 seconds

Current Learning Rate: 1e-05
Epoch 73
-------------------------------
loss: 2.184492  [    0/100000]
loss: 2.130770  [ 2560/100000]
loss: 2.205751  [ 5120/100000]
loss: 2.281339  [ 7680/100000]
loss: 2.150705  [10240/100000]
loss: 2.155648  [12800/100000]
loss: 2.421674  [15360/100000]
loss: 2.382766  [17920/100000]
loss: 2.142035  [20480/100000]
loss: 2.362316  [23040/100000]
loss: 2.280946  [25600/100000]
loss: 2.459958  [28160/100000]
loss: 2.376716  [30720/100000]
loss: 2.148487  [33280/100000]
loss: 2.165950  [35840/100000]
loss: 2.349738  [38400/100000]
loss: 2.353703  [40960/100000]
loss: 2.431376  [43520/100000]
loss: 2.114748  [46080/100000]
loss: 2.054600  [48640/100000]
loss: 2.290947  [51200/100000]
loss: 2.248916  [53760/100000]
loss: 2.297833  [56320/100000]
loss: 2.214613  [58880/100000]
loss: 2.300658  [61440/100000]
loss: 2.250091  [64000/100000]
loss: 2.406536  [66560/100000]
loss: 2.241634  [69120/100000]
loss: 2.129266  [71680/100000]
loss: 2.339792  [74240/100000]
loss: 2.255521  [76800/100000]
loss: 2.410761  [79360/100000]
loss: 2.394810  [81920/100000]
loss: 2.080986  [84480/100000]
loss: 2.248121  [87040/100000]
loss: 2.159203  [89600/100000]
loss: 2.390945  [92160/100000]
loss: 2.289523  [94720/100000]
loss: 2.346249  [97280/100000]
loss: 2.183419  [62400/100000]
Epoch 73 finished in 132.71 seconds

Current Learning Rate: 1e-05
Epoch 74
-------------------------------
loss: 2.161976  [    0/100000]
loss: 2.085175  [ 2560/100000]
loss: 2.245499  [ 5120/100000]
loss: 2.074092  [ 7680/100000]
loss: 2.255698  [10240/100000]
loss: 2.399662  [12800/100000]
loss: 2.088754  [15360/100000]
loss: 2.410301  [17920/100000]
loss: 2.107563  [20480/100000]
loss: 2.189133  [23040/100000]
loss: 2.462350  [25600/100000]
loss: 2.154144  [28160/100000]
loss: 2.322216  [30720/100000]
loss: 2.248286  [33280/100000]
loss: 2.375269  [35840/100000]
loss: 2.142414  [38400/100000]
loss: 2.059814  [40960/100000]
loss: 2.217925  [43520/100000]
loss: 2.234625  [46080/100000]
loss: 2.088214  [48640/100000]
loss: 2.182195  [51200/100000]
loss: 2.354749  [53760/100000]
loss: 2.047759  [56320/100000]
loss: 1.982927  [58880/100000]
loss: 2.243950  [61440/100000]
loss: 2.185236  [64000/100000]
loss: 2.204696  [66560/100000]
loss: 2.184144  [69120/100000]
loss: 2.306316  [71680/100000]
loss: 2.356441  [74240/100000]
loss: 2.127739  [76800/100000]
loss: 1.920099  [79360/100000]
loss: 2.491078  [81920/100000]
loss: 2.233313  [84480/100000]
loss: 2.198842  [87040/100000]
loss: 2.230670  [89600/100000]
loss: 2.136326  [92160/100000]
loss: 2.285737  [94720/100000]
loss: 2.127541  [97280/100000]
loss: 2.261443  [62400/100000]
Epoch 74 finished in 132.70 seconds

Current Learning Rate: 1e-05
Epoch 75
-------------------------------
loss: 2.140978  [    0/100000]
loss: 2.379050  [ 2560/100000]
loss: 2.207082  [ 5120/100000]
loss: 2.259281  [ 7680/100000]
loss: 2.184676  [10240/100000]
loss: 2.297052  [12800/100000]
loss: 2.219446  [15360/100000]
loss: 2.353963  [17920/100000]
loss: 2.231275  [20480/100000]
loss: 2.374402  [23040/100000]
loss: 2.091158  [25600/100000]
loss: 2.185094  [28160/100000]
loss: 2.114395  [30720/100000]
loss: 2.135602  [33280/100000]
loss: 1.971669  [35840/100000]
loss: 2.081704  [38400/100000]
loss: 2.302882  [40960/100000]
loss: 2.419920  [43520/100000]
loss: 2.242898  [46080/100000]
loss: 2.311205  [48640/100000]
loss: 2.373865  [51200/100000]
loss: 2.139542  [53760/100000]
loss: 2.213688  [56320/100000]
loss: 2.233848  [58880/100000]
loss: 2.251996  [61440/100000]
loss: 2.233756  [64000/100000]
loss: 2.196678  [66560/100000]
loss: 2.485982  [69120/100000]
loss: 2.077725  [71680/100000]
loss: 2.350109  [74240/100000]
loss: 2.309051  [76800/100000]
loss: 1.875013  [79360/100000]
loss: 2.216207  [81920/100000]
loss: 2.254067  [84480/100000]
loss: 2.266045  [87040/100000]
loss: 2.304521  [89600/100000]
loss: 2.155180  [92160/100000]
loss: 2.257431  [94720/100000]
loss: 2.246872  [97280/100000]
loss: 2.075760  [62400/100000]
Epoch 75 finished in 132.70 seconds

Test Error: 
 Accuracy: 39.0%, Avg loss: 2.563844 

==> New Best Accuracy: 39.02%! Model Saved.
Current Learning Rate: 1e-05
Epoch 76
-------------------------------
loss: 2.325107  [    0/100000]
loss: 2.206294  [ 2560/100000]
loss: 2.103125  [ 5120/100000]
loss: 2.036457  [ 7680/100000]
loss: 2.192722  [10240/100000]
loss: 2.183354  [12800/100000]
loss: 2.429441  [15360/100000]
loss: 2.267118  [17920/100000]
loss: 2.163980  [20480/100000]
loss: 2.392111  [23040/100000]
loss: 1.942722  [25600/100000]
loss: 2.106868  [28160/100000]
loss: 2.296664  [30720/100000]
loss: 2.159983  [33280/100000]
loss: 2.124334  [35840/100000]
loss: 2.286531  [38400/100000]
loss: 2.383781  [40960/100000]
loss: 2.283605  [43520/100000]
loss: 2.277332  [46080/100000]
loss: 2.245518  [48640/100000]
loss: 2.292346  [51200/100000]
loss: 2.158810  [53760/100000]
loss: 2.209755  [56320/100000]
loss: 2.241132  [58880/100000]
loss: 2.161287  [61440/100000]
loss: 2.449602  [64000/100000]
loss: 2.245143  [66560/100000]
loss: 2.031518  [69120/100000]
loss: 2.247829  [71680/100000]
loss: 2.132218  [74240/100000]
loss: 1.878206  [76800/100000]
loss: 2.163233  [79360/100000]
loss: 2.176521  [81920/100000]
loss: 2.314805  [84480/100000]
loss: 2.499225  [87040/100000]
loss: 2.170118  [89600/100000]
loss: 2.418683  [92160/100000]
loss: 2.237681  [94720/100000]
loss: 2.264709  [97280/100000]
loss: 2.453875  [62400/100000]
Epoch 76 finished in 132.61 seconds

Current Learning Rate: 1e-05
Epoch 77
-------------------------------
loss: 2.064852  [    0/100000]
loss: 2.300269  [ 2560/100000]
loss: 2.019521  [ 5120/100000]
loss: 2.104337  [ 7680/100000]
loss: 2.073661  [10240/100000]
loss: 2.167354  [12800/100000]
loss: 2.461703  [15360/100000]
loss: 2.239156  [17920/100000]
loss: 2.263451  [20480/100000]
loss: 2.087280  [23040/100000]
loss: 2.254151  [25600/100000]
loss: 2.314046  [28160/100000]
loss: 2.296035  [30720/100000]
loss: 2.202655  [33280/100000]
loss: 2.295104  [35840/100000]
loss: 2.271346  [38400/100000]
loss: 2.196853  [40960/100000]
loss: 2.272691  [43520/100000]
loss: 2.335337  [46080/100000]
loss: 2.095041  [48640/100000]
loss: 2.195105  [51200/100000]
loss: 2.282030  [53760/100000]
loss: 2.355900  [56320/100000]
loss: 2.350936  [58880/100000]
loss: 2.444043  [61440/100000]
loss: 2.163642  [64000/100000]
loss: 2.144639  [66560/100000]
loss: 2.358907  [69120/100000]
loss: 2.149301  [71680/100000]
loss: 2.276042  [74240/100000]
loss: 2.233469  [76800/100000]
loss: 2.276283  [79360/100000]
loss: 2.213823  [81920/100000]
loss: 2.224907  [84480/100000]
loss: 2.111590  [87040/100000]
loss: 2.163425  [89600/100000]
loss: 2.398414  [92160/100000]
loss: 2.390820  [94720/100000]
loss: 2.534932  [97280/100000]
loss: 2.351972  [62400/100000]
Epoch 77 finished in 132.67 seconds

Current Learning Rate: 1e-05
Epoch 78
-------------------------------
loss: 2.214018  [    0/100000]
loss: 2.221349  [ 2560/100000]
loss: 2.227703  [ 5120/100000]
loss: 2.265284  [ 7680/100000]
loss: 2.308714  [10240/100000]
loss: 1.922078  [12800/100000]
loss: 2.218953  [15360/100000]
loss: 2.090182  [17920/100000]
loss: 2.173208  [20480/100000]
loss: 2.321686  [23040/100000]
loss: 2.381830  [25600/100000]
loss: 2.594705  [28160/100000]
loss: 2.198920  [30720/100000]
loss: 2.165663  [33280/100000]
loss: 2.261623  [35840/100000]
loss: 2.150133  [38400/100000]
loss: 2.203656  [40960/100000]
loss: 2.125414  [43520/100000]
loss: 2.152701  [46080/100000]
loss: 2.164127  [48640/100000]
loss: 2.215425  [51200/100000]
loss: 2.159956  [53760/100000]
loss: 2.249341  [56320/100000]
loss: 2.284086  [58880/100000]
loss: 2.342002  [61440/100000]
loss: 2.319393  [64000/100000]
loss: 2.153579  [66560/100000]
loss: 2.219592  [69120/100000]
loss: 2.393438  [71680/100000]
loss: 2.240472  [74240/100000]
loss: 2.218158  [76800/100000]
loss: 2.218301  [79360/100000]
loss: 2.209068  [81920/100000]
loss: 2.159753  [84480/100000]
loss: 2.255459  [87040/100000]
loss: 2.091501  [89600/100000]
loss: 2.163609  [92160/100000]
loss: 2.042333  [94720/100000]
loss: 2.173995  [97280/100000]
loss: 2.225394  [62400/100000]
Epoch 78 finished in 132.67 seconds

Current Learning Rate: 1e-05
Epoch 79
-------------------------------
loss: 2.311723  [    0/100000]
loss: 2.272485  [ 2560/100000]
loss: 2.158309  [ 5120/100000]
loss: 2.148395  [ 7680/100000]
loss: 2.301044  [10240/100000]
loss: 2.294043  [12800/100000]
loss: 2.311081  [15360/100000]
loss: 2.081081  [17920/100000]
loss: 2.249275  [20480/100000]
loss: 2.171174  [23040/100000]
loss: 2.270915  [25600/100000]
loss: 2.230873  [28160/100000]
loss: 2.243021  [30720/100000]
loss: 2.155763  [33280/100000]
loss: 2.205289  [35840/100000]
loss: 2.286646  [38400/100000]
loss: 2.164998  [40960/100000]
loss: 2.237203  [43520/100000]
loss: 2.210437  [46080/100000]
loss: 2.306954  [48640/100000]
loss: 2.304957  [51200/100000]
loss: 2.236578  [53760/100000]
loss: 2.276662  [56320/100000]
loss: 2.074057  [58880/100000]
loss: 2.272788  [61440/100000]
loss: 2.265335  [64000/100000]
loss: 2.148692  [66560/100000]
loss: 2.074501  [69120/100000]
loss: 2.184669  [71680/100000]
loss: 2.110228  [74240/100000]
loss: 2.296377  [76800/100000]
loss: 2.184381  [79360/100000]
loss: 2.463691  [81920/100000]
loss: 2.322308  [84480/100000]
loss: 2.379432  [87040/100000]
loss: 2.125843  [89600/100000]
loss: 2.087428  [92160/100000]
loss: 2.319192  [94720/100000]
loss: 2.107344  [97280/100000]
loss: 2.248080  [62400/100000]
Epoch 79 finished in 132.59 seconds

Current Learning Rate: 1e-05
Epoch 80
-------------------------------
loss: 2.156742  [    0/100000]
loss: 2.215912  [ 2560/100000]
loss: 2.111672  [ 5120/100000]
loss: 2.130463  [ 7680/100000]
loss: 2.251091  [10240/100000]
loss: 2.015019  [12800/100000]
loss: 2.360614  [15360/100000]
loss: 2.308741  [17920/100000]
loss: 2.199480  [20480/100000]
loss: 2.043411  [23040/100000]
loss: 2.263140  [25600/100000]
loss: 2.190341  [28160/100000]
loss: 2.376182  [30720/100000]
loss: 2.145875  [33280/100000]
loss: 2.321614  [35840/100000]
loss: 2.244314  [38400/100000]
loss: 2.097476  [40960/100000]
loss: 2.103976  [43520/100000]
loss: 2.018503  [46080/100000]
loss: 2.302127  [48640/100000]
loss: 2.452240  [51200/100000]
loss: 2.028509  [53760/100000]
loss: 2.272307  [56320/100000]
loss: 2.314409  [58880/100000]
loss: 2.172088  [61440/100000]
loss: 1.983930  [64000/100000]
loss: 2.398130  [66560/100000]
loss: 2.019953  [69120/100000]
loss: 2.163871  [71680/100000]
loss: 2.173934  [74240/100000]
loss: 2.436386  [76800/100000]
loss: 1.990412  [79360/100000]
loss: 2.089711  [81920/100000]
loss: 2.441261  [84480/100000]
loss: 2.152891  [87040/100000]
loss: 2.270027  [89600/100000]
loss: 2.120059  [92160/100000]
loss: 2.200581  [94720/100000]
loss: 2.116847  [97280/100000]
loss: 2.420205  [62400/100000]
Epoch 80 finished in 132.72 seconds

Test Error: 
 Accuracy: 38.8%, Avg loss: 2.615734 

Training Finished. Best Accuracy: 39.02%
